2025-04-08 21:33:06,528 - INFO - Loaded 5391 tickers from tickerlist.txt
2025-04-08 21:33:06,538 - INFO - Retrieving data for AAPL
2025-04-08 21:33:06,418 - INFO - Inserted/updated 3840 records for AAPL
2025-04-08 21:33:07,419 - INFO - Retrieving data for MSFT
2025-04-08 21:33:08,554 - INFO - Inserted/updated 3840 records for MSFT
2025-04-08 21:33:09,557 - INFO - Retrieving data for UNH
2025-04-08 21:33:10,587 - INFO - Inserted/updated 3840 records for UNH
2025-04-08 21:33:11,596 - INFO - Retrieving data for JNJ
2025-04-08 21:33:12,720 - INFO - Inserted/updated 3840 records for JNJ
2025-04-08 21:33:13,732 - INFO - Retrieving data for V
2025-04-08 21:33:14,587 - INFO - Inserted/updated 3840 records for V
2025-04-08 21:33:15,588 - INFO - Retrieving data for TSM
2025-04-08 21:33:16,925 - INFO - Inserted/updated 3840 records for TSM
2025-04-08 21:33:18,006 - INFO - Retrieving data for XOM
2025-04-08 21:33:19,129 - INFO - Inserted/updated 3840 records for XOM
2025-04-08 21:33:20,144 - INFO - Retrieving data for WMT
2025-04-08 21:33:21,185 - INFO - Inserted/updated 3840 records for WMT
2025-04-08 21:33:22,207 - INFO - Retrieving data for JPM
2025-04-08 21:33:23,295 - INFO - Inserted/updated 3840 records for JPM
2025-04-08 21:33:24,304 - INFO - Retrieving data for PG
2025-04-08 21:33:25,253 - INFO - Inserted/updated 3840 records for PG
2025-04-08 21:33:26,284 - INFO - Retrieving data for NVDA
2025-04-08 21:33:27,304 - INFO - Inserted/updated 3840 records for NVDA
2025-04-08 21:33:28,311 - INFO - Retrieving data for MA
2025-04-08 21:33:29,282 - INFO - Inserted/updated 3840 records for MA
2025-04-08 21:33:30,288 - INFO - Retrieving data for CVX
2025-04-08 21:33:31,341 - INFO - Inserted/updated 3840 records for CVX
2025-04-08 21:33:32,344 - INFO - Retrieving data for TSLA
2025-04-08 21:33:33,302 - INFO - Inserted/updated 3718 records for TSLA
2025-04-08 21:33:34,306 - INFO - Retrieving data for LLY
2025-04-08 21:33:35,414 - INFO - Inserted/updated 3840 records for LLY
2025-04-08 21:33:36,426 - INFO - Retrieving data for HD
2025-04-08 21:33:37,414 - INFO - Inserted/updated 3840 records for HD
2025-04-08 21:33:37,013 - INFO - Retrieving data for BAC
2025-04-08 21:33:37,964 - INFO - Inserted/updated 3840 records for BAC
2025-04-08 21:33:38,965 - INFO - Retrieving data for PFE
2025-04-08 21:33:39,977 - INFO - Inserted/updated 3840 records for PFE
2025-04-08 21:33:40,984 - INFO - Retrieving data for KO
2025-04-08 21:33:42,012 - INFO - Inserted/updated 3840 records for KO
2025-04-08 21:33:43,047 - INFO - Retrieving data for ABBV
2025-04-08 21:33:43,943 - INFO - Inserted/updated 3086 records for ABBV
2025-04-08 21:33:44,945 - INFO - Retrieving data for BABA
2025-04-08 21:33:45,851 - INFO - Inserted/updated 2654 records for BABA
2025-04-08 21:33:46,857 - INFO - Retrieving data for NVO
2025-04-08 21:33:47,863 - INFO - Inserted/updated 3840 records for NVO
2025-04-08 21:33:48,877 - INFO - Retrieving data for PEP
2025-04-08 21:33:50,091 - INFO - Inserted/updated 3840 records for PEP
2025-04-08 21:33:51,101 - INFO - Retrieving data for COST
2025-04-08 21:33:52,078 - INFO - Inserted/updated 3840 records for COST
2025-04-08 21:33:53,088 - INFO - Retrieving data for MRK
2025-04-08 21:33:54,115 - INFO - Inserted/updated 3840 records for MRK
2025-04-08 21:33:55,116 - INFO - Retrieving data for TMO
2025-04-08 21:33:56,125 - INFO - Inserted/updated 3840 records for TMO
2025-04-08 21:33:57,128 - INFO - Retrieving data for AVGO
2025-04-08 21:33:58,094 - INFO - Inserted/updated 3840 records for AVGO
2025-04-08 21:33:59,096 - INFO - Retrieving data for DHR
2025-04-08 21:34:00,139 - INFO - Inserted/updated 3840 records for DHR
2025-04-08 21:34:01,142 - INFO - Retrieving data for DIS
2025-04-08 21:34:02,407 - INFO - Inserted/updated 3840 records for DIS
2025-04-08 21:34:03,414 - INFO - Retrieving data for TM
2025-04-08 21:34:05,047 - INFO - Inserted/updated 3840 records for TM
2025-04-08 21:34:06,048 - INFO - Retrieving data for MCD
2025-04-08 21:34:07,081 - INFO - Inserted/updated 3840 records for MCD
2025-04-08 21:34:08,084 - INFO - Retrieving data for ASML
2025-04-08 21:34:07,772 - INFO - Inserted/updated 3840 records for ASML
2025-04-08 21:34:08,776 - INFO - Retrieving data for ORCL
2025-04-08 21:34:09,843 - INFO - Inserted/updated 3840 records for ORCL
2025-04-08 21:34:10,846 - INFO - Retrieving data for ABT
2025-04-08 21:34:11,917 - INFO - Inserted/updated 3840 records for ABT
2025-04-08 21:34:12,919 - INFO - Retrieving data for CSCO
2025-04-08 21:34:14,114 - INFO - Inserted/updated 3840 records for CSCO
2025-04-08 21:34:15,115 - INFO - Retrieving data for NVS
2025-04-08 21:34:16,231 - INFO - Inserted/updated 3840 records for NVS
2025-04-08 21:34:17,234 - INFO - Retrieving data for AZN
2025-04-08 21:34:18,321 - INFO - Inserted/updated 3840 records for AZN
2025-04-08 21:34:19,327 - INFO - Retrieving data for TMUS
2025-04-08 21:34:20,284 - INFO - Inserted/updated 3840 records for TMUS
2025-04-08 21:34:21,323 - INFO - Retrieving data for WFC
2025-04-08 21:34:22,416 - INFO - Inserted/updated 3840 records for WFC
2025-04-08 21:34:23,418 - INFO - Retrieving data for ACN
2025-04-08 21:34:24,457 - INFO - Inserted/updated 3840 records for ACN
2025-04-08 21:34:25,458 - INFO - Retrieving data for NEE
2025-04-08 21:34:26,558 - INFO - Inserted/updated 3840 records for NEE
2025-04-08 21:34:27,569 - INFO - Retrieving data for NKE
2025-04-08 21:34:28,568 - INFO - Inserted/updated 3840 records for NKE
2025-04-08 21:34:29,570 - INFO - Retrieving data for UPS
2025-04-08 21:34:30,617 - INFO - Inserted/updated 3840 records for UPS
2025-04-08 21:34:31,619 - INFO - Retrieving data for BMY
2025-04-08 21:34:32,648 - INFO - Inserted/updated 3840 records for BMY
2025-04-08 21:34:33,756 - INFO - Retrieving data for MS
2025-04-08 21:34:34,953 - INFO - Inserted/updated 3840 records for MS
2025-04-08 21:34:35,959 - INFO - Retrieving data for CMCSA
2025-04-08 21:34:36,992 - INFO - Inserted/updated 3840 records for CMCSA
2025-04-08 21:34:37,994 - INFO - Retrieving data for CRM
2025-04-08 21:34:38,989 - INFO - Inserted/updated 3840 records for CRM
2025-04-08 21:34:38,587 - INFO - Retrieving data for COP
2025-04-08 21:34:39,688 - INFO - Inserted/updated 3840 records for COP
2025-04-08 21:34:40,690 - INFO - Retrieving data for TXN
2025-04-08 21:34:41,759 - INFO - Inserted/updated 3840 records for TXN
2025-04-08 21:34:42,761 - INFO - Retrieving data for ADBE
2025-04-08 21:34:43,782 - INFO - Inserted/updated 3840 records for ADBE
2025-04-08 21:34:44,783 - INFO - Retrieving data for PM
2025-04-08 21:34:45,783 - INFO - Inserted/updated 3840 records for PM
2025-04-08 21:34:46,785 - INFO - Retrieving data for LIN
2025-04-08 21:34:47,319 - INFO - Inserted/updated 1639 records for LIN
2025-04-08 21:34:48,323 - INFO - Retrieving data for UNP
2025-04-08 21:34:49,345 - INFO - Inserted/updated 3840 records for UNP
2025-04-08 21:34:50,348 - INFO - Retrieving data for QCOM
2025-04-08 21:34:51,477 - INFO - Inserted/updated 3840 records for QCOM
2025-04-08 21:34:52,479 - INFO - Retrieving data for RY
2025-04-08 21:34:53,507 - INFO - Inserted/updated 3840 records for RY
2025-04-08 21:34:54,521 - INFO - Retrieving data for SCHW
2025-04-08 21:34:55,563 - INFO - Inserted/updated 3840 records for SCHW
2025-04-08 21:34:56,564 - INFO - Retrieving data for CVS
2025-04-08 21:34:57,535 - INFO - Inserted/updated 3840 records for CVS
2025-04-08 21:34:58,539 - INFO - Retrieving data for BHP
2025-04-08 21:34:59,567 - INFO - Inserted/updated 3840 records for BHP
2025-04-08 21:35:00,568 - INFO - Retrieving data for TTE
2025-04-08 21:35:01,541 - INFO - Inserted/updated 3840 records for TTE
2025-04-08 21:35:02,544 - INFO - Retrieving data for LOW
2025-04-08 21:35:03,579 - INFO - Inserted/updated 3840 records for LOW
2025-04-08 21:35:04,581 - INFO - Retrieving data for AMGN
2025-04-08 21:35:05,802 - INFO - Inserted/updated 3840 records for AMGN
2025-04-08 21:35:06,804 - INFO - Retrieving data for RTX
2025-04-08 21:35:07,952 - INFO - Inserted/updated 3840 records for RTX
2025-04-08 21:35:09,034 - INFO - Retrieving data for ASTI
2025-04-08 21:35:10,106 - INFO - Inserted/updated 3821 records for ASTI
2025-04-08 21:35:09,726 - INFO - Retrieving data for HSBC
2025-04-08 21:35:10,748 - INFO - Inserted/updated 3840 records for HSBC
2025-04-08 21:35:11,752 - INFO - Retrieving data for HDB
2025-04-08 21:35:13,058 - INFO - Inserted/updated 3840 records for HDB
2025-04-08 21:35:14,059 - INFO - Retrieving data for MDT
2025-04-08 21:35:15,143 - INFO - Inserted/updated 3840 records for MDT
2025-04-08 21:35:16,148 - INFO - Retrieving data for HON
2025-04-08 21:35:17,265 - INFO - Inserted/updated 3840 records for HON
2025-04-08 21:35:18,269 - INFO - Retrieving data for TD
2025-04-08 21:35:19,288 - INFO - Inserted/updated 3840 records for TD
2025-04-08 21:35:20,290 - INFO - Retrieving data for AXP
2025-04-08 21:35:21,373 - INFO - Inserted/updated 3840 records for AXP
2025-04-08 21:35:22,375 - INFO - Retrieving data for T
2025-04-08 21:35:23,395 - INFO - Inserted/updated 3840 records for T
2025-04-08 21:35:24,397 - INFO - Retrieving data for INTU
2025-04-08 21:35:25,443 - INFO - Inserted/updated 3840 records for INTU
2025-04-08 21:35:26,448 - INFO - Retrieving data for INTC
2025-04-08 21:35:27,545 - INFO - Inserted/updated 3840 records for INTC
2025-04-08 21:35:28,546 - INFO - Retrieving data for EQNR
2025-04-08 21:35:29,097 - INFO - Inserted/updated 1734 records for EQNR
2025-04-08 21:35:30,101 - INFO - Retrieving data for UL
2025-04-08 21:35:31,100 - INFO - Inserted/updated 3840 records for UL
2025-04-08 21:35:32,102 - INFO - Retrieving data for LMT
2025-04-08 21:35:33,086 - INFO - Inserted/updated 3840 records for LMT
2025-04-08 21:35:34,090 - INFO - Retrieving data for PYPL
2025-04-08 21:35:34,765 - INFO - Inserted/updated 2446 records for PYPL
2025-04-08 21:35:35,766 - INFO - Retrieving data for IBM
2025-04-08 21:35:36,884 - INFO - Inserted/updated 3840 records for IBM
2025-04-08 21:35:37,887 - INFO - Retrieving data for AMT
2025-04-08 21:35:38,928 - INFO - Inserted/updated 3840 records for AMT
2025-04-08 21:35:39,946 - INFO - Retrieving data for GS
2025-04-08 21:35:40,947 - INFO - Inserted/updated 3840 records for GS
2025-04-08 21:35:40,544 - INFO - Retrieving data for DE
2025-04-08 21:35:41,607 - INFO - Inserted/updated 3840 records for DE
2025-04-08 21:35:42,610 - INFO - Retrieving data for SBUX
2025-04-08 21:35:43,627 - INFO - Inserted/updated 3840 records for SBUX
2025-04-08 21:35:44,630 - INFO - Retrieving data for NFLX
2025-04-08 21:35:45,619 - INFO - Inserted/updated 3840 records for NFLX
2025-04-08 21:35:46,622 - INFO - Retrieving data for BP
2025-04-08 21:35:47,656 - INFO - Inserted/updated 3840 records for BP
2025-04-08 21:35:48,698 - INFO - Retrieving data for SNY
2025-04-08 21:35:49,879 - INFO - Inserted/updated 3840 records for SNY
2025-04-08 21:35:50,882 - INFO - Retrieving data for DEO
2025-04-08 21:35:51,914 - INFO - Inserted/updated 3840 records for DEO
2025-04-08 21:35:52,917 - INFO - Retrieving data for SAP
2025-04-08 21:35:53,921 - INFO - Inserted/updated 3840 records for SAP
2025-04-08 21:35:54,923 - INFO - Retrieving data for CAT
2025-04-08 21:35:55,942 - INFO - Inserted/updated 3840 records for CAT
2025-04-08 21:35:56,945 - INFO - Retrieving data for ADP
2025-04-08 21:35:57,941 - INFO - Inserted/updated 3840 records for ADP
2025-04-08 21:35:58,945 - INFO - Retrieving data for C
2025-04-08 21:35:59,940 - INFO - Inserted/updated 3840 records for C
2025-04-08 21:36:00,941 - INFO - Retrieving data for CI
2025-04-08 21:36:02,027 - INFO - Inserted/updated 3840 records for CI
2025-04-08 21:36:03,034 - INFO - Retrieving data for BLK
2025-04-08 21:36:04,299 - INFO - Inserted/updated 3840 records for BLK
2025-04-08 21:36:05,303 - INFO - Retrieving data for JD
2025-04-08 21:36:05,990 - INFO - Inserted/updated 2737 records for JD
2025-04-08 21:36:06,993 - INFO - Retrieving data for AMD
2025-04-08 21:36:08,035 - INFO - Inserted/updated 3840 records for AMD
2025-04-08 21:36:09,037 - INFO - Retrieving data for BTI
2025-04-08 21:36:10,035 - INFO - Inserted/updated 3840 records for BTI
2025-04-08 21:36:11,044 - INFO - Retrieving data for SONY
2025-04-08 21:36:10,774 - INFO - Inserted/updated 3840 records for SONY
2025-04-08 21:36:11,775 - INFO - Retrieving data for RIO
2025-04-08 21:36:12,851 - INFO - Inserted/updated 3840 records for RIO
2025-04-08 21:36:13,852 - INFO - Retrieving data for EL
2025-04-08 21:36:14,874 - INFO - Inserted/updated 3840 records for EL
2025-04-08 21:36:15,920 - INFO - Retrieving data for BA
2025-04-08 21:36:16,894 - INFO - Inserted/updated 3840 records for BA
2025-04-08 21:36:17,923 - INFO - Retrieving data for NOW
2025-04-08 21:36:18,754 - INFO - Inserted/updated 3212 records for NOW
2025-04-08 21:36:19,757 - INFO - Retrieving data for PBR
2025-04-08 21:36:21,031 - INFO - Inserted/updated 3840 records for PBR
2025-04-08 21:36:22,032 - INFO - Retrieving data for PLD
2025-04-08 21:36:23,184 - INFO - Inserted/updated 3840 records for PLD
2025-04-08 21:36:24,187 - INFO - Retrieving data for BUD
2025-04-08 21:36:25,130 - INFO - Inserted/updated 3840 records for BUD
2025-04-08 21:36:26,133 - INFO - Retrieving data for PDD
2025-04-08 21:36:26,647 - INFO - Inserted/updated 1685 records for PDD
2025-04-08 21:36:27,652 - INFO - Retrieving data for SYK
2025-04-08 21:36:28,796 - INFO - Inserted/updated 3840 records for SYK
2025-04-08 21:36:29,798 - INFO - Retrieving data for ENB
2025-04-08 21:36:30,814 - INFO - Inserted/updated 3840 records for ENB
2025-04-08 21:36:31,817 - INFO - Retrieving data for CNI
2025-04-08 21:36:32,872 - INFO - Inserted/updated 3840 records for CNI
2025-04-08 21:36:33,873 - INFO - Retrieving data for SPGI
2025-04-08 21:36:34,893 - INFO - Inserted/updated 3840 records for SPGI
2025-04-08 21:36:35,895 - INFO - Retrieving data for MDLZ
2025-04-08 21:36:36,875 - INFO - Inserted/updated 3840 records for MDLZ
2025-04-08 21:36:37,876 - INFO - Retrieving data for CB
2025-04-08 21:36:39,014 - INFO - Inserted/updated 3840 records for CB
2025-04-08 21:36:40,016 - INFO - Retrieving data for SO
2025-04-08 21:36:41,033 - INFO - Inserted/updated 3840 records for SO
2025-04-08 21:36:42,035 - INFO - Retrieving data for DUK
2025-04-08 21:36:41,707 - INFO - Inserted/updated 3840 records for DUK
2025-04-08 21:36:42,712 - INFO - Retrieving data for GILD
2025-04-08 21:36:43,706 - INFO - Inserted/updated 3840 records for GILD
2025-04-08 21:36:44,711 - INFO - Retrieving data for IBN
2025-04-08 21:36:45,771 - INFO - Inserted/updated 3840 records for IBN
2025-04-08 21:36:46,774 - INFO - Retrieving data for BKNG
2025-04-08 21:36:47,770 - INFO - Inserted/updated 3840 records for BKNG
2025-04-08 21:36:48,773 - INFO - Retrieving data for ABNB
2025-04-08 21:36:49,170 - INFO - Inserted/updated 1086 records for ABNB
2025-04-08 21:36:50,181 - INFO - Retrieving data for MMC
2025-04-08 21:36:51,300 - INFO - Inserted/updated 3840 records for MMC
2025-04-08 21:36:52,302 - INFO - Retrieving data for TGT
2025-04-08 21:36:53,306 - INFO - Inserted/updated 3840 records for TGT
2025-04-08 21:36:54,315 - INFO - Retrieving data for AMAT
2025-04-08 21:36:55,341 - INFO - Inserted/updated 3840 records for AMAT
2025-04-08 21:36:56,344 - INFO - Retrieving data for GSK
2025-04-08 21:36:57,305 - INFO - Inserted/updated 3840 records for GSK
2025-04-08 21:36:58,308 - INFO - Retrieving data for ADI
2025-04-08 21:36:59,324 - INFO - Inserted/updated 3840 records for ADI
2025-04-08 21:37:00,337 - INFO - Retrieving data for TJX
2025-04-08 21:37:01,315 - INFO - Inserted/updated 3840 records for TJX
2025-04-08 21:37:02,321 - INFO - Retrieving data for MO
2025-04-08 21:37:03,415 - INFO - Inserted/updated 3840 records for MO
2025-04-08 21:37:04,420 - INFO - Retrieving data for BAM
2025-04-08 21:37:04,856 - INFO - Inserted/updated 589 records for BAM
2025-04-08 21:37:05,858 - INFO - Retrieving data for NOC
2025-04-08 21:37:06,909 - INFO - Inserted/updated 3840 records for NOC
2025-04-08 21:37:07,911 - INFO - Retrieving data for REGN
2025-04-08 21:37:08,958 - INFO - Inserted/updated 3840 records for REGN
2025-04-08 21:37:09,961 - INFO - Retrieving data for INFY
2025-04-08 21:37:11,052 - INFO - Inserted/updated 3840 records for INFY
2025-04-08 21:37:12,056 - INFO - Retrieving data for GE
2025-04-08 21:37:13,060 - INFO - Inserted/updated 3840 records for GE
2025-04-08 21:37:12,661 - INFO - Retrieving data for ZTS
2025-04-08 21:37:13,506 - INFO - Inserted/updated 3065 records for ZTS
2025-04-08 21:37:14,509 - INFO - Retrieving data for ISRG
2025-04-08 21:37:15,521 - INFO - Inserted/updated 3840 records for ISRG
2025-04-08 21:37:16,523 - INFO - Retrieving data for PGR
2025-04-08 21:37:17,951 - INFO - Inserted/updated 3840 records for PGR
2025-04-08 21:37:19,007 - INFO - Retrieving data for BDX
2025-04-08 21:37:20,127 - INFO - Inserted/updated 3840 records for BDX
2025-04-08 21:37:21,130 - INFO - Retrieving data for VRTX
2025-04-08 21:37:22,248 - INFO - Inserted/updated 3840 records for VRTX
2025-04-08 21:37:23,252 - INFO - Retrieving data for EOG
2025-04-08 21:37:24,284 - INFO - Inserted/updated 3840 records for EOG
2025-04-08 21:37:25,309 - INFO - Retrieving data for WM
2025-04-08 21:37:26,350 - INFO - Inserted/updated 3840 records for WM
2025-04-08 21:37:27,353 - INFO - Retrieving data for CP
2025-04-08 21:37:28,354 - INFO - Inserted/updated 3840 records for CP
2025-04-08 21:37:29,370 - INFO - Retrieving data for CCI
2025-04-08 21:37:30,477 - INFO - Inserted/updated 3840 records for CCI
2025-04-08 21:37:31,481 - INFO - Retrieving data for PNC
2025-04-08 21:37:32,483 - INFO - Inserted/updated 3840 records for PNC
2025-04-08 21:37:33,486 - INFO - Retrieving data for CME
2025-04-08 21:37:34,483 - INFO - Inserted/updated 3840 records for CME
2025-04-08 21:37:35,486 - INFO - Retrieving data for GOOGL
2025-04-08 21:37:36,485 - INFO - Inserted/updated 3840 records for GOOGL
2025-04-08 21:37:37,491 - INFO - Retrieving data for USB
2025-04-08 21:37:38,493 - INFO - Inserted/updated 3840 records for USB
2025-04-08 21:37:39,494 - INFO - Retrieving data for CHTR
2025-04-08 21:37:40,452 - INFO - Inserted/updated 3839 records for CHTR
2025-04-08 21:37:41,458 - INFO - Retrieving data for BX
2025-04-08 21:37:42,447 - INFO - Inserted/updated 3840 records for BX
2025-04-08 21:37:43,453 - INFO - Retrieving data for MMM
2025-04-08 21:37:44,499 - INFO - Inserted/updated 3840 records for MMM
2025-04-08 21:37:44,099 - INFO - Retrieving data for CSX
2025-04-08 21:37:45,074 - INFO - Inserted/updated 3840 records for CSX
2025-04-08 21:37:46,121 - INFO - Retrieving data for MUFG
2025-04-08 21:37:47,156 - INFO - Inserted/updated 3840 records for MUFG
2025-04-08 21:37:48,177 - INFO - Retrieving data for BNS
2025-04-08 21:37:49,166 - INFO - Inserted/updated 3840 records for BNS
2025-04-08 21:37:50,206 - INFO - Retrieving data for D
2025-04-08 21:37:51,236 - INFO - Inserted/updated 3840 records for D
2025-04-08 21:37:52,238 - INFO - Retrieving data for HCA
2025-04-08 21:37:53,149 - INFO - Inserted/updated 3542 records for HCA
2025-04-08 21:37:54,152 - INFO - Retrieving data for UBER
2025-04-08 21:37:54,632 - INFO - Inserted/updated 1487 records for UBER
2025-04-08 21:37:55,633 - INFO - Retrieving data for TFC
2025-04-08 21:37:56,756 - INFO - Inserted/updated 3840 records for TFC
2025-04-08 21:37:57,763 - INFO - Retrieving data for AMZN
2025-04-08 21:37:58,839 - INFO - Inserted/updated 3840 records for AMZN
2025-04-08 21:37:59,841 - INFO - Retrieving data for TEAM
2025-04-08 21:38:00,500 - INFO - Inserted/updated 2345 records for TEAM
2025-04-08 21:38:01,502 - INFO - Retrieving data for HUM
2025-04-08 21:38:02,506 - INFO - Inserted/updated 3840 records for HUM
2025-04-08 21:38:03,509 - INFO - Retrieving data for GD
2025-04-08 21:38:04,600 - INFO - Inserted/updated 3840 records for GD
2025-04-08 21:38:05,604 - INFO - Retrieving data for CNQ
2025-04-08 21:38:06,641 - INFO - Inserted/updated 3840 records for CNQ
2025-04-08 21:38:07,643 - INFO - Retrieving data for CL
2025-04-08 21:38:08,687 - INFO - Inserted/updated 3840 records for CL
2025-04-08 21:38:09,688 - INFO - Retrieving data for VALE
2025-04-08 21:38:10,778 - INFO - Inserted/updated 3840 records for VALE
2025-04-08 21:38:11,779 - INFO - Retrieving data for BMO
2025-04-08 21:38:12,800 - INFO - Inserted/updated 3840 records for BMO
2025-04-08 21:38:13,804 - INFO - Retrieving data for AON
2025-04-08 21:38:14,881 - INFO - Inserted/updated 3840 records for AON
2025-04-08 21:38:14,477 - INFO - Retrieving data for ITW
2025-04-08 21:38:15,498 - INFO - Inserted/updated 3840 records for ITW
2025-04-08 21:38:16,505 - INFO - Retrieving data for OXY
2025-04-08 21:38:17,529 - INFO - Inserted/updated 3840 records for OXY
2025-04-08 21:38:18,531 - INFO - Retrieving data for SNOW
2025-04-08 21:38:18,998 - INFO - Inserted/updated 1146 records for SNOW
2025-04-08 21:38:20,001 - INFO - Retrieving data for BSX
2025-04-08 21:38:21,033 - INFO - Inserted/updated 3840 records for BSX
2025-04-08 21:38:22,036 - INFO - Retrieving data for F
2025-04-08 21:38:23,111 - INFO - Inserted/updated 3840 records for F
2025-04-08 21:38:24,116 - INFO - Retrieving data for EW
2025-04-08 21:38:25,121 - INFO - Inserted/updated 3840 records for EW
2025-04-08 21:38:26,142 - INFO - Retrieving data for MPC
2025-04-08 21:38:27,040 - INFO - Inserted/updated 3469 records for MPC
2025-04-08 21:38:28,043 - INFO - Retrieving data for GM
2025-04-08 21:38:28,943 - INFO - Inserted/updated 3618 records for GM
2025-04-08 21:38:29,946 - INFO - Retrieving data for MU
2025-04-08 21:38:30,957 - INFO - Inserted/updated 3840 records for MU
2025-04-08 21:38:31,959 - INFO - Retrieving data for SHW
2025-04-08 21:38:32,959 - INFO - Inserted/updated 3840 records for SHW
2025-04-08 21:38:33,961 - INFO - Retrieving data for LRCX
2025-04-08 21:38:35,016 - INFO - Inserted/updated 3840 records for LRCX
2025-04-08 21:38:36,019 - INFO - Retrieving data for NSC
2025-04-08 21:38:37,058 - INFO - Inserted/updated 3840 records for NSC
2025-04-08 21:38:38,061 - INFO - Retrieving data for UBS
2025-04-08 21:38:38,846 - INFO - Inserted/updated 2609 records for UBS
2025-04-08 21:38:39,849 - INFO - Retrieving data for NTES
2025-04-08 21:38:40,854 - INFO - Inserted/updated 3840 records for NTES
2025-04-08 21:38:41,858 - INFO - Retrieving data for EPD
2025-04-08 21:38:42,907 - INFO - Inserted/updated 3840 records for EPD
2025-04-08 21:38:43,914 - INFO - Retrieving data for ETN
2025-04-08 21:38:45,011 - INFO - Inserted/updated 3840 records for ETN
2025-04-08 21:38:46,012 - INFO - Retrieving data for DG
2025-04-08 21:38:45,552 - INFO - Inserted/updated 3840 records for DG
2025-04-08 21:38:46,555 - INFO - Retrieving data for SLB
2025-04-08 21:38:47,560 - INFO - Inserted/updated 3840 records for SLB
2025-04-08 21:38:48,561 - INFO - Retrieving data for EQIX
2025-04-08 21:38:49,582 - INFO - Inserted/updated 3840 records for EQIX
2025-04-08 21:38:50,586 - INFO - Retrieving data for ICE
2025-04-08 21:38:51,644 - INFO - Inserted/updated 3840 records for ICE
2025-04-08 21:38:52,646 - INFO - Retrieving data for MET
2025-04-08 21:38:53,638 - INFO - Inserted/updated 3840 records for MET
2025-04-08 21:38:54,640 - INFO - Retrieving data for MRNA
2025-04-08 21:38:55,173 - INFO - Inserted/updated 1592 records for MRNA
2025-04-08 21:38:56,177 - INFO - Retrieving data for APD
2025-04-08 21:38:57,212 - INFO - Inserted/updated 3840 records for APD
2025-04-08 21:38:58,214 - INFO - Retrieving data for PSA
2025-04-08 21:38:59,239 - INFO - Inserted/updated 3840 records for PSA
2025-04-08 21:39:00,305 - INFO - Retrieving data for SRE
2025-04-08 21:39:01,310 - INFO - Inserted/updated 3840 records for SRE
2025-04-08 21:39:02,312 - INFO - Retrieving data for TRI
2025-04-08 21:39:03,914 - INFO - Inserted/updated 3840 records for TRI
2025-04-08 21:39:04,916 - INFO - Retrieving data for FDX
2025-04-08 21:39:05,937 - INFO - Inserted/updated 3840 records for FDX
2025-04-08 21:39:06,939 - INFO - Retrieving data for MAR
2025-04-08 21:39:07,942 - INFO - Inserted/updated 3840 records for MAR
2025-04-08 21:39:08,944 - INFO - Retrieving data for KDP
2025-04-08 21:39:09,903 - INFO - Inserted/updated 3840 records for KDP
2025-04-08 21:39:10,905 - INFO - Retrieving data for MCO
2025-04-08 21:39:11,946 - INFO - Inserted/updated 3840 records for MCO
2025-04-08 21:39:12,949 - INFO - Retrieving data for FIS
2025-04-08 21:39:14,032 - INFO - Inserted/updated 3840 records for FIS
2025-04-08 21:39:15,033 - INFO - Retrieving data for MCK
2025-04-08 21:39:16,166 - INFO - Inserted/updated 3840 records for MCK
2025-04-08 21:39:15,755 - INFO - Retrieving data for KLAC
2025-04-08 21:39:16,819 - INFO - Inserted/updated 3840 records for KLAC
2025-04-08 21:39:17,823 - INFO - Retrieving data for NTR
2025-04-08 21:39:18,514 - INFO - Inserted/updated 1827 records for NTR
2025-04-08 21:39:19,542 - INFO - Retrieving data for CNC
2025-04-08 21:39:20,533 - INFO - Inserted/updated 3840 records for CNC
2025-04-08 21:39:21,541 - INFO - Retrieving data for AEP
2025-04-08 21:39:22,619 - INFO - Inserted/updated 3840 records for AEP
2025-04-08 21:39:23,621 - INFO - Retrieving data for ITUB
2025-04-08 21:39:25,086 - INFO - Inserted/updated 3840 records for ITUB
2025-04-08 21:39:26,093 - INFO - Retrieving data for RACE
2025-04-08 21:39:26,822 - INFO - Inserted/updated 2380 records for RACE
2025-04-08 21:39:27,823 - INFO - Retrieving data for RELX
2025-04-08 21:39:28,858 - INFO - Inserted/updated 3840 records for RELX
2025-04-08 21:39:29,860 - INFO - Retrieving data for MELI
2025-04-08 21:39:30,989 - INFO - Inserted/updated 3840 records for MELI
2025-04-08 21:39:31,992 - INFO - Retrieving data for SNPS
2025-04-08 21:39:32,983 - INFO - Inserted/updated 3840 records for SNPS
2025-04-08 21:39:33,985 - INFO - Retrieving data for CMG
2025-04-08 21:39:34,990 - INFO - Inserted/updated 3840 records for CMG
2025-04-08 21:39:36,013 - INFO - Retrieving data for EMR
2025-04-08 21:39:37,051 - INFO - Inserted/updated 3840 records for EMR
2025-04-08 21:39:38,079 - INFO - Retrieving data for ADM
2025-04-08 21:39:39,212 - INFO - Inserted/updated 3840 records for ADM
2025-04-08 21:39:40,216 - INFO - Retrieving data for DVN
2025-04-08 21:39:41,194 - INFO - Inserted/updated 3840 records for DVN
2025-04-08 21:39:42,198 - INFO - Retrieving data for TRP
2025-04-08 21:39:43,260 - INFO - Inserted/updated 3840 records for TRP
2025-04-08 21:39:44,290 - INFO - Retrieving data for ORLY
2025-04-08 21:39:45,291 - INFO - Inserted/updated 3840 records for ORLY
2025-04-08 21:39:46,314 - INFO - Retrieving data for ECL
2025-04-08 21:39:47,362 - INFO - Inserted/updated 3840 records for ECL
2025-04-08 21:39:46,982 - INFO - Retrieving data for MNST
2025-04-08 21:39:48,025 - INFO - Inserted/updated 3840 records for MNST
2025-04-08 21:39:49,028 - INFO - Retrieving data for RSG
2025-04-08 21:39:50,014 - INFO - Inserted/updated 3840 records for RSG
2025-04-08 21:39:51,020 - INFO - Retrieving data for SU
2025-04-08 21:39:52,233 - INFO - Inserted/updated 3840 records for SU
2025-04-08 21:39:53,239 - INFO - Retrieving data for GIS
2025-04-08 21:39:54,266 - INFO - Inserted/updated 3840 records for GIS
2025-04-08 21:39:55,291 - INFO - Retrieving data for CTVA
2025-04-08 21:39:55,817 - INFO - Inserted/updated 1477 records for CTVA
2025-04-08 21:39:56,818 - INFO - Retrieving data for HSY
2025-04-08 21:39:57,943 - INFO - Inserted/updated 3840 records for HSY
2025-04-08 21:39:58,945 - INFO - Retrieving data for CDNS
2025-04-08 21:39:59,955 - INFO - Inserted/updated 3840 records for CDNS
2025-04-08 21:40:00,957 - INFO - Retrieving data for ABEV
2025-04-08 21:40:02,159 - INFO - Inserted/updated 3840 records for ABEV
2025-04-08 21:40:03,163 - INFO - Retrieving data for STZ
2025-04-08 21:40:04,185 - INFO - Inserted/updated 3840 records for STZ
2025-04-08 21:40:05,187 - INFO - Retrieving data for AIG
2025-04-08 21:40:06,245 - INFO - Inserted/updated 3840 records for AIG
2025-04-08 21:40:07,248 - INFO - Retrieving data for BIDU
2025-04-08 21:40:08,277 - INFO - Inserted/updated 3840 records for BIDU
2025-04-08 21:40:09,285 - INFO - Retrieving data for SAN
2025-04-08 21:40:10,260 - INFO - Inserted/updated 3840 records for SAN
2025-04-08 21:40:11,261 - INFO - Retrieving data for LHX
2025-04-08 21:40:12,426 - INFO - Inserted/updated 3840 records for LHX
2025-04-08 21:40:13,460 - INFO - Retrieving data for EDU
2025-04-08 21:40:14,510 - INFO - Inserted/updated 3840 records for EDU
2025-04-08 21:40:15,512 - INFO - Retrieving data for ADSK
2025-04-08 21:40:16,542 - INFO - Inserted/updated 3840 records for ADSK
2025-04-08 21:40:17,551 - INFO - Retrieving data for AZO
2025-04-08 21:40:18,609 - INFO - Inserted/updated 3840 records for AZO
2025-04-08 21:40:18,209 - INFO - Retrieving data for LULU
2025-04-08 21:40:19,155 - INFO - Inserted/updated 3840 records for LULU
2025-04-08 21:40:20,158 - INFO - Retrieving data for COF
2025-04-08 21:40:21,257 - INFO - Inserted/updated 3840 records for COF
2025-04-08 21:40:22,258 - INFO - Retrieving data for FCX
2025-04-08 21:40:23,321 - INFO - Inserted/updated 3840 records for FCX
2025-04-08 21:40:24,324 - INFO - Retrieving data for LNG
2025-04-08 21:40:25,298 - INFO - Inserted/updated 3840 records for LNG
2025-04-08 21:40:26,299 - INFO - Retrieving data for APH
2025-04-08 21:40:27,258 - INFO - Inserted/updated 3840 records for APH
2025-04-08 21:40:28,260 - INFO - Retrieving data for NGG
2025-04-08 21:40:29,290 - INFO - Inserted/updated 3840 records for NGG
2025-04-08 21:40:30,291 - INFO - Retrieving data for VLO
2025-04-08 21:40:31,409 - INFO - Inserted/updated 3840 records for VLO
2025-04-08 21:40:32,461 - INFO - Retrieving data for PAYX
2025-04-08 21:40:33,469 - INFO - Inserted/updated 3840 records for PAYX
2025-04-08 21:40:34,471 - INFO - Retrieving data for BSBR
2025-04-08 21:40:35,423 - INFO - Inserted/updated 3840 records for BSBR
2025-04-08 21:40:36,441 - INFO - Retrieving data for HMC
2025-04-08 21:40:37,590 - INFO - Inserted/updated 3840 records for HMC
2025-04-08 21:40:38,593 - INFO - Retrieving data for NXPI
2025-04-08 21:40:39,491 - INFO - Inserted/updated 3691 records for NXPI
2025-04-08 21:40:40,492 - INFO - Retrieving data for STLA
2025-04-08 21:40:41,439 - INFO - Inserted/updated 3732 records for STLA
2025-04-08 21:40:42,440 - INFO - Retrieving data for KHC
2025-04-08 21:40:43,127 - INFO - Inserted/updated 2456 records for KHC
2025-04-08 21:40:44,138 - INFO - Retrieving data for BCE
2025-04-08 21:40:45,178 - INFO - Inserted/updated 3840 records for BCE
2025-04-08 21:40:46,183 - INFO - Retrieving data for EXC
2025-04-08 21:40:47,185 - INFO - Inserted/updated 3840 records for EXC
2025-04-08 21:40:48,186 - INFO - Retrieving data for ENPH
2025-04-08 21:40:49,006 - INFO - Inserted/updated 3275 records for ENPH
2025-04-08 21:40:48,605 - INFO - Retrieving data for TAK
2025-04-08 21:40:49,594 - INFO - Inserted/updated 3840 records for TAK
2025-04-08 21:40:50,599 - INFO - Retrieving data for KMI
2025-04-08 21:40:51,542 - INFO - Inserted/updated 3560 records for KMI
2025-04-08 21:40:52,544 - INFO - Retrieving data for CTAS
2025-04-08 21:40:53,611 - INFO - Inserted/updated 3840 records for CTAS
2025-04-08 21:40:54,613 - INFO - Retrieving data for SMFG
2025-04-08 21:40:55,550 - INFO - Inserted/updated 3840 records for SMFG
2025-04-08 21:40:56,569 - INFO - Retrieving data for CRWD
2025-04-08 21:40:57,065 - INFO - Inserted/updated 1465 records for CRWD
2025-04-08 21:40:58,066 - INFO - Retrieving data for E
2025-04-08 21:40:59,336 - INFO - Inserted/updated 3840 records for E
2025-04-08 21:41:00,342 - INFO - Retrieving data for KMB
2025-04-08 21:41:01,394 - INFO - Inserted/updated 3840 records for KMB
2025-04-08 21:41:02,416 - INFO - Retrieving data for SYY
2025-04-08 21:41:04,335 - INFO - Inserted/updated 3840 records for SYY
2025-04-08 21:41:05,338 - INFO - Retrieving data for TEL
2025-04-08 21:41:06,324 - INFO - Inserted/updated 3840 records for TEL
2025-04-08 21:41:07,328 - INFO - Retrieving data for ROP
2025-04-08 21:41:08,344 - INFO - Inserted/updated 3840 records for ROP
2025-04-08 21:41:09,349 - INFO - Retrieving data for TRV
2025-04-08 21:41:10,368 - INFO - Inserted/updated 3840 records for TRV
2025-04-08 21:41:11,373 - INFO - Retrieving data for MSI
2025-04-08 21:41:12,415 - INFO - Inserted/updated 3840 records for MSI
2025-04-08 21:41:13,416 - INFO - Retrieving data for A
2025-04-08 21:41:14,670 - INFO - Inserted/updated 3840 records for A
2025-04-08 21:41:15,672 - INFO - Retrieving data for WMB
2025-04-08 21:41:16,677 - INFO - Inserted/updated 3840 records for WMB
2025-04-08 21:41:17,688 - INFO - Retrieving data for IQV
2025-04-08 21:41:18,588 - INFO - Inserted/updated 2998 records for IQV
2025-04-08 21:41:19,590 - INFO - Retrieving data for XEL
2025-04-08 21:41:19,291 - INFO - Inserted/updated 3840 records for XEL
2025-04-08 21:41:20,297 - INFO - Retrieving data for AFL
2025-04-08 21:41:21,378 - INFO - Inserted/updated 3840 records for AFL
2025-04-08 21:41:22,381 - INFO - Retrieving data for MRVL
2025-04-08 21:41:23,431 - INFO - Inserted/updated 3840 records for MRVL
2025-04-08 21:41:24,433 - INFO - Retrieving data for JCI
2025-04-08 21:41:25,506 - INFO - Inserted/updated 3840 records for JCI
2025-04-08 21:41:26,510 - INFO - Retrieving data for LYG
2025-04-08 21:41:27,566 - INFO - Inserted/updated 3840 records for LYG
2025-04-08 21:41:28,568 - INFO - Retrieving data for HES
2025-04-08 21:41:29,575 - INFO - Inserted/updated 3840 records for HES
2025-04-08 21:41:30,578 - INFO - Retrieving data for WDAY
2025-04-08 21:41:31,395 - INFO - Inserted/updated 3139 records for WDAY
2025-04-08 21:41:32,398 - INFO - Retrieving data for WCN
2025-04-08 21:41:33,599 - INFO - Inserted/updated 3840 records for WCN
2025-04-08 21:41:34,603 - INFO - Retrieving data for ET
2025-04-08 21:41:35,124 - INFO - Inserted/updated 1627 records for ET
2025-04-08 21:41:36,137 - INFO - Retrieving data for AJG
2025-04-08 21:41:37,153 - INFO - Inserted/updated 3840 records for AJG
2025-04-08 21:41:38,157 - INFO - Retrieving data for GPN
2025-04-08 21:41:39,183 - INFO - Inserted/updated 3840 records for GPN
2025-04-08 21:41:40,187 - INFO - Retrieving data for CVE
2025-04-08 21:41:41,092 - INFO - Inserted/updated 3840 records for CVE
2025-04-08 21:41:42,095 - INFO - Retrieving data for TT
2025-04-08 21:41:43,106 - INFO - Inserted/updated 3840 records for TT
2025-04-08 21:41:44,111 - INFO - Retrieving data for HLT
2025-04-08 21:41:44,862 - INFO - Inserted/updated 2847 records for HLT
2025-04-08 21:41:45,864 - INFO - Retrieving data for MSCI
2025-04-08 21:41:46,858 - INFO - Inserted/updated 3840 records for MSCI
2025-04-08 21:41:47,861 - INFO - Retrieving data for ING
2025-04-08 21:41:49,206 - INFO - Inserted/updated 3840 records for ING
2025-04-08 21:41:50,208 - INFO - Retrieving data for ALL
2025-04-08 21:41:51,223 - INFO - Inserted/updated 3840 records for ALL
2025-04-08 21:41:50,825 - INFO - Retrieving data for BK
2025-04-08 21:41:51,837 - INFO - Inserted/updated 3840 records for BK
2025-04-08 21:41:52,839 - INFO - Retrieving data for SCCO
2025-04-08 21:41:53,878 - INFO - Inserted/updated 3840 records for SCCO
2025-04-08 21:41:54,882 - INFO - Retrieving data for NWG
2025-04-08 21:41:55,948 - INFO - Inserted/updated 3840 records for NWG
2025-04-08 21:41:56,972 - INFO - Retrieving data for ANET
2025-04-08 21:41:57,684 - INFO - Inserted/updated 2727 records for ANET
2025-04-08 21:41:58,685 - INFO - Retrieving data for O
2025-04-08 21:41:59,775 - INFO - Inserted/updated 3840 records for O
2025-04-08 21:42:00,777 - INFO - Retrieving data for PSX
2025-04-08 21:42:01,696 - INFO - Inserted/updated 3267 records for PSX
2025-04-08 21:42:02,697 - INFO - Retrieving data for MCHP
2025-04-08 21:42:03,826 - INFO - Inserted/updated 3840 records for MCHP
2025-04-08 21:42:04,830 - INFO - Retrieving data for BBD
2025-04-08 21:42:05,958 - INFO - Inserted/updated 3840 records for BBD
2025-04-08 21:42:06,961 - INFO - Retrieving data for KR
2025-04-08 21:42:07,984 - INFO - Inserted/updated 3840 records for KR
2025-04-08 21:42:08,986 - INFO - Retrieving data for EA
2025-04-08 21:42:10,121 - INFO - Inserted/updated 3840 records for EA
2025-04-08 21:42:11,134 - INFO - Retrieving data for RIVN
2025-04-08 21:42:11,525 - INFO - Inserted/updated 855 records for RIVN
2025-04-08 21:42:12,526 - INFO - Retrieving data for CARR
2025-04-08 21:42:13,131 - INFO - Inserted/updated 1271 records for CARR
2025-04-08 21:42:14,136 - INFO - Retrieving data for PRU
2025-04-08 21:42:15,131 - INFO - Inserted/updated 3840 records for PRU
2025-04-08 21:42:16,132 - INFO - Retrieving data for BNTX
2025-04-08 21:42:16,611 - INFO - Inserted/updated 1381 records for BNTX
2025-04-08 21:42:17,612 - INFO - Retrieving data for DOW
2025-04-08 21:42:18,182 - INFO - Inserted/updated 1523 records for DOW
2025-04-08 21:42:19,184 - INFO - Retrieving data for ED
2025-04-08 21:42:20,153 - INFO - Inserted/updated 3840 records for ED
2025-04-08 21:42:21,154 - INFO - Retrieving data for PH
2025-04-08 21:42:20,782 - INFO - Inserted/updated 3840 records for PH
2025-04-08 21:42:21,784 - INFO - Retrieving data for APO
2025-04-08 21:42:22,647 - INFO - Inserted/updated 3528 records for APO
2025-04-08 21:42:23,650 - INFO - Retrieving data for NIO
2025-04-08 21:42:24,174 - INFO - Inserted/updated 1652 records for NIO
2025-04-08 21:42:25,176 - INFO - Retrieving data for VOD
2025-04-08 21:42:26,238 - INFO - Inserted/updated 3840 records for VOD
2025-04-08 21:42:27,240 - INFO - Retrieving data for SE
2025-04-08 21:42:27,831 - INFO - Inserted/updated 1876 records for SE
2025-04-08 21:42:28,834 - INFO - Retrieving data for NEM
2025-04-08 21:42:29,868 - INFO - Inserted/updated 3840 records for NEM
2025-04-08 21:42:30,882 - INFO - Retrieving data for YUM
2025-04-08 21:42:31,878 - INFO - Inserted/updated 3840 records for YUM
2025-04-08 21:42:32,880 - INFO - Retrieving data for PEG
2025-04-08 21:42:33,898 - INFO - Inserted/updated 3840 records for PEG
2025-04-08 21:42:34,899 - INFO - Retrieving data for MPLX
2025-04-08 21:42:35,731 - INFO - Inserted/updated 3129 records for MPLX
2025-04-08 21:42:36,733 - INFO - Retrieving data for BCS
2025-04-08 21:42:37,776 - INFO - Inserted/updated 3840 records for BCS
2025-04-08 21:42:38,778 - INFO - Retrieving data for MFC
2025-04-08 21:42:39,829 - INFO - Inserted/updated 3840 records for MFC
2025-04-08 21:42:40,831 - INFO - Retrieving data for ALB
2025-04-08 21:42:41,889 - INFO - Inserted/updated 3840 records for ALB
2025-04-08 21:42:42,890 - INFO - Retrieving data for NUE
2025-04-08 21:42:43,881 - INFO - Inserted/updated 3840 records for NUE
2025-04-08 21:42:44,883 - INFO - Retrieving data for SBAC
2025-04-08 21:42:45,896 - INFO - Inserted/updated 3840 records for SBAC
2025-04-08 21:42:46,915 - INFO - Retrieving data for ALC
2025-04-08 21:42:47,438 - INFO - Inserted/updated 1509 records for ALC
2025-04-08 21:42:48,447 - INFO - Retrieving data for CTSH
2025-04-08 21:42:49,486 - INFO - Inserted/updated 3840 records for CTSH
2025-04-08 21:42:50,490 - INFO - Retrieving data for RMD
2025-04-08 21:42:51,461 - INFO - Inserted/updated 3840 records for RMD
2025-04-08 21:42:52,463 - INFO - Retrieving data for SPG
2025-04-08 21:42:52,061 - INFO - Inserted/updated 3840 records for SPG
2025-04-08 21:42:53,062 - INFO - Retrieving data for TDG
2025-04-08 21:42:54,063 - INFO - Inserted/updated 3840 records for TDG
2025-04-08 21:42:55,068 - INFO - Retrieving data for STM
2025-04-08 21:42:56,144 - INFO - Inserted/updated 3840 records for STM
2025-04-08 21:42:57,147 - INFO - Retrieving data for BBVA
2025-04-08 21:42:58,165 - INFO - Inserted/updated 3840 records for BBVA
2025-04-08 21:42:59,166 - INFO - Retrieving data for TTD
2025-04-08 21:42:59,816 - INFO - Inserted/updated 2149 records for TTD
2025-04-08 21:43:00,818 - INFO - Retrieving data for IMO
2025-04-08 21:43:02,229 - INFO - Inserted/updated 3840 records for IMO
2025-04-08 21:43:03,231 - INFO - Retrieving data for CPNG
2025-04-08 21:43:03,621 - INFO - Inserted/updated 1025 records for CPNG
2025-04-08 21:43:04,622 - INFO - Retrieving data for WEC
2025-04-08 21:43:05,642 - INFO - Inserted/updated 3840 records for WEC
2025-04-08 21:43:06,643 - INFO - Retrieving data for DLR
2025-04-08 21:43:07,794 - INFO - Inserted/updated 3840 records for DLR
2025-04-08 21:43:08,798 - INFO - Retrieving data for WELL
2025-04-08 21:43:09,901 - INFO - Inserted/updated 3840 records for WELL
2025-04-08 21:43:10,906 - INFO - Retrieving data for ROST
2025-04-08 21:43:11,930 - INFO - Inserted/updated 3840 records for ROST
2025-04-08 21:43:12,934 - INFO - Retrieving data for ILMN
2025-04-08 21:43:14,056 - INFO - Inserted/updated 3840 records for ILMN
2025-04-08 21:43:15,067 - INFO - Retrieving data for GFS
2025-04-08 21:43:15,477 - INFO - Inserted/updated 864 records for GFS
2025-04-08 21:43:16,478 - INFO - Retrieving data for AMP
2025-04-08 21:43:17,595 - INFO - Inserted/updated 3840 records for AMP
2025-04-08 21:43:18,598 - INFO - Retrieving data for DLTR
2025-04-08 21:43:19,604 - INFO - Inserted/updated 3840 records for DLTR
2025-04-08 21:43:20,606 - INFO - Retrieving data for BIIB
2025-04-08 21:43:21,715 - INFO - Inserted/updated 3840 records for BIIB
2025-04-08 21:43:22,717 - INFO - Retrieving data for PUK
2025-04-08 21:43:22,579 - INFO - Inserted/updated 3840 records for PUK
2025-04-08 21:43:23,586 - INFO - Retrieving data for LVS
2025-04-08 21:43:24,614 - INFO - Inserted/updated 3840 records for LVS
2025-04-08 21:43:25,615 - INFO - Retrieving data for KEYS
2025-04-08 21:43:26,381 - INFO - Inserted/updated 2633 records for KEYS
2025-04-08 21:43:27,384 - INFO - Retrieving data for ES
2025-04-08 21:43:28,452 - INFO - Inserted/updated 3840 records for ES
2025-04-08 21:43:29,459 - INFO - Retrieving data for CMI
2025-04-08 21:43:30,536 - INFO - Inserted/updated 3840 records for CMI
2025-04-08 21:43:31,544 - INFO - Retrieving data for SQM
2025-04-08 21:43:32,583 - INFO - Inserted/updated 3840 records for SQM
2025-04-08 21:43:33,585 - INFO - Retrieving data for DDOG
2025-04-08 21:43:34,096 - INFO - Inserted/updated 1396 records for DDOG
2025-04-08 21:43:35,097 - INFO - Retrieving data for PCAR
2025-04-08 21:43:36,070 - INFO - Inserted/updated 3840 records for PCAR
2025-04-08 21:43:37,071 - INFO - Retrieving data for IDXX
2025-04-08 21:43:38,176 - INFO - Inserted/updated 3840 records for IDXX
2025-04-08 21:43:39,182 - INFO - Retrieving data for VRSK
2025-04-08 21:43:40,153 - INFO - Inserted/updated 3840 records for VRSK
2025-04-08 21:43:41,157 - INFO - Retrieving data for DFS
2025-04-08 21:43:42,117 - INFO - Inserted/updated 3840 records for DFS
2025-04-08 21:43:43,121 - INFO - Retrieving data for WBA
2025-04-08 21:43:44,279 - INFO - Inserted/updated 3840 records for WBA
2025-04-08 21:43:45,282 - INFO - Retrieving data for BAX
2025-04-08 21:43:46,321 - INFO - Inserted/updated 3840 records for BAX
2025-04-08 21:43:47,322 - INFO - Retrieving data for TLK
2025-04-08 21:43:48,438 - INFO - Inserted/updated 3840 records for TLK
2025-04-08 21:43:49,778 - INFO - Retrieving data for PCG
2025-04-08 21:43:50,799 - INFO - Inserted/updated 3840 records for PCG
2025-04-08 21:43:51,802 - INFO - Retrieving data for ODFL
2025-04-08 21:43:52,946 - INFO - Inserted/updated 3840 records for ODFL
2025-04-08 21:43:53,949 - INFO - Retrieving data for TU
2025-04-08 21:43:53,651 - INFO - Inserted/updated 3840 records for TU
2025-04-08 21:43:54,652 - INFO - Retrieving data for ON
2025-04-08 21:43:55,848 - INFO - Inserted/updated 3840 records for ON
2025-04-08 21:43:56,851 - INFO - Retrieving data for OTIS
2025-04-08 21:43:57,319 - INFO - Inserted/updated 1271 records for OTIS
2025-04-08 21:43:58,322 - INFO - Retrieving data for CHT
2025-04-08 21:43:59,489 - INFO - Inserted/updated 3840 records for CHT
2025-04-08 21:44:00,497 - INFO - Retrieving data for HPQ
2025-04-08 21:44:01,641 - INFO - Inserted/updated 3840 records for HPQ
2025-04-08 21:44:02,643 - INFO - Retrieving data for IBKR
2025-04-08 21:44:03,674 - INFO - Inserted/updated 3840 records for IBKR
2025-04-08 21:44:04,678 - INFO - Retrieving data for KKR
2025-04-08 21:44:05,783 - INFO - Inserted/updated 3707 records for KKR
2025-04-08 21:44:06,784 - INFO - Retrieving data for MFG
2025-04-08 21:44:07,767 - INFO - Inserted/updated 3840 records for MFG
2025-04-08 21:44:08,771 - INFO - Retrieving data for DELL
2025-04-08 21:44:09,294 - INFO - Inserted/updated 1582 records for DELL
2025-04-08 21:44:10,330 - INFO - Retrieving data for CSGP
2025-04-08 21:44:11,336 - INFO - Inserted/updated 3840 records for CSGP
2025-04-08 21:44:12,337 - INFO - Retrieving data for PPG
2025-04-08 21:44:13,386 - INFO - Inserted/updated 3840 records for PPG
2025-04-08 21:44:14,388 - INFO - Retrieving data for MTD
2025-04-08 21:44:15,392 - INFO - Inserted/updated 3840 records for MTD
2025-04-08 21:44:16,396 - INFO - Retrieving data for DD
2025-04-08 21:44:17,400 - INFO - Inserted/updated 3840 records for DD
2025-04-08 21:44:18,424 - INFO - Retrieving data for ROK
2025-04-08 21:44:19,437 - INFO - Inserted/updated 3840 records for ROK
2025-04-08 21:44:20,440 - INFO - Retrieving data for AVB
2025-04-08 21:44:21,456 - INFO - Inserted/updated 3840 records for AVB
2025-04-08 21:44:22,503 - INFO - Retrieving data for AME
2025-04-08 21:44:23,795 - INFO - Inserted/updated 3840 records for AME
2025-04-08 21:44:24,796 - INFO - Retrieving data for CEG
2025-04-08 21:44:25,148 - INFO - Inserted/updated 798 records for CEG
2025-04-08 21:44:24,745 - INFO - Retrieving data for OKE
2025-04-08 21:44:25,753 - INFO - Inserted/updated 3840 records for OKE
2025-04-08 21:44:26,760 - INFO - Retrieving data for GLW
2025-04-08 21:44:27,775 - INFO - Inserted/updated 3840 records for GLW
2025-04-08 21:44:28,782 - INFO - Retrieving data for WIT
2025-04-08 21:44:29,832 - INFO - Inserted/updated 3840 records for WIT
2025-04-08 21:44:30,835 - INFO - Retrieving data for NOK
2025-04-08 21:44:31,847 - INFO - Inserted/updated 3840 records for NOK
2025-04-08 21:44:32,849 - INFO - Retrieving data for GWW
2025-04-08 21:44:33,887 - INFO - Inserted/updated 3840 records for GWW
2025-04-08 21:44:34,890 - INFO - Retrieving data for EQR
2025-04-08 21:44:35,977 - INFO - Inserted/updated 3840 records for EQR
2025-04-08 21:44:37,035 - INFO - Retrieving data for CRH
2025-04-08 21:44:38,056 - INFO - Inserted/updated 3840 records for CRH
2025-04-08 21:44:39,059 - INFO - Retrieving data for FAST
2025-04-08 21:44:40,102 - INFO - Inserted/updated 3840 records for FAST
2025-04-08 21:44:41,104 - INFO - Retrieving data for LCID
2025-04-08 21:44:41,522 - INFO - Inserted/updated 1144 records for LCID
2025-04-08 21:44:42,533 - INFO - Retrieving data for GOLD
2025-04-08 21:44:43,593 - INFO - Inserted/updated 3840 records for GOLD
2025-04-08 21:44:44,595 - INFO - Retrieving data for VEEV
2025-04-08 21:44:45,481 - INFO - Inserted/updated 2887 records for VEEV
2025-04-08 21:44:46,485 - INFO - Retrieving data for AWK
2025-04-08 21:44:47,435 - INFO - Inserted/updated 3840 records for AWK
2025-04-08 21:44:48,438 - INFO - Retrieving data for IFF
2025-04-08 21:44:49,614 - INFO - Inserted/updated 3840 records for IFF
2025-04-08 21:44:50,621 - INFO - Retrieving data for CQP
2025-04-08 21:44:51,565 - INFO - Inserted/updated 3840 records for CQP
2025-04-08 21:44:52,567 - INFO - Retrieving data for EBAY
2025-04-08 21:44:53,631 - INFO - Inserted/updated 3840 records for EBAY
2025-04-08 21:44:54,634 - INFO - Retrieving data for LI
2025-04-08 21:44:55,189 - INFO - Inserted/updated 1179 records for LI
2025-04-08 21:44:56,240 - INFO - Retrieving data for HAL
2025-04-08 21:44:55,863 - INFO - Inserted/updated 3840 records for HAL
2025-04-08 21:44:56,867 - INFO - Retrieving data for CPRT
2025-04-08 21:44:57,977 - INFO - Inserted/updated 3840 records for CPRT
2025-04-08 21:44:58,989 - INFO - Retrieving data for LYB
2025-04-08 21:45:00,000 - INFO - Inserted/updated 3761 records for LYB
2025-04-08 21:45:01,002 - INFO - Retrieving data for CBRE
2025-04-08 21:45:02,076 - INFO - Inserted/updated 3840 records for CBRE
2025-04-08 21:45:03,080 - INFO - Retrieving data for TSN
2025-04-08 21:45:04,258 - INFO - Inserted/updated 3840 records for TSN
2025-04-08 21:45:05,262 - INFO - Retrieving data for APTV
2025-04-08 21:45:06,676 - INFO - Inserted/updated 3366 records for APTV
2025-04-08 21:45:07,678 - INFO - Retrieving data for STT
2025-04-08 21:45:08,732 - INFO - Inserted/updated 3840 records for STT
2025-04-08 21:45:09,736 - INFO - Retrieving data for EIX
2025-04-08 21:45:10,828 - INFO - Inserted/updated 3840 records for EIX
2025-04-08 21:45:11,829 - INFO - Retrieving data for SLF
2025-04-08 21:45:13,053 - INFO - Inserted/updated 3840 records for SLF
2025-04-08 21:45:14,060 - INFO - Retrieving data for TROW
2025-04-08 21:45:15,062 - INFO - Inserted/updated 3840 records for TROW
2025-04-08 21:45:16,065 - INFO - Retrieving data for NU
2025-04-08 21:45:16,515 - INFO - Inserted/updated 835 records for NU
2025-04-08 21:45:17,532 - INFO - Retrieving data for DTE
2025-04-08 21:45:18,749 - INFO - Inserted/updated 3840 records for DTE
2025-04-08 21:45:19,826 - INFO - Retrieving data for RBLX
2025-04-08 21:45:20,255 - INFO - Inserted/updated 1026 records for RBLX
2025-04-08 21:45:21,259 - INFO - Retrieving data for FERG
2025-04-08 21:45:22,178 - INFO - Inserted/updated 3754 records for FERG
2025-04-08 21:45:23,184 - INFO - Retrieving data for CTRA
2025-04-08 21:45:24,280 - INFO - Inserted/updated 3840 records for CTRA
2025-04-08 21:45:25,282 - INFO - Retrieving data for EXR
2025-04-08 21:45:26,280 - INFO - Inserted/updated 3840 records for EXR
2025-04-08 21:45:25,880 - INFO - Retrieving data for ALNY
2025-04-08 21:45:26,899 - INFO - Inserted/updated 3840 records for ALNY
2025-04-08 21:45:27,921 - INFO - Retrieving data for HRL
2025-04-08 21:45:28,966 - INFO - Inserted/updated 3840 records for HRL
2025-04-08 21:45:29,980 - INFO - Retrieving data for IT
2025-04-08 21:45:31,031 - INFO - Inserted/updated 3840 records for IT
2025-04-08 21:45:32,037 - INFO - Retrieving data for DHI
2025-04-08 21:45:33,106 - INFO - Inserted/updated 3840 records for DHI
2025-04-08 21:45:34,108 - INFO - Retrieving data for ZS
2025-04-08 21:45:34,660 - INFO - Inserted/updated 1776 records for ZS
2025-04-08 21:45:35,662 - INFO - Retrieving data for FITB
2025-04-08 21:45:36,709 - INFO - Inserted/updated 3840 records for FITB
2025-04-08 21:45:37,710 - INFO - Retrieving data for FANG
2025-04-08 21:45:38,537 - INFO - Inserted/updated 3139 records for FANG
2025-04-08 21:45:39,547 - INFO - Retrieving data for ZBH
2025-04-08 21:45:40,604 - INFO - Inserted/updated 3840 records for ZBH
2025-04-08 21:45:41,614 - INFO - Retrieving data for MTB
2025-04-08 21:45:42,687 - INFO - Inserted/updated 3840 records for MTB
2025-04-08 21:45:43,688 - INFO - Retrieving data for K
2025-04-08 21:45:44,673 - INFO - Inserted/updated 3840 records for K
2025-04-08 21:45:45,679 - INFO - Retrieving data for GMAB
2025-04-08 21:45:46,663 - INFO - Inserted/updated 3833 records for GMAB
2025-04-08 21:45:47,666 - INFO - Retrieving data for ZM
2025-04-08 21:45:48,173 - INFO - Inserted/updated 1502 records for ZM
2025-04-08 21:45:49,180 - INFO - Retrieving data for SIRI
2025-04-08 21:45:50,237 - INFO - Inserted/updated 3840 records for SIRI
2025-04-08 21:45:51,239 - INFO - Retrieving data for FMX
2025-04-08 21:45:52,343 - INFO - Inserted/updated 3840 records for FMX
2025-04-08 21:45:53,345 - INFO - Retrieving data for AEE
2025-04-08 21:45:54,392 - INFO - Inserted/updated 3840 records for AEE
2025-04-08 21:45:55,407 - INFO - Retrieving data for WY
2025-04-08 21:45:56,466 - INFO - Inserted/updated 3840 records for WY
2025-04-08 21:45:57,469 - INFO - Retrieving data for EPAM
2025-04-08 21:45:56,914 - INFO - Inserted/updated 3311 records for EPAM
2025-04-08 21:45:57,917 - INFO - Retrieving data for ARE
2025-04-08 21:45:58,911 - INFO - Inserted/updated 3840 records for ARE
2025-04-08 21:45:59,915 - INFO - Retrieving data for ETR
2025-04-08 21:46:00,952 - INFO - Inserted/updated 3840 records for ETR
2025-04-08 21:46:01,955 - INFO - Retrieving data for FTV
2025-04-08 21:46:02,773 - INFO - Inserted/updated 2205 records for FTV
2025-04-08 21:46:03,777 - INFO - Retrieving data for FE
2025-04-08 21:46:04,855 - INFO - Inserted/updated 3840 records for FE
2025-04-08 21:46:05,857 - INFO - Retrieving data for CDW
2025-04-08 21:46:06,652 - INFO - Inserted/updated 2964 records for CDW
2025-04-08 21:46:07,655 - INFO - Retrieving data for ULTA
2025-04-08 21:46:08,664 - INFO - Inserted/updated 3840 records for ULTA
2025-04-08 21:46:09,669 - INFO - Retrieving data for ZTO
2025-04-08 21:46:10,327 - INFO - Inserted/updated 2123 records for ZTO
2025-04-08 21:46:11,329 - INFO - Retrieving data for EFX
2025-04-08 21:46:12,467 - INFO - Inserted/updated 3840 records for EFX
2025-04-08 21:46:13,481 - INFO - Retrieving data for ERIC
2025-04-08 21:46:14,632 - INFO - Inserted/updated 3840 records for ERIC
2025-04-08 21:46:15,635 - INFO - Retrieving data for WTW
2025-04-08 21:46:16,381 - INFO - Inserted/updated 2329 records for WTW
2025-04-08 21:46:17,383 - INFO - Retrieving data for FNV
2025-04-08 21:46:18,707 - INFO - Inserted/updated 3840 records for FNV
2025-04-08 21:46:19,720 - INFO - Retrieving data for LEN
2025-04-08 21:46:20,744 - INFO - Inserted/updated 3840 records for LEN
2025-04-08 21:46:21,747 - INFO - Retrieving data for HIG
2025-04-08 21:46:22,746 - INFO - Inserted/updated 3840 records for HIG
2025-04-08 21:46:23,750 - INFO - Retrieving data for RJF
2025-04-08 21:46:24,820 - INFO - Inserted/updated 3840 records for RJF
2025-04-08 21:46:25,821 - INFO - Retrieving data for INVH
2025-04-08 21:46:26,423 - INFO - Inserted/updated 2058 records for INVH
2025-04-08 21:46:27,430 - INFO - Retrieving data for DASH
2025-04-08 21:46:27,872 - INFO - Inserted/updated 1087 records for DASH
2025-04-08 21:46:28,873 - INFO - Retrieving data for TEF
2025-04-08 21:46:28,456 - INFO - Inserted/updated 3840 records for TEF
2025-04-08 21:46:29,458 - INFO - Retrieving data for GPC
2025-04-08 21:46:30,418 - INFO - Inserted/updated 3840 records for GPC
2025-04-08 21:46:31,421 - INFO - Retrieving data for CM
2025-04-08 21:46:32,446 - INFO - Inserted/updated 3840 records for CM
2025-04-08 21:46:33,450 - INFO - Retrieving data for LUV
2025-04-08 21:46:34,520 - INFO - Inserted/updated 3840 records for LUV
2025-04-08 21:46:35,522 - INFO - Retrieving data for CCEP
2025-04-08 21:46:36,621 - INFO - Inserted/updated 3840 records for CCEP
2025-04-08 21:46:37,623 - INFO - Retrieving data for CF
2025-04-08 21:46:38,570 - INFO - Inserted/updated 3840 records for CF
2025-04-08 21:46:39,571 - INFO - Retrieving data for PPL
2025-04-08 21:46:40,647 - INFO - Inserted/updated 3840 records for PPL
2025-04-08 21:46:41,657 - INFO - Retrieving data for YUMC
2025-04-08 21:46:42,292 - INFO - Inserted/updated 2131 records for YUMC
2025-04-08 21:46:43,299 - INFO - Retrieving data for VMC
2025-04-08 21:46:44,288 - INFO - Inserted/updated 3840 records for VMC
2025-04-08 21:46:45,383 - INFO - Retrieving data for NET
2025-04-08 21:46:45,870 - INFO - Inserted/updated 1400 records for NET
2025-04-08 21:46:46,872 - INFO - Retrieving data for LH
2025-04-08 21:46:47,887 - INFO - Inserted/updated 3840 records for LH
2025-04-08 21:46:48,889 - INFO - Retrieving data for EC
2025-04-08 21:46:49,889 - INFO - Inserted/updated 3840 records for EC
2025-04-08 21:46:50,892 - INFO - Retrieving data for TSCO
2025-04-08 21:46:51,923 - INFO - Inserted/updated 3840 records for TSCO
2025-04-08 21:46:52,942 - INFO - Retrieving data for RF
2025-04-08 21:46:54,027 - INFO - Inserted/updated 3840 records for RF
2025-04-08 21:46:55,031 - INFO - Retrieving data for DAL
2025-04-08 21:46:56,024 - INFO - Inserted/updated 3840 records for DAL
2025-04-08 21:46:57,026 - INFO - Retrieving data for RCI
2025-04-08 21:46:58,038 - INFO - Inserted/updated 3840 records for RCI
2025-04-08 21:46:59,080 - INFO - Retrieving data for BKR
2025-04-08 21:46:59,664 - INFO - Inserted/updated 1952 records for BKR
2025-04-08 21:46:59,267 - INFO - Retrieving data for PAYC
2025-04-08 21:47:00,072 - INFO - Inserted/updated 2763 records for PAYC
2025-04-08 21:47:01,076 - INFO - Retrieving data for ANSS
2025-04-08 21:47:02,363 - INFO - Inserted/updated 3840 records for ANSS
2025-04-08 21:47:03,365 - INFO - Retrieving data for MLM
2025-04-08 21:47:04,513 - INFO - Inserted/updated 3840 records for MLM
2025-04-08 21:47:05,515 - INFO - Retrieving data for HBAN
2025-04-08 21:47:06,534 - INFO - Inserted/updated 3840 records for HBAN
2025-04-08 21:47:07,536 - INFO - Retrieving data for MKC
2025-04-08 21:47:08,560 - INFO - Inserted/updated 3840 records for MKC
2025-04-08 21:47:09,569 - INFO - Retrieving data for URI
2025-04-08 21:47:10,666 - INFO - Inserted/updated 3840 records for URI
2025-04-08 21:47:11,820 - INFO - Retrieving data for VICI
2025-04-08 21:47:12,419 - INFO - Inserted/updated 1879 records for VICI
2025-04-08 21:47:13,421 - INFO - Retrieving data for LYV
2025-04-08 21:47:14,430 - INFO - Inserted/updated 3840 records for LYV
2025-04-08 21:47:15,439 - INFO - Retrieving data for PFG
2025-04-08 21:47:16,526 - INFO - Inserted/updated 3840 records for PFG
2025-04-08 21:47:17,527 - INFO - Retrieving data for FTS
2025-04-08 21:47:18,201 - INFO - Inserted/updated 2330 records for FTS
2025-04-08 21:47:19,206 - INFO - Retrieving data for WST
2025-04-08 21:47:20,243 - INFO - Inserted/updated 3840 records for WST
2025-04-08 21:47:21,253 - INFO - Retrieving data for CNP
2025-04-08 21:47:22,248 - INFO - Inserted/updated 3840 records for CNP
2025-04-08 21:47:23,312 - INFO - Retrieving data for COIN
2025-04-08 21:47:23,744 - INFO - Inserted/updated 1002 records for COIN
2025-04-08 21:47:24,745 - INFO - Retrieving data for IR
2025-04-08 21:47:25,313 - INFO - Inserted/updated 1988 records for IR
2025-04-08 21:47:26,317 - INFO - Retrieving data for MOH
2025-04-08 21:47:27,330 - INFO - Inserted/updated 3840 records for MOH
2025-04-08 21:47:28,334 - INFO - Retrieving data for STE
2025-04-08 21:47:29,352 - INFO - Inserted/updated 3840 records for STE
2025-04-08 21:47:30,353 - INFO - Retrieving data for MT
2025-04-08 21:47:29,975 - INFO - Inserted/updated 3840 records for MT
2025-04-08 21:47:30,981 - INFO - Retrieving data for SPOT
2025-04-08 21:47:31,564 - INFO - Inserted/updated 1765 records for SPOT
2025-04-08 21:47:32,569 - INFO - Retrieving data for ALGN
2025-04-08 21:47:33,585 - INFO - Inserted/updated 3840 records for ALGN
2025-04-08 21:47:34,587 - INFO - Retrieving data for MOS
2025-04-08 21:47:35,776 - INFO - Inserted/updated 3840 records for MOS
2025-04-08 21:47:36,779 - INFO - Retrieving data for NTRS
2025-04-08 21:47:37,813 - INFO - Inserted/updated 3840 records for NTRS
2025-04-08 21:47:38,815 - INFO - Retrieving data for ARGX
2025-04-08 21:47:39,403 - INFO - Inserted/updated 1984 records for ARGX
2025-04-08 21:47:40,404 - INFO - Retrieving data for PWR
2025-04-08 21:47:41,478 - INFO - Inserted/updated 3840 records for PWR
2025-04-08 21:47:42,481 - INFO - Retrieving data for PBA
2025-04-08 21:47:43,442 - INFO - Inserted/updated 3649 records for PBA
2025-04-08 21:47:44,444 - INFO - Retrieving data for VRSN
2025-04-08 21:47:45,543 - INFO - Inserted/updated 3840 records for VRSN
2025-04-08 21:47:46,549 - INFO - Retrieving data for MPWR
2025-04-08 21:47:47,548 - INFO - Inserted/updated 3840 records for MPWR
2025-04-08 21:47:48,556 - INFO - Retrieving data for CMS
2025-04-08 21:47:49,593 - INFO - Inserted/updated 3840 records for CMS
2025-04-08 21:47:50,596 - INFO - Retrieving data for HEI
2025-04-08 21:47:51,603 - INFO - Inserted/updated 3840 records for HEI
2025-04-08 21:47:52,604 - INFO - Retrieving data for CHD
2025-04-08 21:47:53,609 - INFO - Inserted/updated 3840 records for CHD
2025-04-08 21:47:54,611 - INFO - Retrieving data for DB
2025-04-08 21:47:55,697 - INFO - Inserted/updated 3840 records for DB
2025-04-08 21:47:56,728 - INFO - Retrieving data for SNAP
2025-04-08 21:47:57,333 - INFO - Inserted/updated 2038 records for SNAP
2025-04-08 21:47:58,335 - INFO - Retrieving data for MAA
2025-04-08 21:47:59,363 - INFO - Inserted/updated 3840 records for MAA
2025-04-08 21:48:00,378 - INFO - Retrieving data for BR
2025-04-08 21:48:01,423 - INFO - Inserted/updated 3840 records for BR
2025-04-08 21:48:01,018 - INFO - Retrieving data for FOXA
2025-04-08 21:48:01,617 - INFO - Inserted/updated 1529 records for FOXA
2025-04-08 21:48:02,618 - INFO - Retrieving data for VTR
2025-04-08 21:48:03,643 - INFO - Inserted/updated 3840 records for VTR
2025-04-08 21:48:04,645 - INFO - Retrieving data for GIB
2025-04-08 21:48:05,754 - INFO - Inserted/updated 3840 records for GIB
2025-04-08 21:48:06,757 - INFO - Retrieving data for IX
2025-04-08 21:48:07,838 - INFO - Inserted/updated 3840 records for IX
2025-04-08 21:48:08,841 - INFO - Retrieving data for UI
2025-04-08 21:48:09,715 - INFO - Inserted/updated 3390 records for UI
2025-04-08 21:48:10,717 - INFO - Retrieving data for CAH
2025-04-08 21:48:11,705 - INFO - Inserted/updated 3840 records for CAH
2025-04-08 21:48:12,713 - INFO - Retrieving data for LPLA
2025-04-08 21:48:13,628 - INFO - Inserted/updated 3618 records for LPLA
2025-04-08 21:48:14,636 - INFO - Retrieving data for QSR
2025-04-08 21:48:15,420 - INFO - Inserted/updated 2594 records for QSR
2025-04-08 21:48:16,423 - INFO - Retrieving data for JBHT
2025-04-08 21:48:17,513 - INFO - Inserted/updated 3840 records for JBHT
2025-04-08 21:48:18,518 - INFO - Retrieving data for ACGL
2025-04-08 21:48:19,534 - INFO - Inserted/updated 3840 records for ACGL
2025-04-08 21:48:20,559 - INFO - Retrieving data for EQT
2025-04-08 21:48:21,644 - INFO - Inserted/updated 3840 records for EQT
2025-04-08 21:48:22,646 - INFO - Retrieving data for RPRX
2025-04-08 21:48:23,127 - INFO - Inserted/updated 1210 records for RPRX
2025-04-08 21:48:24,213 - INFO - Retrieving data for AMCR
2025-04-08 21:48:24,752 - INFO - Inserted/updated 1466 records for AMCR
2025-04-08 21:48:25,758 - INFO - Retrieving data for WAT
2025-04-08 21:48:26,807 - INFO - Inserted/updated 3840 records for WAT
2025-04-08 21:48:27,810 - INFO - Retrieving data for PODD
2025-04-08 21:48:28,803 - INFO - Inserted/updated 3840 records for PODD
2025-04-08 21:48:29,806 - INFO - Retrieving data for SYF
2025-04-08 21:48:30,542 - INFO - Inserted/updated 2689 records for SYF
2025-04-08 21:48:31,549 - INFO - Retrieving data for AES
2025-04-08 21:48:31,173 - INFO - Inserted/updated 3840 records for AES
2025-04-08 21:48:32,176 - INFO - Retrieving data for PANW
2025-04-08 21:48:33,000 - INFO - Inserted/updated 3198 records for PANW
2025-04-08 21:48:34,001 - INFO - Retrieving data for ZI
2025-04-08 21:48:34,456 - INFO - Inserted/updated 1218 records for ZI
2025-04-08 21:48:35,457 - INFO - Retrieving data for SUI
2025-04-08 21:48:36,489 - INFO - Inserted/updated 3840 records for SUI
2025-04-08 21:48:37,491 - INFO - Retrieving data for DOV
2025-04-08 21:48:38,516 - INFO - Inserted/updated 3840 records for DOV
2025-04-08 21:48:39,530 - INFO - Retrieving data for ROL
2025-04-08 21:48:40,564 - INFO - Inserted/updated 3840 records for ROL
2025-04-08 21:48:41,566 - INFO - Retrieving data for BBY
2025-04-08 21:48:42,655 - INFO - Inserted/updated 3840 records for BBY
2025-04-08 21:48:43,658 - INFO - Retrieving data for TDY
2025-04-08 21:48:44,698 - INFO - Inserted/updated 3840 records for TDY
2025-04-08 21:48:45,700 - INFO - Retrieving data for BRO
2025-04-08 21:48:46,763 - INFO - Inserted/updated 3840 records for BRO
2025-04-08 21:48:47,766 - INFO - Retrieving data for CLX
2025-04-08 21:48:48,842 - INFO - Inserted/updated 3840 records for CLX
2025-04-08 21:48:49,844 - INFO - Retrieving data for TECK
2025-04-08 21:48:50,820 - INFO - Inserted/updated 3840 records for TECK
2025-04-08 21:48:51,832 - INFO - Retrieving data for HOLX
2025-04-08 21:48:52,881 - INFO - Inserted/updated 3840 records for HOLX
2025-04-08 21:48:53,884 - INFO - Retrieving data for XYL
2025-04-08 21:48:54,754 - INFO - Inserted/updated 3391 records for XYL
2025-04-08 21:48:55,761 - INFO - Retrieving data for ICLR
2025-04-08 21:48:56,795 - INFO - Inserted/updated 3840 records for ICLR
2025-04-08 21:48:57,799 - INFO - Retrieving data for ESS
2025-04-08 21:48:58,888 - INFO - Inserted/updated 3840 records for ESS
2025-04-08 21:48:59,894 - INFO - Retrieving data for DRI
2025-04-08 21:49:01,023 - INFO - Inserted/updated 3840 records for DRI
2025-04-08 21:49:02,025 - INFO - Retrieving data for HPE
2025-04-08 21:49:02,730 - INFO - Inserted/updated 2382 records for HPE
2025-04-08 21:49:02,330 - INFO - Retrieving data for PLUG
2025-04-08 21:49:03,973 - INFO - Inserted/updated 3840 records for PLUG
2025-04-08 21:49:04,975 - INFO - Retrieving data for ELP
2025-04-08 21:49:05,977 - INFO - Inserted/updated 3840 records for ELP
2025-04-08 21:49:06,995 - INFO - Retrieving data for TCOM
2025-04-08 21:49:08,004 - INFO - Inserted/updated 3840 records for TCOM
2025-04-08 21:49:09,006 - INFO - Retrieving data for KEY
2025-04-08 21:49:10,082 - INFO - Inserted/updated 3840 records for KEY
2025-04-08 21:49:11,085 - INFO - Retrieving data for GRMN
2025-04-08 21:49:12,132 - INFO - Inserted/updated 3840 records for GRMN
2025-04-08 21:49:13,141 - INFO - Retrieving data for PINS
2025-04-08 21:49:13,641 - INFO - Inserted/updated 1502 records for PINS
2025-04-08 21:49:14,643 - INFO - Retrieving data for MGA
2025-04-08 21:49:15,709 - INFO - Inserted/updated 3840 records for MGA
2025-04-08 21:49:16,712 - INFO - Retrieving data for SWKS
2025-04-08 21:49:17,846 - INFO - Inserted/updated 3840 records for SWKS
2025-04-08 21:49:18,849 - INFO - Retrieving data for TRGP
2025-04-08 21:49:19,801 - INFO - Inserted/updated 3606 records for TRGP
2025-04-08 21:49:20,804 - INFO - Retrieving data for SEDG
2025-04-08 21:49:21,579 - INFO - Inserted/updated 2525 records for SEDG
2025-04-08 21:49:22,581 - INFO - Retrieving data for EXPD
2025-04-08 21:49:23,720 - INFO - Inserted/updated 3840 records for EXPD
2025-04-08 21:49:24,723 - INFO - Retrieving data for WAB
2025-04-08 21:49:25,728 - INFO - Inserted/updated 3840 records for WAB
2025-04-08 21:49:26,730 - INFO - Retrieving data for MTCH
2025-04-08 21:49:27,426 - INFO - Inserted/updated 2359 records for MTCH
2025-04-08 21:49:28,428 - INFO - Retrieving data for EXPE
2025-04-08 21:49:29,502 - INFO - Inserted/updated 3840 records for EXPE
2025-04-08 21:49:30,506 - INFO - Retrieving data for BILL
2025-04-08 21:49:30,993 - INFO - Inserted/updated 1337 records for BILL
2025-04-08 21:49:31,995 - INFO - Retrieving data for MKL
2025-04-08 21:49:33,098 - INFO - Inserted/updated 3840 records for MKL
2025-04-08 21:49:32,691 - INFO - Retrieving data for TS
2025-04-08 21:49:33,723 - INFO - Inserted/updated 3840 records for TS
2025-04-08 21:49:34,739 - INFO - Retrieving data for LBRDA
2025-04-08 21:49:35,455 - INFO - Inserted/updated 2622 records for LBRDA
2025-04-08 21:49:36,457 - INFO - Retrieving data for BMRN
2025-04-08 21:49:37,511 - INFO - Inserted/updated 3840 records for BMRN
2025-04-08 21:49:38,513 - INFO - Retrieving data for MGM
2025-04-08 21:49:39,551 - INFO - Inserted/updated 3840 records for MGM
2025-04-08 21:49:40,562 - INFO - Retrieving data for CAG
2025-04-08 21:49:41,666 - INFO - Inserted/updated 3840 records for CAG
2025-04-08 21:49:42,669 - INFO - Retrieving data for CINF
2025-04-08 21:49:43,707 - INFO - Inserted/updated 3840 records for CINF
2025-04-08 21:49:44,709 - INFO - Retrieving data for CFG
2025-04-08 21:49:45,434 - INFO - Inserted/updated 2651 records for CFG
2025-04-08 21:49:46,436 - INFO - Retrieving data for PLTR
2025-04-08 21:49:46,878 - INFO - Inserted/updated 1136 records for PLTR
2025-04-08 21:49:47,879 - INFO - Retrieving data for VFC
2025-04-08 21:49:49,064 - INFO - Inserted/updated 3840 records for VFC
2025-04-08 21:49:50,066 - INFO - Retrieving data for CHKP
2025-04-08 21:49:51,075 - INFO - Inserted/updated 3840 records for CHKP
2025-04-08 21:49:52,077 - INFO - Retrieving data for ZBRA
2025-04-08 21:49:53,164 - INFO - Inserted/updated 3840 records for ZBRA
2025-04-08 21:49:54,167 - INFO - Retrieving data for RYAAY
2025-04-08 21:49:55,143 - INFO - Inserted/updated 3840 records for RYAAY
2025-04-08 21:49:56,146 - INFO - Retrieving data for CSL
2025-04-08 21:49:57,125 - INFO - Inserted/updated 3840 records for CSL
2025-04-08 21:49:58,126 - INFO - Retrieving data for UMC
2025-04-08 21:49:59,139 - INFO - Inserted/updated 3840 records for UMC
2025-04-08 21:50:00,143 - INFO - Retrieving data for IEX
2025-04-08 21:50:01,203 - INFO - Inserted/updated 3840 records for IEX
2025-04-08 21:50:02,223 - INFO - Retrieving data for EVRG
2025-04-08 21:50:03,171 - INFO - Inserted/updated 1722 records for EVRG
2025-04-08 21:50:04,172 - INFO - Retrieving data for MDB
2025-04-08 21:50:03,596 - INFO - Inserted/updated 1877 records for MDB
2025-04-08 21:50:04,599 - INFO - Retrieving data for PHG
2025-04-08 21:50:06,404 - INFO - Inserted/updated 3840 records for PHG
2025-04-08 21:50:07,428 - INFO - Retrieving data for WPC
2025-04-08 21:50:08,573 - INFO - Inserted/updated 3840 records for WPC
2025-04-08 21:50:09,575 - INFO - Retrieving data for IRM
2025-04-08 21:50:10,641 - INFO - Inserted/updated 3840 records for IRM
2025-04-08 21:50:11,643 - INFO - Retrieving data for J
2025-04-08 21:50:12,765 - INFO - Inserted/updated 3840 records for J
2025-04-08 21:50:13,769 - INFO - Retrieving data for IP
2025-04-08 21:50:14,880 - INFO - Inserted/updated 3840 records for IP
2025-04-08 21:50:15,882 - INFO - Retrieving data for NTAP
2025-04-08 21:50:17,043 - INFO - Inserted/updated 3840 records for NTAP
2025-04-08 21:50:18,049 - INFO - Retrieving data for DGX
2025-04-08 21:50:19,109 - INFO - Inserted/updated 3840 records for DGX
2025-04-08 21:50:20,113 - INFO - Retrieving data for INCY
2025-04-08 21:50:21,223 - INFO - Inserted/updated 3840 records for INCY
2025-04-08 21:50:22,226 - INFO - Retrieving data for CHWY
2025-04-08 21:50:22,714 - INFO - Inserted/updated 1463 records for CHWY
2025-04-08 21:50:23,723 - INFO - Retrieving data for ATO
2025-04-08 21:50:24,855 - INFO - Inserted/updated 3840 records for ATO
2025-04-08 21:50:25,868 - INFO - Retrieving data for STLD
2025-04-08 21:50:26,894 - INFO - Inserted/updated 3840 records for STLD
2025-04-08 21:50:27,898 - INFO - Retrieving data for LNT
2025-04-08 21:50:28,910 - INFO - Inserted/updated 3840 records for LNT
2025-04-08 21:50:29,978 - INFO - Retrieving data for SJM
2025-04-08 21:50:30,943 - INFO - Inserted/updated 3840 records for SJM
2025-04-08 21:50:31,948 - INFO - Retrieving data for AZPN
2025-04-08 21:50:32,978 - INFO - Inserted/updated 3821 records for AZPN
2025-04-08 21:50:33,980 - INFO - Retrieving data for RKT
2025-04-08 21:50:34,425 - INFO - Inserted/updated 1174 records for RKT
2025-04-08 21:50:35,430 - INFO - Retrieving data for TRMB
2025-04-08 21:50:35,011 - INFO - Inserted/updated 3840 records for TRMB
2025-04-08 21:50:36,015 - INFO - Retrieving data for TW
2025-04-08 21:50:36,508 - INFO - Inserted/updated 1512 records for TW
2025-04-08 21:50:37,510 - INFO - Retrieving data for TYL
2025-04-08 21:50:38,583 - INFO - Inserted/updated 3840 records for TYL
2025-04-08 21:50:39,596 - INFO - Retrieving data for AVY
2025-04-08 21:50:40,634 - INFO - Inserted/updated 3840 records for AVY
2025-04-08 21:50:41,641 - INFO - Retrieving data for COO
2025-04-08 21:50:42,646 - INFO - Inserted/updated 3840 records for COO
2025-04-08 21:50:43,685 - INFO - Retrieving data for TTWO
2025-04-08 21:50:44,738 - INFO - Inserted/updated 3840 records for TTWO
2025-04-08 21:50:45,740 - INFO - Retrieving data for OMC
2025-04-08 21:50:46,709 - INFO - Inserted/updated 3840 records for OMC
2025-04-08 21:50:47,711 - INFO - Retrieving data for HWM
2025-04-08 21:50:48,767 - INFO - Inserted/updated 3840 records for HWM
2025-04-08 21:50:49,776 - INFO - Retrieving data for AKAM
2025-04-08 21:50:50,954 - INFO - Inserted/updated 3840 records for AKAM
2025-04-08 21:50:51,962 - INFO - Retrieving data for HUBS
2025-04-08 21:50:52,666 - INFO - Inserted/updated 2640 records for HUBS
2025-04-08 21:50:53,670 - INFO - Retrieving data for JKHY
2025-04-08 21:50:54,850 - INFO - Inserted/updated 3840 records for JKHY
2025-04-08 21:50:55,852 - INFO - Retrieving data for WPM
2025-04-08 21:50:56,552 - INFO - Inserted/updated 2330 records for WPM
2025-04-08 21:50:57,592 - INFO - Retrieving data for IEP
2025-04-08 21:50:58,738 - INFO - Inserted/updated 3840 records for IEP
2025-04-08 21:50:59,748 - INFO - Retrieving data for LKQ
2025-04-08 21:51:00,845 - INFO - Inserted/updated 3840 records for LKQ
2025-04-08 21:51:01,848 - INFO - Retrieving data for ETSY
2025-04-08 21:51:03,070 - INFO - Inserted/updated 2511 records for ETSY
2025-04-08 21:51:04,085 - INFO - Retrieving data for CPB
2025-04-08 21:51:05,584 - INFO - Inserted/updated 3840 records for CPB
2025-04-08 21:51:05,185 - INFO - Retrieving data for BIO
2025-04-08 21:51:06,409 - INFO - Inserted/updated 3840 records for BIO
2025-04-08 21:51:07,411 - INFO - Retrieving data for AVTR
2025-04-08 21:51:07,948 - INFO - Inserted/updated 1482 records for AVTR
2025-04-08 21:51:08,949 - INFO - Retrieving data for TXT
2025-04-08 21:51:09,958 - INFO - Inserted/updated 3840 records for TXT
2025-04-08 21:51:10,961 - INFO - Retrieving data for XPEV
2025-04-08 21:51:11,400 - INFO - Inserted/updated 1159 records for XPEV
2025-04-08 21:51:12,405 - INFO - Retrieving data for L
2025-04-08 21:51:13,484 - INFO - Inserted/updated 3840 records for L
2025-04-08 21:51:14,492 - INFO - Retrieving data for FSLR
2025-04-08 21:51:15,497 - INFO - Inserted/updated 3840 records for FSLR
2025-04-08 21:51:16,499 - INFO - Retrieving data for WMG
2025-04-08 21:51:16,976 - INFO - Inserted/updated 1219 records for WMG
2025-04-08 21:51:17,978 - INFO - Retrieving data for CHRW
2025-04-08 21:51:19,072 - INFO - Inserted/updated 3840 records for CHRW
2025-04-08 21:51:20,078 - INFO - Retrieving data for SWK
2025-04-08 21:51:21,150 - INFO - Inserted/updated 3840 records for SWK
2025-04-08 21:51:22,152 - INFO - Retrieving data for NVR
2025-04-08 21:51:23,161 - INFO - Inserted/updated 3840 records for NVR
2025-04-08 21:51:24,163 - INFO - Retrieving data for PCTY
2025-04-08 21:51:24,944 - INFO - Inserted/updated 2782 records for PCTY
2025-04-08 21:51:25,947 - INFO - Retrieving data for STX
2025-04-08 21:51:26,965 - INFO - Inserted/updated 3840 records for STX
2025-04-08 21:51:27,967 - INFO - Retrieving data for UDR
2025-04-08 21:51:28,977 - INFO - Inserted/updated 3840 records for UDR
2025-04-08 21:51:29,981 - INFO - Retrieving data for TWLO
2025-04-08 21:51:30,715 - INFO - Inserted/updated 2211 records for TWLO
2025-04-08 21:51:31,739 - INFO - Retrieving data for KB
2025-04-08 21:51:32,740 - INFO - Inserted/updated 3840 records for KB
2025-04-08 21:51:33,743 - INFO - Retrieving data for KMX
2025-04-08 21:51:34,760 - INFO - Inserted/updated 3840 records for KMX
2025-04-08 21:51:35,763 - INFO - Retrieving data for FMC
2025-04-08 21:51:36,847 - INFO - Inserted/updated 3840 records for FMC
2025-04-08 21:51:36,435 - INFO - Retrieving data for TPL
2025-04-08 21:51:37,471 - INFO - Inserted/updated 3840 records for TPL
2025-04-08 21:51:38,475 - INFO - Retrieving data for SSNC
2025-04-08 21:51:39,447 - INFO - Inserted/updated 3780 records for SSNC
2025-04-08 21:51:40,459 - INFO - Retrieving data for WOLF
2025-04-08 21:51:41,525 - INFO - Inserted/updated 3840 records for WOLF
2025-04-08 21:51:42,527 - INFO - Retrieving data for PTC
2025-04-08 21:51:43,600 - INFO - Inserted/updated 3840 records for PTC
2025-04-08 21:51:44,603 - INFO - Retrieving data for TER
2025-04-08 21:51:45,597 - INFO - Inserted/updated 3840 records for TER
2025-04-08 21:51:46,599 - INFO - Retrieving data for EBR
2025-04-08 21:51:47,559 - INFO - Inserted/updated 3840 records for EBR
2025-04-08 21:51:48,563 - INFO - Retrieving data for OVV
2025-04-08 21:51:49,581 - INFO - Inserted/updated 3840 records for OVV
2025-04-08 21:51:50,584 - INFO - Retrieving data for VIV
2025-04-08 21:51:51,631 - INFO - Inserted/updated 3840 records for VIV
2025-04-08 21:51:52,636 - INFO - Retrieving data for CPT
2025-04-08 21:51:53,624 - INFO - Inserted/updated 3840 records for CPT
2025-04-08 21:51:54,626 - INFO - Retrieving data for POOL
2025-04-08 21:51:55,654 - INFO - Inserted/updated 3840 records for POOL
2025-04-08 21:51:56,658 - INFO - Retrieving data for GNRC
2025-04-08 21:51:57,606 - INFO - Inserted/updated 3813 records for GNRC
2025-04-08 21:51:58,610 - INFO - Retrieving data for SHG
2025-04-08 21:51:59,669 - INFO - Inserted/updated 3840 records for SHG
2025-04-08 21:52:00,673 - INFO - Retrieving data for TRU
2025-04-08 21:52:01,343 - INFO - Inserted/updated 2462 records for TRU
2025-04-08 21:52:02,347 - INFO - Retrieving data for APA
2025-04-08 21:52:03,434 - INFO - Inserted/updated 3840 records for APA
2025-04-08 21:52:04,438 - INFO - Retrieving data for ARES
2025-04-08 21:52:05,193 - INFO - Inserted/updated 2751 records for ARES
2025-04-08 21:52:06,195 - INFO - Retrieving data for KOF
2025-04-08 21:52:07,452 - INFO - Inserted/updated 3840 records for KOF
2025-04-08 21:52:07,060 - INFO - Retrieving data for ELS
2025-04-08 21:52:08,292 - INFO - Inserted/updated 3840 records for ELS
2025-04-08 21:52:09,295 - INFO - Retrieving data for NDSN
2025-04-08 21:52:10,341 - INFO - Inserted/updated 3840 records for NDSN
2025-04-08 21:52:11,347 - INFO - Retrieving data for LDOS
2025-04-08 21:52:12,507 - INFO - Inserted/updated 3840 records for LDOS
2025-04-08 21:52:13,514 - INFO - Retrieving data for RCL
2025-04-08 21:52:14,660 - INFO - Inserted/updated 3840 records for RCL
2025-04-08 21:52:15,675 - INFO - Retrieving data for HST
2025-04-08 21:52:16,863 - INFO - Inserted/updated 3840 records for HST
2025-04-08 21:52:17,874 - INFO - Retrieving data for BXP
2025-04-08 21:52:19,061 - INFO - Inserted/updated 3840 records for BXP
2025-04-08 21:52:20,063 - INFO - Retrieving data for ACI
2025-04-08 21:52:21,031 - INFO - Inserted/updated 1202 records for ACI
2025-04-08 21:52:22,042 - INFO - Retrieving data for RGEN
2025-04-08 21:52:23,086 - INFO - Inserted/updated 3840 records for RGEN
2025-04-08 21:52:24,090 - INFO - Retrieving data for BG
2025-04-08 21:52:25,338 - INFO - Inserted/updated 3840 records for BG
2025-04-08 21:52:26,347 - INFO - Retrieving data for NICE
2025-04-08 21:52:27,807 - INFO - Inserted/updated 3840 records for NICE
2025-04-08 21:52:28,810 - INFO - Retrieving data for KIM
2025-04-08 21:52:30,155 - INFO - Inserted/updated 3840 records for KIM
2025-04-08 21:52:31,160 - INFO - Retrieving data for CCL
2025-04-08 21:52:32,612 - INFO - Inserted/updated 3840 records for CCL
2025-04-08 21:52:33,615 - INFO - Retrieving data for DPZ
2025-04-08 21:52:34,961 - INFO - Inserted/updated 3840 records for DPZ
2025-04-08 21:52:35,965 - INFO - Retrieving data for FHN
2025-04-08 21:52:37,579 - INFO - Inserted/updated 3840 records for FHN
2025-04-08 21:52:38,582 - INFO - Retrieving data for GDDY
2025-04-08 21:52:38,105 - INFO - Inserted/updated 2521 records for GDDY
2025-04-08 21:52:39,110 - INFO - Retrieving data for ENTG
2025-04-08 21:52:40,525 - INFO - Inserted/updated 3840 records for ENTG
2025-04-08 21:52:41,528 - INFO - Retrieving data for BIP
2025-04-08 21:52:42,536 - INFO - Inserted/updated 3840 records for BIP
2025-04-08 21:52:43,539 - INFO - Retrieving data for PKG
2025-04-08 21:52:44,607 - INFO - Inserted/updated 3840 records for PKG
2025-04-08 21:52:45,621 - INFO - Retrieving data for UAL
2025-04-08 21:52:46,941 - INFO - Inserted/updated 3840 records for UAL
2025-04-08 21:52:47,965 - INFO - Retrieving data for PKX
2025-04-08 21:52:49,077 - INFO - Inserted/updated 3840 records for PKX
2025-04-08 21:52:50,079 - INFO - Retrieving data for FICO
2025-04-08 21:52:51,117 - INFO - Inserted/updated 3840 records for FICO
2025-04-08 21:52:52,119 - INFO - Retrieving data for AR
2025-04-08 21:52:52,942 - INFO - Inserted/updated 2891 records for AR
2025-04-08 21:52:53,947 - INFO - Retrieving data for CCK
2025-04-08 21:52:56,054 - INFO - Inserted/updated 3840 records for CCK
2025-04-08 21:52:57,058 - INFO - Retrieving data for TECH
2025-04-08 21:52:58,105 - INFO - Inserted/updated 3840 records for TECH
2025-04-08 21:52:59,107 - INFO - Retrieving data for BAH
2025-04-08 21:53:00,054 - INFO - Inserted/updated 3618 records for BAH
2025-04-08 21:53:01,063 - INFO - Retrieving data for BEN
2025-04-08 21:53:02,193 - INFO - Inserted/updated 3840 records for BEN
2025-04-08 21:53:03,196 - INFO - Retrieving data for VST
2025-04-08 21:53:03,891 - INFO - Inserted/updated 2139 records for VST
2025-04-08 21:53:04,894 - INFO - Retrieving data for DAR
2025-04-08 21:53:06,638 - INFO - Inserted/updated 3840 records for DAR
2025-04-08 21:53:07,642 - INFO - Retrieving data for WLK
2025-04-08 21:53:08,720 - INFO - Inserted/updated 3840 records for WLK
2025-04-08 21:53:09,724 - INFO - Retrieving data for HUBB
2025-04-08 21:53:09,145 - INFO - Inserted/updated 2335 records for HUBB
2025-04-08 21:53:10,147 - INFO - Retrieving data for WRB
2025-04-08 21:53:11,289 - INFO - Inserted/updated 3840 records for WRB
2025-04-08 21:53:12,291 - INFO - Retrieving data for MAS
2025-04-08 21:53:13,514 - INFO - Inserted/updated 3840 records for MAS
2025-04-08 21:53:14,517 - INFO - Retrieving data for EQH
2025-04-08 21:53:15,105 - INFO - Inserted/updated 1738 records for EQH
2025-04-08 21:53:16,107 - INFO - Retrieving data for DOCU
2025-04-08 21:53:16,686 - INFO - Inserted/updated 1747 records for DOCU
2025-04-08 21:53:17,688 - INFO - Retrieving data for AMH
2025-04-08 21:53:18,617 - INFO - Inserted/updated 2940 records for AMH
2025-04-08 21:53:19,623 - INFO - Retrieving data for HTHT
2025-04-08 21:53:20,577 - INFO - Inserted/updated 3783 records for HTHT
2025-04-08 21:53:21,584 - INFO - Retrieving data for RPM
2025-04-08 21:53:22,643 - INFO - Inserted/updated 3840 records for RPM
2025-04-08 21:53:23,672 - INFO - Retrieving data for CHE
2025-04-08 21:53:24,795 - INFO - Inserted/updated 3840 records for CHE
2025-04-08 21:53:25,798 - INFO - Retrieving data for GLPI
2025-04-08 21:53:26,700 - INFO - Inserted/updated 2889 records for GLPI
2025-04-08 21:53:27,706 - INFO - Retrieving data for WDC
2025-04-08 21:53:28,755 - INFO - Inserted/updated 3840 records for WDC
2025-04-08 21:53:29,848 - INFO - Retrieving data for CE
2025-04-08 21:53:30,872 - INFO - Inserted/updated 3840 records for CE
2025-04-08 21:53:31,876 - INFO - Retrieving data for SSL
2025-04-08 21:53:33,000 - INFO - Inserted/updated 3840 records for SSL
2025-04-08 21:53:34,005 - INFO - Retrieving data for ERIE
2025-04-08 21:53:35,036 - INFO - Inserted/updated 3840 records for ERIE
2025-04-08 21:53:36,037 - INFO - Retrieving data for VTRS
2025-04-08 21:53:36,557 - INFO - Inserted/updated 1103 records for VTRS
2025-04-08 21:53:37,558 - INFO - Retrieving data for WTRG
2025-04-08 21:53:38,651 - INFO - Inserted/updated 3840 records for WTRG
2025-04-08 21:53:39,658 - INFO - Retrieving data for Y
2025-04-08 21:53:40,580 - INFO - Inserted/updated 3229 records for Y
2025-04-08 21:53:40,185 - INFO - Retrieving data for CCJ
2025-04-08 21:53:41,245 - INFO - Inserted/updated 3840 records for CCJ
2025-04-08 21:53:42,271 - INFO - Retrieving data for SNA
2025-04-08 21:53:43,331 - INFO - Inserted/updated 3840 records for SNA
2025-04-08 21:53:44,336 - INFO - Retrieving data for ASX
2025-04-08 21:53:45,423 - INFO - Inserted/updated 3840 records for ASX
2025-04-08 21:53:46,425 - INFO - Retrieving data for WES
2025-04-08 21:53:47,274 - INFO - Inserted/updated 3101 records for WES
2025-04-08 21:53:48,277 - INFO - Retrieving data for NI
2025-04-08 21:53:49,359 - INFO - Inserted/updated 3840 records for NI
2025-04-08 21:53:50,361 - INFO - Retrieving data for AER
2025-04-08 21:53:51,370 - INFO - Inserted/updated 3840 records for AER
2025-04-08 21:53:52,374 - INFO - Retrieving data for LW
2025-04-08 21:53:53,021 - INFO - Inserted/updated 2113 records for LW
2025-04-08 21:53:54,030 - INFO - Retrieving data for FNF
2025-04-08 21:53:55,049 - INFO - Inserted/updated 3840 records for FNF
2025-04-08 21:53:56,051 - INFO - Retrieving data for ALLY
2025-04-08 21:53:56,826 - INFO - Inserted/updated 2766 records for ALLY
2025-04-08 21:53:57,831 - INFO - Retrieving data for SUZ
2025-04-08 21:53:58,842 - INFO - Inserted/updated 3840 records for SUZ
2025-04-08 21:53:59,846 - INFO - Retrieving data for CUK
2025-04-08 21:54:00,918 - INFO - Inserted/updated 3840 records for CUK
2025-04-08 21:54:01,921 - INFO - Retrieving data for CG
2025-04-08 21:54:03,311 - INFO - Inserted/updated 3252 records for CG
2025-04-08 21:54:04,319 - INFO - Retrieving data for RS
2025-04-08 21:54:05,431 - INFO - Inserted/updated 3840 records for RS
2025-04-08 21:54:06,433 - INFO - Retrieving data for NFE
2025-04-08 21:54:07,214 - INFO - Inserted/updated 1556 records for NFE
2025-04-08 21:54:08,219 - INFO - Retrieving data for U
2025-04-08 21:54:08,672 - INFO - Inserted/updated 1144 records for U
2025-04-08 21:54:09,683 - INFO - Retrieving data for AFG
2025-04-08 21:54:10,816 - INFO - Inserted/updated 3840 records for AFG
2025-04-08 21:54:10,414 - INFO - Retrieving data for TAP
2025-04-08 21:54:11,719 - INFO - Inserted/updated 3840 records for TAP
2025-04-08 21:54:12,724 - INFO - Retrieving data for GRAB
2025-04-08 21:54:13,200 - INFO - Inserted/updated 1093 records for GRAB
2025-04-08 21:54:14,213 - INFO - Retrieving data for DT
2025-04-08 21:54:14,712 - INFO - Inserted/updated 1430 records for DT
2025-04-08 21:54:15,729 - INFO - Retrieving data for NRG
2025-04-08 21:54:16,749 - INFO - Inserted/updated 3840 records for NRG
2025-04-08 21:54:17,758 - INFO - Retrieving data for IPG
2025-04-08 21:54:18,859 - INFO - Inserted/updated 3840 records for IPG
2025-04-08 21:54:19,860 - INFO - Retrieving data for XP
2025-04-08 21:54:20,345 - INFO - Inserted/updated 1338 records for XP
2025-04-08 21:54:21,346 - INFO - Retrieving data for EMN
2025-04-08 21:54:22,446 - INFO - Inserted/updated 3840 records for EMN
2025-04-08 21:54:23,513 - INFO - Retrieving data for TFX
2025-04-08 21:54:24,589 - INFO - Inserted/updated 3840 records for TFX
2025-04-08 21:54:25,591 - INFO - Retrieving data for GGG
2025-04-08 21:54:26,651 - INFO - Inserted/updated 3840 records for GGG
2025-04-08 21:54:27,654 - INFO - Retrieving data for ICL
2025-04-08 21:54:28,406 - INFO - Inserted/updated 2651 records for ICL
2025-04-08 21:54:29,407 - INFO - Retrieving data for SNN
2025-04-08 21:54:30,472 - INFO - Inserted/updated 3840 records for SNN
2025-04-08 21:54:31,475 - INFO - Retrieving data for HAS
2025-04-08 21:54:32,542 - INFO - Inserted/updated 3840 records for HAS
2025-04-08 21:54:33,546 - INFO - Retrieving data for NMR
2025-04-08 21:54:34,597 - INFO - Inserted/updated 3840 records for NMR
2025-04-08 21:54:35,599 - INFO - Retrieving data for BLDR
2025-04-08 21:54:36,912 - INFO - Inserted/updated 3840 records for BLDR
2025-04-08 21:54:37,931 - INFO - Retrieving data for NLY
2025-04-08 21:54:38,988 - INFO - Inserted/updated 3840 records for NLY
2025-04-08 21:54:39,991 - INFO - Retrieving data for BEP
2025-04-08 21:54:40,987 - INFO - Inserted/updated 3840 records for BEP
2025-04-08 21:54:41,990 - INFO - Retrieving data for WSO
2025-04-08 21:54:41,626 - INFO - Inserted/updated 3840 records for WSO
2025-04-08 21:54:42,628 - INFO - Retrieving data for EWBC
2025-04-08 21:54:43,683 - INFO - Inserted/updated 3840 records for EWBC
2025-04-08 21:54:44,685 - INFO - Retrieving data for CMA
2025-04-08 21:54:45,801 - INFO - Inserted/updated 3840 records for CMA
2025-04-08 21:54:46,804 - INFO - Retrieving data for IHG
2025-04-08 21:54:47,838 - INFO - Inserted/updated 3840 records for IHG
2025-04-08 21:54:48,840 - INFO - Retrieving data for AAP
2025-04-08 21:54:49,919 - INFO - Inserted/updated 3840 records for AAP
2025-04-08 21:54:50,923 - INFO - Retrieving data for BJ
2025-04-08 21:54:51,490 - INFO - Inserted/updated 1704 records for BJ
2025-04-08 21:54:52,492 - INFO - Retrieving data for CNA
2025-04-08 21:54:53,570 - INFO - Inserted/updated 3840 records for CNA
2025-04-08 21:54:54,573 - INFO - Retrieving data for GL
2025-04-08 21:54:55,645 - INFO - Inserted/updated 3840 records for GL
2025-04-08 21:54:56,648 - INFO - Retrieving data for CRL
2025-04-08 21:54:57,692 - INFO - Inserted/updated 3840 records for CRL
2025-04-08 21:54:58,695 - INFO - Retrieving data for H
2025-04-08 21:54:59,708 - INFO - Inserted/updated 3840 records for H
2025-04-08 21:55:00,715 - INFO - Retrieving data for TOST
2025-04-08 21:55:01,101 - INFO - Inserted/updated 890 records for TOST
2025-04-08 21:55:02,106 - INFO - Retrieving data for UHAL
2025-04-08 21:55:03,445 - INFO - Inserted/updated 3840 records for UHAL
2025-04-08 21:55:04,448 - INFO - Retrieving data for QGEN
2025-04-08 21:55:05,950 - INFO - Inserted/updated 3840 records for QGEN
2025-04-08 21:55:06,954 - INFO - Retrieving data for NDAQ
2025-04-08 21:55:08,341 - INFO - Inserted/updated 3840 records for NDAQ
2025-04-08 21:55:09,344 - INFO - Retrieving data for NWSA
2025-04-08 21:55:10,171 - INFO - Inserted/updated 2970 records for NWSA
2025-04-08 21:55:11,173 - INFO - Retrieving data for ACM
2025-04-08 21:55:12,209 - INFO - Inserted/updated 3840 records for ACM
2025-04-08 21:55:13,212 - INFO - Retrieving data for BAP
2025-04-08 21:55:12,928 - INFO - Inserted/updated 3840 records for BAP
2025-04-08 21:55:13,931 - INFO - Retrieving data for NBIX
2025-04-08 21:55:15,034 - INFO - Inserted/updated 3840 records for NBIX
2025-04-08 21:55:16,036 - INFO - Retrieving data for WPP
2025-04-08 21:55:17,129 - INFO - Inserted/updated 3840 records for WPP
2025-04-08 21:55:18,130 - INFO - Retrieving data for LBTYA
2025-04-08 21:55:19,164 - INFO - Inserted/updated 3840 records for LBTYA
2025-04-08 21:55:20,166 - INFO - Retrieving data for WSM
2025-04-08 21:55:21,332 - INFO - Inserted/updated 3840 records for WSM
2025-04-08 21:55:22,335 - INFO - Retrieving data for DOX
2025-04-08 21:55:23,566 - INFO - Inserted/updated 3840 records for DOX
2025-04-08 21:55:24,585 - INFO - Retrieving data for AEM
2025-04-08 21:55:25,709 - INFO - Inserted/updated 3840 records for AEM
2025-04-08 21:55:26,712 - INFO - Retrieving data for SCI
2025-04-08 21:55:27,773 - INFO - Inserted/updated 3840 records for SCI
2025-04-08 21:55:28,807 - INFO - Retrieving data for REG
2025-04-08 21:55:29,848 - INFO - Inserted/updated 3840 records for REG
2025-04-08 21:55:30,854 - INFO - Retrieving data for HSIC
2025-04-08 21:55:31,945 - INFO - Inserted/updated 3840 records for HSIC
2025-04-08 21:55:32,947 - INFO - Retrieving data for CZR
2025-04-08 21:55:33,702 - INFO - Inserted/updated 2653 records for CZR
2025-04-08 21:55:34,703 - INFO - Retrieving data for UTHR
2025-04-08 21:55:35,717 - INFO - Inserted/updated 3840 records for UTHR
2025-04-08 21:55:36,720 - INFO - Retrieving data for ROKU
2025-04-08 21:55:37,327 - INFO - Inserted/updated 1892 records for ROKU
2025-04-08 21:55:38,328 - INFO - Retrieving data for DKS
2025-04-08 21:55:39,381 - INFO - Inserted/updated 3840 records for DKS
2025-04-08 21:55:40,383 - INFO - Retrieving data for BHVN
2025-04-08 21:55:40,728 - INFO - Inserted/updated 637 records for BHVN
2025-04-08 21:55:41,731 - INFO - Retrieving data for JHX
2025-04-08 21:55:42,845 - INFO - Inserted/updated 3840 records for JHX
2025-04-08 21:55:43,854 - INFO - Retrieving data for RRX
2025-04-08 21:55:43,564 - INFO - Inserted/updated 3840 records for RRX
2025-04-08 21:55:44,567 - INFO - Retrieving data for PHM
2025-04-08 21:55:45,650 - INFO - Inserted/updated 3840 records for PHM
2025-04-08 21:55:46,654 - INFO - Retrieving data for FMS
2025-04-08 21:55:47,686 - INFO - Inserted/updated 3840 records for FMS
2025-04-08 21:55:48,698 - INFO - Retrieving data for AGL
2025-04-08 21:55:49,092 - INFO - Inserted/updated 1001 records for AGL
2025-04-08 21:55:50,094 - INFO - Retrieving data for MORN
2025-04-08 21:55:51,113 - INFO - Inserted/updated 3840 records for MORN
2025-04-08 21:55:52,117 - INFO - Retrieving data for TEVA
2025-04-08 21:55:53,380 - INFO - Inserted/updated 3840 records for TEVA
2025-04-08 21:55:54,385 - INFO - Retrieving data for BSY
2025-04-08 21:55:54,880 - INFO - Inserted/updated 1141 records for BSY
2025-04-08 21:55:55,882 - INFO - Retrieving data for GFL
2025-04-08 21:55:56,358 - INFO - Inserted/updated 1283 records for GFL
2025-04-08 21:55:57,360 - INFO - Retrieving data for MKTX
2025-04-08 21:55:58,419 - INFO - Inserted/updated 3840 records for MKTX
2025-04-08 21:55:59,429 - INFO - Retrieving data for OKTA
2025-04-08 21:56:00,022 - INFO - Inserted/updated 2012 records for OKTA
2025-04-08 21:56:01,024 - INFO - Retrieving data for ARMK
2025-04-08 21:56:01,815 - INFO - Inserted/updated 2847 records for ARMK
2025-04-08 21:56:02,823 - INFO - Retrieving data for SRPT
2025-04-08 21:56:03,973 - INFO - Inserted/updated 3840 records for SRPT
2025-04-08 21:56:05,024 - INFO - Retrieving data for BBWI
2025-04-08 21:56:06,346 - INFO - Inserted/updated 3840 records for BBWI
2025-04-08 21:56:07,359 - INFO - Retrieving data for DBRG
2025-04-08 21:56:08,163 - INFO - Inserted/updated 2712 records for DBRG
2025-04-08 21:56:09,167 - INFO - Retrieving data for WMS
2025-04-08 21:56:09,942 - INFO - Inserted/updated 2693 records for WMS
2025-04-08 21:56:10,945 - INFO - Retrieving data for LAMR
2025-04-08 21:56:12,003 - INFO - Inserted/updated 3840 records for LAMR
2025-04-08 21:56:13,005 - INFO - Retrieving data for CUBE
2025-04-08 21:56:14,102 - INFO - Inserted/updated 3840 records for CUBE
2025-04-08 21:56:13,704 - INFO - Retrieving data for NVCR
2025-04-08 21:56:14,416 - INFO - Inserted/updated 2393 records for NVCR
2025-04-08 21:56:15,417 - INFO - Retrieving data for DVA
2025-04-08 21:56:16,522 - INFO - Inserted/updated 3840 records for DVA
2025-04-08 21:56:17,524 - INFO - Retrieving data for WSC
2025-04-08 21:56:18,109 - INFO - Inserted/updated 1848 records for WSC
2025-04-08 21:56:19,138 - INFO - Retrieving data for TTC
2025-04-08 21:56:20,208 - INFO - Inserted/updated 3840 records for TTC
2025-04-08 21:56:21,210 - INFO - Retrieving data for QRVO
2025-04-08 21:56:21,965 - INFO - Inserted/updated 2582 records for QRVO
2025-04-08 21:56:22,966 - INFO - Retrieving data for HOOD
2025-04-08 21:56:23,353 - INFO - Inserted/updated 928 records for HOOD
2025-04-08 21:56:24,355 - INFO - Retrieving data for AEG
2025-04-08 21:56:25,460 - INFO - Inserted/updated 3840 records for AEG
2025-04-08 21:56:26,464 - INFO - Retrieving data for ZG
2025-04-08 21:56:27,405 - INFO - Inserted/updated 3451 records for ZG
2025-04-08 21:56:28,410 - INFO - Retrieving data for BCH
2025-04-08 21:56:29,454 - INFO - Inserted/updated 3840 records for BCH
2025-04-08 21:56:30,461 - INFO - Retrieving data for JAZZ
2025-04-08 21:56:31,564 - INFO - Inserted/updated 3840 records for JAZZ
2025-04-08 21:56:32,572 - INFO - Retrieving data for DECK
2025-04-08 21:56:33,621 - INFO - Inserted/updated 3840 records for DECK
2025-04-08 21:56:34,624 - INFO - Retrieving data for MTN
2025-04-08 21:56:35,709 - INFO - Inserted/updated 3840 records for MTN
2025-04-08 21:56:36,711 - INFO - Retrieving data for HII
2025-04-08 21:56:37,687 - INFO - Inserted/updated 3534 records for HII
2025-04-08 21:56:38,696 - INFO - Retrieving data for TFII
2025-04-08 21:56:39,730 - INFO - Inserted/updated 3768 records for TFII
2025-04-08 21:56:40,776 - INFO - Retrieving data for BURL
2025-04-08 21:56:41,614 - INFO - Inserted/updated 2897 records for BURL
2025-04-08 21:56:42,618 - INFO - Retrieving data for AAL
2025-04-08 21:56:43,710 - INFO - Inserted/updated 3840 records for AAL
2025-04-08 21:56:44,766 - INFO - Retrieving data for ZION
2025-04-08 21:56:44,436 - INFO - Inserted/updated 3840 records for ZION
2025-04-08 21:56:45,439 - INFO - Retrieving data for FFIV
2025-04-08 21:56:46,500 - INFO - Inserted/updated 3840 records for FFIV
2025-04-08 21:56:47,501 - INFO - Retrieving data for LUMN
2025-04-08 21:56:48,557 - INFO - Inserted/updated 3840 records for LUMN
2025-04-08 21:56:49,565 - INFO - Retrieving data for LII
2025-04-08 21:56:50,634 - INFO - Inserted/updated 3840 records for LII
2025-04-08 21:56:51,637 - INFO - Retrieving data for TPR
2025-04-08 21:56:52,712 - INFO - Inserted/updated 3840 records for TPR
2025-04-08 21:56:53,715 - INFO - Retrieving data for CAR
2025-04-08 21:56:54,829 - INFO - Inserted/updated 3840 records for CAR
2025-04-08 21:56:55,832 - INFO - Retrieving data for APP
2025-04-08 21:56:56,238 - INFO - Inserted/updated 1001 records for APP
2025-04-08 21:56:57,241 - INFO - Retrieving data for JNPR
2025-04-08 21:56:58,267 - INFO - Inserted/updated 3840 records for JNPR
2025-04-08 21:56:59,270 - INFO - Retrieving data for GLOB
2025-04-08 21:57:00,037 - INFO - Inserted/updated 2698 records for GLOB
2025-04-08 21:57:01,039 - INFO - Retrieving data for BZ
2025-04-08 21:57:01,665 - INFO - Inserted/updated 961 records for BZ
2025-04-08 21:57:02,667 - INFO - Retrieving data for REXR
2025-04-08 21:57:04,388 - INFO - Inserted/updated 2949 records for REXR
2025-04-08 21:57:05,393 - INFO - Retrieving data for CFR
2025-04-08 21:57:06,457 - INFO - Inserted/updated 3840 records for CFR
2025-04-08 21:57:07,460 - INFO - Retrieving data for AQN
2025-04-08 21:57:08,451 - INFO - Inserted/updated 3840 records for AQN
2025-04-08 21:57:09,453 - INFO - Retrieving data for HTZ
2025-04-08 21:57:09,852 - INFO - Inserted/updated 947 records for HTZ
2025-04-08 21:57:10,855 - INFO - Retrieving data for LNC
2025-04-08 21:57:11,950 - INFO - Inserted/updated 3840 records for LNC
2025-04-08 21:57:12,952 - INFO - Retrieving data for BWA
2025-04-08 21:57:14,025 - INFO - Inserted/updated 3840 records for BWA
2025-04-08 21:57:15,032 - INFO - Retrieving data for AIZ
2025-04-08 21:57:16,087 - INFO - Inserted/updated 3840 records for AIZ
2025-04-08 21:57:15,683 - INFO - Retrieving data for MANH
2025-04-08 21:57:16,866 - INFO - Inserted/updated 3840 records for MANH
2025-04-08 21:57:17,873 - INFO - Retrieving data for WHR
2025-04-08 21:57:18,998 - INFO - Inserted/updated 3840 records for WHR
2025-04-08 21:57:20,000 - INFO - Retrieving data for LU
2025-04-08 21:57:20,452 - INFO - Inserted/updated 1114 records for LU
2025-04-08 21:57:21,456 - INFO - Retrieving data for KEP
2025-04-08 21:57:22,523 - INFO - Inserted/updated 3840 records for KEP
2025-04-08 21:57:23,526 - INFO - Retrieving data for RGA
2025-04-08 21:57:24,575 - INFO - Inserted/updated 3840 records for RGA
2025-04-08 21:57:25,578 - INFO - Retrieving data for DXCM
2025-04-08 21:57:26,682 - INFO - Inserted/updated 3840 records for DXCM
2025-04-08 21:57:27,684 - INFO - Retrieving data for ARCC
2025-04-08 21:57:28,708 - INFO - Inserted/updated 3840 records for ARCC
2025-04-08 21:57:29,717 - INFO - Retrieving data for SNX
2025-04-08 21:57:30,765 - INFO - Inserted/updated 3840 records for SNX
2025-04-08 21:57:31,768 - INFO - Retrieving data for PAA
2025-04-08 21:57:32,854 - INFO - Inserted/updated 3840 records for PAA
2025-04-08 21:57:33,856 - INFO - Retrieving data for ESLT
2025-04-08 21:57:34,953 - INFO - Inserted/updated 3840 records for ESLT
2025-04-08 21:57:35,956 - INFO - Retrieving data for GTLB
2025-04-08 21:57:36,341 - INFO - Inserted/updated 874 records for GTLB
2025-04-08 21:57:37,365 - INFO - Retrieving data for RHI
2025-04-08 21:57:38,413 - INFO - Inserted/updated 3840 records for RHI
2025-04-08 21:57:39,417 - INFO - Retrieving data for WFG
2025-04-08 21:57:40,460 - INFO - Inserted/updated 3825 records for WFG
2025-04-08 21:57:41,462 - INFO - Retrieving data for RDY
2025-04-08 21:57:42,554 - INFO - Inserted/updated 3840 records for RDY
2025-04-08 21:57:43,556 - INFO - Retrieving data for MASI
2025-04-08 21:57:44,615 - INFO - Inserted/updated 3840 records for MASI
2025-04-08 21:57:45,618 - INFO - Retrieving data for CBSH
2025-04-08 21:57:46,759 - INFO - Inserted/updated 3840 records for CBSH
2025-04-08 21:57:46,364 - INFO - Retrieving data for JBL
2025-04-08 21:57:47,434 - INFO - Inserted/updated 3840 records for JBL
2025-04-08 21:57:48,466 - INFO - Retrieving data for FLEX
2025-04-08 21:57:49,539 - INFO - Inserted/updated 3840 records for FLEX
2025-04-08 21:57:50,551 - INFO - Retrieving data for G
2025-04-08 21:57:51,592 - INFO - Inserted/updated 3840 records for G
2025-04-08 21:57:52,593 - INFO - Retrieving data for FND
2025-04-08 21:57:53,209 - INFO - Inserted/updated 1999 records for FND
2025-04-08 21:57:54,212 - INFO - Retrieving data for AOS
2025-04-08 21:57:55,292 - INFO - Inserted/updated 3840 records for AOS
2025-04-08 21:57:56,293 - INFO - Retrieving data for OC
2025-04-08 21:57:57,323 - INFO - Inserted/updated 3840 records for OC
2025-04-08 21:57:58,324 - INFO - Retrieving data for ALLE
2025-04-08 21:57:59,118 - INFO - Inserted/updated 2864 records for ALLE
2025-04-08 21:58:00,122 - INFO - Retrieving data for JLL
2025-04-08 21:58:01,206 - INFO - Inserted/updated 3840 records for JLL
2025-04-08 21:58:02,208 - INFO - Retrieving data for TME
2025-04-08 21:58:03,441 - INFO - Inserted/updated 1589 records for TME
2025-04-08 21:58:04,444 - INFO - Retrieving data for DBX
2025-04-08 21:58:05,678 - INFO - Inserted/updated 1771 records for DBX
2025-04-08 21:58:06,680 - INFO - Retrieving data for PNW
2025-04-08 21:58:07,886 - INFO - Inserted/updated 3840 records for PNW
2025-04-08 21:58:08,889 - INFO - Retrieving data for PSTG
2025-04-08 21:58:09,628 - INFO - Inserted/updated 2390 records for PSTG
2025-04-08 21:58:10,635 - INFO - Retrieving data for UNM
2025-04-08 21:58:11,734 - INFO - Inserted/updated 3840 records for UNM
2025-04-08 21:58:12,741 - INFO - Retrieving data for FTNT
2025-04-08 21:58:13,720 - INFO - Inserted/updated 3840 records for FTNT
2025-04-08 21:58:14,722 - INFO - Retrieving data for BRKR
2025-04-08 21:58:15,785 - INFO - Inserted/updated 3840 records for BRKR
2025-04-08 21:58:16,790 - INFO - Retrieving data for PAG
2025-04-08 21:58:17,981 - INFO - Inserted/updated 3840 records for PAG
2025-04-08 21:58:17,582 - INFO - Retrieving data for FCNCA
2025-04-08 21:58:18,714 - INFO - Inserted/updated 3840 records for FCNCA
2025-04-08 21:58:19,719 - INFO - Retrieving data for AXON
2025-04-08 21:58:20,790 - INFO - Inserted/updated 3840 records for AXON
2025-04-08 21:58:21,793 - INFO - Retrieving data for LEA
2025-04-08 21:58:22,792 - INFO - Inserted/updated 3840 records for LEA
2025-04-08 21:58:23,794 - INFO - Retrieving data for JEF
2025-04-08 21:58:24,838 - INFO - Inserted/updated 3840 records for JEF
2025-04-08 21:58:25,841 - INFO - Retrieving data for OGE
2025-04-08 21:58:26,933 - INFO - Inserted/updated 3840 records for OGE
2025-04-08 21:58:27,935 - INFO - Retrieving data for LOGI
2025-04-08 21:58:28,994 - INFO - Inserted/updated 3840 records for LOGI
2025-04-08 21:58:29,997 - INFO - Retrieving data for MPW
2025-04-08 21:58:31,012 - INFO - Inserted/updated 3840 records for MPW
2025-04-08 21:58:32,035 - INFO - Retrieving data for RRC
2025-04-08 21:58:33,164 - INFO - Inserted/updated 3840 records for RRC
2025-04-08 21:58:34,167 - INFO - Retrieving data for LECO
2025-04-08 21:58:35,227 - INFO - Inserted/updated 3840 records for LECO
2025-04-08 21:58:36,229 - INFO - Retrieving data for AA
2025-04-08 21:58:36,885 - INFO - Inserted/updated 2130 records for AA
2025-04-08 21:58:37,891 - INFO - Retrieving data for KNX
2025-04-08 21:58:39,110 - INFO - Inserted/updated 3840 records for KNX
2025-04-08 21:58:40,112 - INFO - Retrieving data for GRFS
2025-04-08 21:58:41,061 - INFO - Inserted/updated 3484 records for GRFS
2025-04-08 21:58:42,063 - INFO - Retrieving data for AGCO
2025-04-08 21:58:43,150 - INFO - Inserted/updated 3840 records for AGCO
2025-04-08 21:58:44,200 - INFO - Retrieving data for PATH
2025-04-08 21:58:44,620 - INFO - Inserted/updated 997 records for PATH
2025-04-08 21:58:45,621 - INFO - Retrieving data for CASY
2025-04-08 21:58:46,738 - INFO - Inserted/updated 3840 records for CASY
2025-04-08 21:58:47,741 - INFO - Retrieving data for UHS
2025-04-08 21:58:48,874 - INFO - Inserted/updated 3840 records for UHS
2025-04-08 21:58:48,471 - INFO - Retrieving data for OTEX
2025-04-08 21:58:49,520 - INFO - Inserted/updated 3840 records for OTEX
2025-04-08 21:58:50,522 - INFO - Retrieving data for MIDD
2025-04-08 21:58:51,656 - INFO - Inserted/updated 3840 records for MIDD
2025-04-08 21:58:52,663 - INFO - Retrieving data for HRB
2025-04-08 21:58:53,820 - INFO - Inserted/updated 3840 records for HRB
2025-04-08 21:58:54,842 - INFO - Retrieving data for DLO
2025-04-08 21:58:55,237 - INFO - Inserted/updated 967 records for DLO
2025-04-08 21:58:56,238 - INFO - Retrieving data for NXST
2025-04-08 21:58:57,269 - INFO - Inserted/updated 3840 records for NXST
2025-04-08 21:58:58,270 - INFO - Retrieving data for UGI
2025-04-08 21:58:59,308 - INFO - Inserted/updated 3840 records for UGI
2025-04-08 21:59:00,310 - INFO - Retrieving data for PSO
2025-04-08 21:59:01,357 - INFO - Inserted/updated 3840 records for PSO
2025-04-08 21:59:02,359 - INFO - Retrieving data for DKNG
2025-04-08 21:59:02,901 - INFO - Inserted/updated 1434 records for DKNG
2025-04-08 21:59:03,906 - INFO - Retrieving data for TIXT
2025-04-08 21:59:04,348 - INFO - Inserted/updated 1050 records for TIXT
2025-04-08 21:59:05,350 - INFO - Retrieving data for ESTC
2025-04-08 21:59:05,909 - INFO - Inserted/updated 1635 records for ESTC
2025-04-08 21:59:06,912 - INFO - Retrieving data for FRT
2025-04-08 21:59:08,093 - INFO - Inserted/updated 3840 records for FRT
2025-04-08 21:59:09,099 - INFO - Retrieving data for OLN
2025-04-08 21:59:10,230 - INFO - Inserted/updated 3840 records for OLN
2025-04-08 21:59:11,231 - INFO - Retrieving data for SKM
2025-04-08 21:59:12,275 - INFO - Inserted/updated 3840 records for SKM
2025-04-08 21:59:13,277 - INFO - Retrieving data for MAT
2025-04-08 21:59:14,351 - INFO - Inserted/updated 3840 records for MAT
2025-04-08 21:59:15,353 - INFO - Retrieving data for RUN
2025-04-08 21:59:16,047 - INFO - Inserted/updated 2434 records for RUN
2025-04-08 21:59:17,097 - INFO - Retrieving data for NNN
2025-04-08 21:59:18,180 - INFO - Inserted/updated 3840 records for NNN
2025-04-08 21:59:19,181 - INFO - Retrieving data for CHDN
2025-04-08 21:59:18,883 - INFO - Inserted/updated 3840 records for CHDN
2025-04-08 21:59:19,885 - INFO - Retrieving data for SEIC
2025-04-08 21:59:20,988 - INFO - Inserted/updated 3840 records for SEIC
2025-04-08 21:59:21,989 - INFO - Retrieving data for WAL
2025-04-08 21:59:23,053 - INFO - Inserted/updated 3840 records for WAL
2025-04-08 21:59:24,062 - INFO - Retrieving data for FIVE
2025-04-08 21:59:24,952 - INFO - Inserted/updated 3199 records for FIVE
2025-04-08 21:59:25,954 - INFO - Retrieving data for CLF
2025-04-08 21:59:27,032 - INFO - Inserted/updated 3840 records for CLF
2025-04-08 21:59:28,039 - INFO - Retrieving data for YMM
2025-04-08 21:59:28,430 - INFO - Inserted/updated 954 records for YMM
2025-04-08 21:59:29,431 - INFO - Retrieving data for OLPX
2025-04-08 21:59:29,955 - INFO - Inserted/updated 884 records for OLPX
2025-04-08 21:59:30,976 - INFO - Retrieving data for CELH
2025-04-08 21:59:31,731 - INFO - Inserted/updated 2292 records for CELH
2025-04-08 21:59:32,742 - INFO - Retrieving data for GTLS
2025-04-08 21:59:33,769 - INFO - Inserted/updated 3840 records for GTLS
2025-04-08 21:59:34,772 - INFO - Retrieving data for PFGC
2025-04-08 21:59:35,495 - INFO - Inserted/updated 2394 records for PFGC
2025-04-08 21:59:36,512 - INFO - Retrieving data for PEN
2025-04-08 21:59:37,263 - INFO - Inserted/updated 2403 records for PEN
2025-04-08 21:59:38,265 - INFO - Retrieving data for IVZ
2025-04-08 21:59:39,334 - INFO - Inserted/updated 3840 records for IVZ
2025-04-08 21:59:40,340 - INFO - Retrieving data for COLD
2025-04-08 21:59:40,959 - INFO - Inserted/updated 1815 records for COLD
2025-04-08 21:59:41,962 - INFO - Retrieving data for WYNN
2025-04-08 21:59:43,004 - INFO - Inserted/updated 3840 records for WYNN
2025-04-08 21:59:44,006 - INFO - Retrieving data for ACHC
2025-04-08 21:59:45,159 - INFO - Inserted/updated 3840 records for ACHC
2025-04-08 21:59:46,161 - INFO - Retrieving data for SEE
2025-04-08 21:59:47,200 - INFO - Inserted/updated 3840 records for SEE
2025-04-08 21:59:48,202 - INFO - Retrieving data for PCOR
2025-04-08 21:59:48,619 - INFO - Inserted/updated 976 records for PCOR
2025-04-08 21:59:49,621 - INFO - Retrieving data for CLVT
2025-04-08 21:59:50,197 - INFO - Inserted/updated 1619 records for CLVT
2025-04-08 21:59:49,818 - INFO - Retrieving data for GGB
2025-04-08 21:59:50,895 - INFO - Inserted/updated 3840 records for GGB
2025-04-08 21:59:51,896 - INFO - Retrieving data for PAC
2025-04-08 21:59:52,913 - INFO - Inserted/updated 3840 records for PAC
2025-04-08 21:59:53,916 - INFO - Retrieving data for S
2025-04-08 21:59:54,326 - INFO - Inserted/updated 948 records for S
2025-04-08 21:59:55,332 - INFO - Retrieving data for CGNX
2025-04-08 21:59:56,369 - INFO - Inserted/updated 3840 records for CGNX
2025-04-08 21:59:57,372 - INFO - Retrieving data for DLB
2025-04-08 21:59:58,440 - INFO - Inserted/updated 3840 records for DLB
2025-04-08 21:59:59,459 - INFO - Retrieving data for LAD
2025-04-08 22:00:00,535 - INFO - Inserted/updated 3840 records for LAD
2025-04-08 22:00:01,536 - INFO - Retrieving data for BSAC
2025-04-08 22:00:03,816 - INFO - Inserted/updated 3840 records for BSAC
2025-04-08 22:00:04,822 - INFO - Retrieving data for OGN
2025-04-08 22:00:06,429 - INFO - Inserted/updated 969 records for OGN
2025-04-08 22:00:07,431 - INFO - Retrieving data for BERY
2025-04-08 22:00:08,626 - INFO - Inserted/updated 3145 records for BERY
2025-04-08 22:00:09,628 - INFO - Retrieving data for OHI
2025-04-08 22:00:10,692 - INFO - Inserted/updated 3840 records for OHI
2025-04-08 22:00:11,694 - INFO - Retrieving data for AN
2025-04-08 22:00:12,802 - INFO - Inserted/updated 3840 records for AN
2025-04-08 22:00:13,807 - INFO - Retrieving data for RBA
2025-04-08 22:00:14,950 - INFO - Inserted/updated 3840 records for RBA
2025-04-08 22:00:15,960 - INFO - Retrieving data for MUSA
2025-04-08 22:00:16,784 - INFO - Inserted/updated 2928 records for MUSA
2025-04-08 22:00:17,796 - INFO - Retrieving data for PNR
2025-04-08 22:00:18,857 - INFO - Inserted/updated 3840 records for PNR
2025-04-08 22:00:19,860 - INFO - Retrieving data for XRAY
2025-04-08 22:00:21,012 - INFO - Inserted/updated 3840 records for XRAY
2025-04-08 22:00:20,609 - INFO - Retrieving data for CACC
2025-04-08 22:00:21,695 - INFO - Inserted/updated 3840 records for CACC
2025-04-08 22:00:22,698 - INFO - Retrieving data for TTEK
2025-04-08 22:00:23,842 - INFO - Inserted/updated 3840 records for TTEK
2025-04-08 22:00:24,844 - INFO - Retrieving data for VIPS
2025-04-08 22:00:25,752 - INFO - Inserted/updated 3280 records for VIPS
2025-04-08 22:00:26,755 - INFO - Retrieving data for ELAN
2025-04-08 22:00:27,339 - INFO - Inserted/updated 1646 records for ELAN
2025-04-08 22:00:28,342 - INFO - Retrieving data for NWL
2025-04-08 22:00:29,452 - INFO - Inserted/updated 3840 records for NWL
2025-04-08 22:00:30,454 - INFO - Retrieving data for STWD
2025-04-08 22:00:31,567 - INFO - Inserted/updated 3840 records for STWD
2025-04-08 22:00:32,643 - INFO - Retrieving data for VOYA
2025-04-08 22:00:33,472 - INFO - Inserted/updated 3003 records for VOYA
2025-04-08 22:00:34,473 - INFO - Retrieving data for EXAS
2025-04-08 22:00:35,561 - INFO - Inserted/updated 3840 records for EXAS
2025-04-08 22:00:36,578 - INFO - Retrieving data for CFLT
2025-04-08 22:00:36,955 - INFO - Inserted/updated 952 records for CFLT
2025-04-08 22:00:37,964 - INFO - Retrieving data for LEVI
2025-04-08 22:00:38,486 - INFO - Inserted/updated 1522 records for LEVI
2025-04-08 22:00:39,490 - INFO - Retrieving data for RNR
2025-04-08 22:00:40,633 - INFO - Inserted/updated 3840 records for RNR
2025-04-08 22:00:41,664 - INFO - Retrieving data for GPK
2025-04-08 22:00:42,757 - INFO - Inserted/updated 3840 records for GPK
2025-04-08 22:00:43,761 - INFO - Retrieving data for BEPC
2025-04-08 22:00:43,962 - INFO - Inserted/updated 71 records for BEPC
2025-04-08 22:00:44,963 - INFO - Retrieving data for BILI
2025-04-08 22:00:45,529 - INFO - Inserted/updated 1768 records for BILI
2025-04-08 22:00:46,567 - INFO - Retrieving data for KBR
2025-04-08 22:00:47,647 - INFO - Inserted/updated 3840 records for KBR
2025-04-08 22:00:48,650 - INFO - Retrieving data for LSCC
2025-04-08 22:00:49,792 - INFO - Inserted/updated 3840 records for LSCC
2025-04-08 22:00:50,796 - INFO - Retrieving data for ARW
2025-04-08 22:00:51,848 - INFO - Inserted/updated 3840 records for ARW
2025-04-08 22:00:51,451 - INFO - Retrieving data for CPRI
2025-04-08 22:00:52,351 - INFO - Inserted/updated 3347 records for CPRI
2025-04-08 22:00:53,357 - INFO - Retrieving data for DXC
2025-04-08 22:00:53,986 - INFO - Inserted/updated 2058 records for DXC
2025-04-08 22:00:54,988 - INFO - Retrieving data for ATR
2025-04-08 22:00:56,126 - INFO - Inserted/updated 3840 records for ATR
2025-04-08 22:00:57,128 - INFO - Retrieving data for NEP
2025-04-08 22:00:57,343 - ERROR - Error processing ticker NEP: 'Time Series (Daily)'
2025-04-08 22:00:58,344 - INFO - Retrieving data for MTDR
2025-04-08 22:00:59,220 - INFO - Inserted/updated 3315 records for MTDR
2025-04-08 22:01:00,229 - INFO - Retrieving data for NOV
2025-04-08 22:01:01,281 - INFO - Inserted/updated 3840 records for NOV
2025-04-08 22:01:02,292 - INFO - Retrieving data for RL
2025-04-08 22:01:04,397 - INFO - Inserted/updated 3840 records for RL
2025-04-08 22:01:05,414 - INFO - Retrieving data for MHK
2025-04-08 22:01:07,197 - INFO - Inserted/updated 3840 records for MHK
2025-04-08 22:01:08,198 - INFO - Retrieving data for ADT
2025-04-08 22:01:08,862 - INFO - Inserted/updated 1815 records for ADT
2025-04-08 22:01:09,867 - INFO - Retrieving data for GFI
2025-04-08 22:01:10,954 - INFO - Inserted/updated 3840 records for GFI
2025-04-08 22:01:11,956 - INFO - Retrieving data for ORI
2025-04-08 22:01:13,099 - INFO - Inserted/updated 3840 records for ORI
2025-04-08 22:01:14,102 - INFO - Retrieving data for AFRM
2025-04-08 22:01:14,591 - INFO - Inserted/updated 1064 records for AFRM
2025-04-08 22:01:15,597 - INFO - Retrieving data for CIB
2025-04-08 22:01:16,690 - INFO - Inserted/updated 3840 records for CIB
2025-04-08 22:01:17,694 - INFO - Retrieving data for PII
2025-04-08 22:01:18,872 - INFO - Inserted/updated 3840 records for PII
2025-04-08 22:01:19,902 - INFO - Retrieving data for IONS
2025-04-08 22:01:21,026 - INFO - Inserted/updated 3840 records for IONS
2025-04-08 22:01:22,029 - INFO - Retrieving data for WCC
2025-04-08 22:01:23,242 - INFO - Inserted/updated 3840 records for WCC
2025-04-08 22:01:22,843 - INFO - Retrieving data for USFD
2025-04-08 22:01:23,555 - INFO - Inserted/updated 2230 records for USFD
2025-04-08 22:01:24,557 - INFO - Retrieving data for LEGN
2025-04-08 22:01:25,083 - INFO - Inserted/updated 1217 records for LEGN
2025-04-08 22:01:26,085 - INFO - Retrieving data for FR
2025-04-08 22:01:27,164 - INFO - Inserted/updated 3840 records for FR
2025-04-08 22:01:28,165 - INFO - Retrieving data for WEX
2025-04-08 22:01:29,262 - INFO - Inserted/updated 3840 records for WEX
2025-04-08 22:01:30,266 - INFO - Retrieving data for PB
2025-04-08 22:01:31,278 - INFO - Inserted/updated 3840 records for PB
2025-04-08 22:01:32,280 - INFO - Retrieving data for CVNA
2025-04-08 22:01:32,934 - INFO - Inserted/updated 1998 records for CVNA
2025-04-08 22:01:33,937 - INFO - Retrieving data for CLH
2025-04-08 22:01:34,982 - INFO - Inserted/updated 3840 records for CLH
2025-04-08 22:01:35,984 - INFO - Retrieving data for EDR
2025-04-08 22:01:36,415 - INFO - Inserted/updated 980 records for EDR
2025-04-08 22:01:37,418 - INFO - Retrieving data for CHH
2025-04-08 22:01:38,470 - INFO - Inserted/updated 3840 records for CHH
2025-04-08 22:01:39,479 - INFO - Retrieving data for CIEN
2025-04-08 22:01:40,515 - INFO - Inserted/updated 3840 records for CIEN
2025-04-08 22:01:41,518 - INFO - Retrieving data for ASR
2025-04-08 22:01:42,625 - INFO - Inserted/updated 3840 records for ASR
2025-04-08 22:01:43,628 - INFO - Retrieving data for FUTU
2025-04-08 22:01:44,167 - INFO - Inserted/updated 1531 records for FUTU
2025-04-08 22:01:45,169 - INFO - Retrieving data for ALV
2025-04-08 22:01:46,238 - INFO - Inserted/updated 3840 records for ALV
2025-04-08 22:01:47,241 - INFO - Retrieving data for NFG
2025-04-08 22:01:48,340 - INFO - Inserted/updated 3840 records for NFG
2025-04-08 22:01:49,357 - INFO - Retrieving data for NCLH
2025-04-08 22:01:50,245 - INFO - Inserted/updated 3074 records for NCLH
2025-04-08 22:01:51,247 - INFO - Retrieving data for CACI
2025-04-08 22:01:52,381 - INFO - Inserted/updated 3840 records for CACI
2025-04-08 22:01:53,383 - INFO - Retrieving data for CABO
2025-04-08 22:01:54,147 - INFO - Inserted/updated 2458 records for CABO
2025-04-08 22:01:53,749 - INFO - Retrieving data for ST
2025-04-08 22:01:54,728 - INFO - Inserted/updated 3794 records for ST
2025-04-08 22:01:55,741 - INFO - Retrieving data for IOT
2025-04-08 22:01:56,111 - INFO - Inserted/updated 831 records for IOT
2025-04-08 22:01:57,111 - INFO - Retrieving data for THC
2025-04-08 22:01:58,176 - INFO - Inserted/updated 3840 records for THC
2025-04-08 22:01:59,187 - INFO - Retrieving data for PNFP
2025-04-08 22:02:00,373 - INFO - Inserted/updated 3840 records for PNFP
2025-04-08 22:02:01,375 - INFO - Retrieving data for DCI
2025-04-08 22:02:02,528 - INFO - Inserted/updated 3840 records for DCI
2025-04-08 22:02:03,534 - INFO - Retrieving data for CHPT
2025-04-08 22:02:04,145 - INFO - Inserted/updated 1399 records for CHPT
2025-04-08 22:02:05,151 - INFO - Retrieving data for BPOP
2025-04-08 22:02:06,300 - INFO - Inserted/updated 3840 records for BPOP
2025-04-08 22:02:07,308 - INFO - Retrieving data for SBS
2025-04-08 22:02:08,455 - INFO - Inserted/updated 3840 records for SBS
2025-04-08 22:02:09,459 - INFO - Retrieving data for CSAN
2025-04-08 22:02:09,876 - INFO - Inserted/updated 1028 records for CSAN
2025-04-08 22:02:10,877 - INFO - Retrieving data for EME
2025-04-08 22:02:12,002 - INFO - Inserted/updated 3840 records for EME
2025-04-08 22:02:13,004 - INFO - Retrieving data for HOG
2025-04-08 22:02:14,111 - INFO - Inserted/updated 3840 records for HOG
2025-04-08 22:02:15,116 - INFO - Retrieving data for COTY
2025-04-08 22:02:16,016 - INFO - Inserted/updated 2974 records for COTY
2025-04-08 22:02:17,018 - INFO - Retrieving data for SBSW
2025-04-08 22:02:17,878 - INFO - Inserted/updated 3059 records for SBSW
2025-04-08 22:02:18,880 - INFO - Retrieving data for BOKF
2025-04-08 22:02:19,991 - INFO - Inserted/updated 3840 records for BOKF
2025-04-08 22:02:20,993 - INFO - Retrieving data for DNB
2025-04-08 22:02:21,448 - INFO - Inserted/updated 1199 records for DNB
2025-04-08 22:02:22,489 - INFO - Retrieving data for CNXC
2025-04-08 22:02:22,947 - INFO - Inserted/updated 1096 records for CNXC
2025-04-08 22:02:23,951 - INFO - Retrieving data for APLS
2025-04-08 22:02:24,580 - INFO - Inserted/updated 1862 records for APLS
2025-04-08 22:02:24,178 - INFO - Retrieving data for WH
2025-04-08 22:02:24,822 - INFO - Inserted/updated 1729 records for WH
2025-04-08 22:02:25,824 - INFO - Retrieving data for TXRH
2025-04-08 22:02:26,960 - INFO - Inserted/updated 3840 records for TXRH
2025-04-08 22:02:27,968 - INFO - Retrieving data for BRX
2025-04-08 22:02:28,752 - INFO - Inserted/updated 2877 records for BRX
2025-04-08 22:02:29,754 - INFO - Retrieving data for SF
2025-04-08 22:02:30,794 - INFO - Inserted/updated 3840 records for SF
2025-04-08 22:02:31,795 - INFO - Retrieving data for MUR
2025-04-08 22:02:33,042 - INFO - Inserted/updated 3840 records for MUR
2025-04-08 22:02:34,043 - INFO - Retrieving data for PPC
2025-04-08 22:02:35,200 - INFO - Inserted/updated 3840 records for PPC
2025-04-08 22:02:36,202 - INFO - Retrieving data for GMED
2025-04-08 22:02:37,083 - INFO - Inserted/updated 3188 records for GMED
2025-04-08 22:02:38,086 - INFO - Retrieving data for ASND
2025-04-08 22:02:39,005 - INFO - Inserted/updated 2565 records for ASND
2025-04-08 22:02:40,007 - INFO - Retrieving data for GNTX
2025-04-08 22:02:41,072 - INFO - Inserted/updated 3840 records for GNTX
2025-04-08 22:02:42,076 - INFO - Retrieving data for ITT
2025-04-08 22:02:43,553 - INFO - Inserted/updated 3840 records for ITT
2025-04-08 22:02:44,555 - INFO - Retrieving data for VAC
2025-04-08 22:02:45,886 - INFO - Inserted/updated 3373 records for VAC
2025-04-08 22:02:46,892 - INFO - Retrieving data for GIL
2025-04-08 22:02:47,908 - INFO - Inserted/updated 3840 records for GIL
2025-04-08 22:02:48,911 - INFO - Retrieving data for SON
2025-04-08 22:02:49,981 - INFO - Inserted/updated 3840 records for SON
2025-04-08 22:02:50,984 - INFO - Retrieving data for UWMC
2025-04-08 22:02:51,433 - INFO - Inserted/updated 1030 records for UWMC
2025-04-08 22:02:52,434 - INFO - Retrieving data for MNDY
2025-04-08 22:02:52,841 - INFO - Inserted/updated 962 records for MNDY
2025-04-08 22:02:53,848 - INFO - Retrieving data for DOCS
2025-04-08 22:02:54,248 - INFO - Inserted/updated 952 records for DOCS
2025-04-08 22:02:55,249 - INFO - Retrieving data for MTZ
2025-04-08 22:02:54,936 - INFO - Inserted/updated 3840 records for MTZ
2025-04-08 22:02:55,938 - INFO - Retrieving data for FFIN
2025-04-08 22:02:57,073 - INFO - Inserted/updated 3840 records for FFIN
2025-04-08 22:02:58,075 - INFO - Retrieving data for CYBR
2025-04-08 22:02:58,846 - INFO - Inserted/updated 2651 records for CYBR
2025-04-08 22:02:59,882 - INFO - Retrieving data for HQY
2025-04-08 22:03:00,652 - INFO - Inserted/updated 2689 records for HQY
2025-04-08 22:03:01,655 - INFO - Retrieving data for FYBR
2025-04-08 22:03:03,213 - INFO - Inserted/updated 988 records for FYBR
2025-04-08 22:03:04,215 - INFO - Retrieving data for PHI
2025-04-08 22:03:06,352 - INFO - Inserted/updated 3840 records for PHI
2025-04-08 22:03:07,357 - INFO - Retrieving data for MDU
2025-04-08 22:03:08,429 - INFO - Inserted/updated 3840 records for MDU
2025-04-08 22:03:09,437 - INFO - Retrieving data for BYD
2025-04-08 22:03:10,573 - INFO - Inserted/updated 3840 records for BYD
2025-04-08 22:03:11,574 - INFO - Retrieving data for WF
2025-04-08 22:03:12,725 - INFO - Inserted/updated 3840 records for WF
2025-04-08 22:03:13,728 - INFO - Retrieving data for QLYS
2025-04-08 22:03:14,623 - INFO - Inserted/updated 3149 records for QLYS
2025-04-08 22:03:15,627 - INFO - Retrieving data for RGLD
2025-04-08 22:03:16,701 - INFO - Inserted/updated 3840 records for RGLD
2025-04-08 22:03:17,709 - INFO - Retrieving data for KT
2025-04-08 22:03:18,871 - INFO - Inserted/updated 3840 records for KT
2025-04-08 22:03:19,882 - INFO - Retrieving data for GH
2025-04-08 22:03:20,505 - INFO - Inserted/updated 1636 records for GH
2025-04-08 22:03:21,516 - INFO - Retrieving data for WWD
2025-04-08 22:03:22,575 - INFO - Inserted/updated 3840 records for WWD
2025-04-08 22:03:23,577 - INFO - Retrieving data for HALO
2025-04-08 22:03:24,614 - INFO - Inserted/updated 3840 records for HALO
2025-04-08 22:03:25,617 - INFO - Retrieving data for IRDM
2025-04-08 22:03:26,604 - INFO - Inserted/updated 3840 records for IRDM
2025-04-08 22:03:26,196 - INFO - Retrieving data for INFA
2025-04-08 22:03:26,593 - INFO - Inserted/updated 865 records for INFA
2025-04-08 22:03:27,593 - INFO - Retrieving data for AGNC
2025-04-08 22:03:28,657 - INFO - Inserted/updated 3840 records for AGNC
2025-04-08 22:03:29,660 - INFO - Retrieving data for SNV
2025-04-08 22:03:30,725 - INFO - Inserted/updated 3840 records for SNV
2025-04-08 22:03:31,731 - INFO - Retrieving data for FSK
2025-04-08 22:03:32,510 - INFO - Inserted/updated 2762 records for FSK
2025-04-08 22:03:33,511 - INFO - Retrieving data for VMI
2025-04-08 22:03:34,652 - INFO - Inserted/updated 3840 records for VMI
2025-04-08 22:03:35,661 - INFO - Retrieving data for DSGX
2025-04-08 22:03:36,694 - INFO - Inserted/updated 3840 records for DSGX
2025-04-08 22:03:37,697 - INFO - Retrieving data for FIVN
2025-04-08 22:03:38,483 - INFO - Inserted/updated 2770 records for FIVN
2025-04-08 22:03:39,502 - INFO - Retrieving data for REYN
2025-04-08 22:03:39,979 - INFO - Inserted/updated 1304 records for REYN
2025-04-08 22:03:40,980 - INFO - Retrieving data for ALK
2025-04-08 22:03:42,057 - INFO - Inserted/updated 3840 records for ALK
2025-04-08 22:03:43,061 - INFO - Retrieving data for KRC
2025-04-08 22:03:44,133 - INFO - Inserted/updated 3840 records for KRC
2025-04-08 22:03:45,137 - INFO - Retrieving data for LYFT
2025-04-08 22:03:45,692 - INFO - Inserted/updated 1516 records for LYFT
2025-04-08 22:03:46,702 - INFO - Retrieving data for DOOO
2025-04-08 22:03:47,507 - INFO - Inserted/updated 2952 records for DOOO
2025-04-08 22:03:48,509 - INFO - Retrieving data for OPCH
2025-04-08 22:03:49,566 - INFO - Inserted/updated 3840 records for OPCH
2025-04-08 22:03:50,571 - INFO - Retrieving data for HUN
2025-04-08 22:03:51,611 - INFO - Inserted/updated 3840 records for HUN
2025-04-08 22:03:52,617 - INFO - Retrieving data for CW
2025-04-08 22:03:53,692 - INFO - Inserted/updated 3840 records for CW
2025-04-08 22:03:54,694 - INFO - Retrieving data for NVST
2025-04-08 22:03:55,215 - INFO - Inserted/updated 1397 records for NVST
2025-04-08 22:03:56,217 - INFO - Retrieving data for ONON
2025-04-08 22:03:56,613 - INFO - Inserted/updated 895 records for ONON
2025-04-08 22:03:57,613 - INFO - Retrieving data for CRSP
2025-04-08 22:03:56,882 - INFO - Inserted/updated 2129 records for CRSP
2025-04-08 22:03:57,884 - INFO - Retrieving data for SNDL
2025-04-08 22:03:58,402 - INFO - Inserted/updated 1430 records for SNDL
2025-04-08 22:03:59,405 - INFO - Retrieving data for SSB
2025-04-08 22:04:00,471 - INFO - Inserted/updated 3840 records for SSB
2025-04-08 22:04:01,474 - INFO - Retrieving data for MP
2025-04-08 22:04:01,933 - INFO - Inserted/updated 1206 records for MP
2025-04-08 22:04:02,934 - INFO - Retrieving data for EXLS
2025-04-08 22:04:04,033 - INFO - Inserted/updated 3840 records for EXLS
2025-04-08 22:04:05,034 - INFO - Retrieving data for AXTA
2025-04-08 22:04:05,833 - INFO - Inserted/updated 2616 records for AXTA
2025-04-08 22:04:06,835 - INFO - Retrieving data for NVT
2025-04-08 22:04:07,411 - INFO - Inserted/updated 1746 records for NVT
2025-04-08 22:04:08,412 - INFO - Retrieving data for XPO
2025-04-08 22:04:09,470 - INFO - Inserted/updated 3840 records for XPO
2025-04-08 22:04:10,473 - INFO - Retrieving data for PLNT
2025-04-08 22:04:11,191 - INFO - Inserted/updated 2433 records for PLNT
2025-04-08 22:04:12,192 - INFO - Retrieving data for GBCI
2025-04-08 22:04:13,294 - INFO - Inserted/updated 3840 records for GBCI
2025-04-08 22:04:14,295 - INFO - Retrieving data for TIMB
2025-04-08 22:04:14,776 - INFO - Inserted/updated 1124 records for TIMB
2025-04-08 22:04:15,778 - INFO - Retrieving data for ASH
2025-04-08 22:04:16,967 - INFO - Inserted/updated 3840 records for ASH
2025-04-08 22:04:17,973 - INFO - Retrieving data for SKX
2025-04-08 22:04:19,026 - INFO - Inserted/updated 3840 records for SKX
2025-04-08 22:04:20,029 - INFO - Retrieving data for HCP
2025-04-08 22:04:20,421 - INFO - Inserted/updated 807 records for HCP
2025-04-08 22:04:21,425 - INFO - Retrieving data for LNTH
2025-04-08 22:04:22,124 - INFO - Inserted/updated 2462 records for LNTH
2025-04-08 22:04:23,125 - INFO - Retrieving data for BC
2025-04-08 22:04:24,242 - INFO - Inserted/updated 3840 records for BC
2025-04-08 22:04:25,244 - INFO - Retrieving data for BLD
2025-04-08 22:04:26,077 - INFO - Inserted/updated 2458 records for BLD
2025-04-08 22:04:27,078 - INFO - Retrieving data for TX
2025-04-08 22:04:28,179 - INFO - Inserted/updated 3840 records for TX
2025-04-08 22:04:27,779 - INFO - Retrieving data for WU
2025-04-08 22:04:28,796 - INFO - Inserted/updated 3840 records for WU
2025-04-08 22:04:29,799 - INFO - Retrieving data for IAC
2025-04-08 22:04:30,884 - INFO - Inserted/updated 3840 records for IAC
2025-04-08 22:04:31,885 - INFO - Retrieving data for CCCS
2025-04-08 22:04:32,308 - INFO - Inserted/updated 926 records for CCCS
2025-04-08 22:04:33,312 - INFO - Retrieving data for DDS
2025-04-08 22:04:34,367 - INFO - Inserted/updated 3840 records for DDS
2025-04-08 22:04:35,369 - INFO - Retrieving data for AYI
2025-04-08 22:04:36,495 - INFO - Inserted/updated 3840 records for AYI
2025-04-08 22:04:37,497 - INFO - Retrieving data for FAF
2025-04-08 22:04:38,456 - INFO - Inserted/updated 3739 records for FAF
2025-04-08 22:04:39,458 - INFO - Retrieving data for DTM
2025-04-08 22:04:39,842 - INFO - Inserted/updated 947 records for DTM
2025-04-08 22:04:40,843 - INFO - Retrieving data for CAE
2025-04-08 22:04:42,006 - INFO - Inserted/updated 3840 records for CAE
2025-04-08 22:04:43,008 - INFO - Retrieving data for RH
2025-04-08 22:04:43,863 - INFO - Inserted/updated 3126 records for RH
2025-04-08 22:04:44,873 - INFO - Retrieving data for KNSL
2025-04-08 22:04:45,646 - INFO - Inserted/updated 2187 records for KNSL
2025-04-08 22:04:46,648 - INFO - Retrieving data for LSTR
2025-04-08 22:04:47,693 - INFO - Inserted/updated 3840 records for LSTR
2025-04-08 22:04:48,696 - INFO - Retrieving data for PYCR
2025-04-08 22:04:49,094 - INFO - Inserted/updated 934 records for PYCR
2025-04-08 22:04:50,112 - INFO - Retrieving data for DRVN
2025-04-08 22:04:50,522 - INFO - Inserted/updated 1062 records for DRVN
2025-04-08 22:04:51,522 - INFO - Retrieving data for INGR
2025-04-08 22:04:52,613 - INFO - Inserted/updated 3840 records for INGR
2025-04-08 22:04:53,617 - INFO - Retrieving data for CC
2025-04-08 22:04:54,325 - INFO - Inserted/updated 2458 records for CC
2025-04-08 22:04:55,347 - INFO - Retrieving data for AU
2025-04-08 22:04:56,390 - INFO - Inserted/updated 3840 records for AU
2025-04-08 22:04:57,395 - INFO - Retrieving data for FLO
2025-04-08 22:04:58,488 - INFO - Inserted/updated 3840 records for FLO
2025-04-08 22:04:58,086 - INFO - Retrieving data for GWRE
2025-04-08 22:04:59,027 - INFO - Inserted/updated 3321 records for GWRE
2025-04-08 22:05:00,038 - INFO - Retrieving data for LITE
2025-04-08 22:05:00,858 - INFO - Inserted/updated 2435 records for LITE
2025-04-08 22:05:01,859 - INFO - Retrieving data for X
2025-04-08 22:05:05,151 - INFO - Inserted/updated 3840 records for X
2025-04-08 22:05:06,187 - INFO - Retrieving data for HLI
2025-04-08 22:05:06,936 - INFO - Inserted/updated 2428 records for HLI
2025-04-08 22:05:07,938 - INFO - Retrieving data for POST
2025-04-08 22:05:08,929 - INFO - Inserted/updated 3319 records for POST
2025-04-08 22:05:09,933 - INFO - Retrieving data for CR
2025-04-08 22:05:10,233 - INFO - Inserted/updated 509 records for CR
2025-04-08 22:05:11,235 - INFO - Retrieving data for MEDP
2025-04-08 22:05:12,033 - INFO - Inserted/updated 2177 records for MEDP
2025-04-08 22:05:13,034 - INFO - Retrieving data for FSV
2025-04-08 22:05:13,787 - INFO - Inserted/updated 2479 records for FSV
2025-04-08 22:05:14,789 - INFO - Retrieving data for STAG
2025-04-08 22:05:15,742 - INFO - Inserted/updated 3516 records for STAG
2025-04-08 22:05:16,755 - INFO - Retrieving data for INSP
2025-04-08 22:05:17,382 - INFO - Inserted/updated 1743 records for INSP
2025-04-08 22:05:18,384 - INFO - Retrieving data for SM
2025-04-08 22:05:19,549 - INFO - Inserted/updated 3840 records for SM
2025-04-08 22:05:20,583 - INFO - Retrieving data for EXEL
2025-04-08 22:05:21,684 - INFO - Inserted/updated 3840 records for EXEL
2025-04-08 22:05:22,685 - INFO - Retrieving data for IDA
2025-04-08 22:05:23,811 - INFO - Inserted/updated 3840 records for IDA
2025-04-08 22:05:24,818 - INFO - Retrieving data for OZK
2025-04-08 22:05:25,920 - INFO - Inserted/updated 3840 records for OZK
2025-04-08 22:05:26,925 - INFO - Retrieving data for TPX
2025-04-08 22:05:27,199 - ERROR - Error processing ticker TPX: 'Time Series (Daily)'
2025-04-08 22:05:28,199 - INFO - Retrieving data for STN
2025-04-08 22:05:29,249 - INFO - Inserted/updated 3840 records for STN
2025-04-08 22:05:28,855 - INFO - Retrieving data for OSK
2025-04-08 22:05:30,006 - INFO - Inserted/updated 3840 records for OSK
2025-04-08 22:05:31,008 - INFO - Retrieving data for CX
2025-04-08 22:05:32,143 - INFO - Inserted/updated 3840 records for CX
2025-04-08 22:05:33,145 - INFO - Retrieving data for CIVI
2025-04-08 22:05:34,053 - INFO - Inserted/updated 3347 records for CIVI
2025-04-08 22:05:35,057 - INFO - Retrieving data for LFUS
2025-04-08 22:05:36,111 - INFO - Inserted/updated 3840 records for LFUS
2025-04-08 22:05:37,112 - INFO - Retrieving data for ORA
2025-04-08 22:05:38,139 - INFO - Inserted/updated 3840 records for ORA
2025-04-08 22:05:39,185 - INFO - Retrieving data for PRGO
2025-04-08 22:05:40,327 - INFO - Inserted/updated 3840 records for PRGO
2025-04-08 22:05:41,328 - INFO - Retrieving data for SAIC
2025-04-08 22:05:42,140 - INFO - Inserted/updated 2909 records for SAIC
2025-04-08 22:05:43,156 - INFO - Retrieving data for TREX
2025-04-08 22:05:44,198 - INFO - Inserted/updated 3840 records for TREX
2025-04-08 22:05:45,200 - INFO - Retrieving data for FCN
2025-04-08 22:05:46,242 - INFO - Inserted/updated 3840 records for FCN
2025-04-08 22:05:47,245 - INFO - Retrieving data for SLAB
2025-04-08 22:05:48,317 - INFO - Inserted/updated 3840 records for SLAB
2025-04-08 22:05:49,320 - INFO - Retrieving data for PENN
2025-04-08 22:05:50,410 - INFO - Inserted/updated 3840 records for PENN
2025-04-08 22:05:51,426 - INFO - Retrieving data for SLGN
2025-04-08 22:05:52,494 - INFO - Inserted/updated 3840 records for SLGN
2025-04-08 22:05:53,509 - INFO - Retrieving data for DAVA
2025-04-08 22:05:54,079 - INFO - Inserted/updated 1684 records for DAVA
2025-04-08 22:05:55,080 - INFO - Retrieving data for NYT
2025-04-08 22:05:56,129 - INFO - Inserted/updated 3840 records for NYT
2025-04-08 22:05:57,134 - INFO - Retrieving data for TOL
2025-04-08 22:05:58,266 - INFO - Inserted/updated 3840 records for TOL
2025-04-08 22:05:59,272 - INFO - Retrieving data for PAGS
2025-04-08 22:05:59,867 - INFO - Inserted/updated 1812 records for PAGS
2025-04-08 22:06:00,870 - INFO - Retrieving data for NTNX
2025-04-08 22:06:00,135 - INFO - Inserted/updated 2142 records for NTNX
2025-04-08 22:06:01,141 - INFO - Retrieving data for ADC
2025-04-08 22:06:02,213 - INFO - Inserted/updated 3840 records for ADC
2025-04-08 22:06:03,215 - INFO - Retrieving data for SOFI
2025-04-08 22:06:03,676 - INFO - Inserted/updated 1094 records for SOFI
2025-04-08 22:06:04,679 - INFO - Retrieving data for CADE
2025-04-08 22:06:05,922 - INFO - Inserted/updated 3840 records for CADE
2025-04-08 22:06:06,924 - INFO - Retrieving data for TDOC
2025-04-08 22:06:08,018 - INFO - Inserted/updated 2458 records for TDOC
2025-04-08 22:06:09,022 - INFO - Retrieving data for NTLA
2025-04-08 22:06:09,711 - INFO - Inserted/updated 2244 records for NTLA
2025-04-08 22:06:10,713 - INFO - Retrieving data for PRI
2025-04-08 22:06:11,862 - INFO - Inserted/updated 3779 records for PRI
2025-04-08 22:06:12,867 - INFO - Retrieving data for AMG
2025-04-08 22:06:13,933 - INFO - Inserted/updated 3840 records for AMG
2025-04-08 22:06:14,935 - INFO - Retrieving data for AMC
2025-04-08 22:06:15,821 - INFO - Inserted/updated 2843 records for AMC
2025-04-08 22:06:16,827 - INFO - Retrieving data for SITE
2025-04-08 22:06:17,548 - INFO - Inserted/updated 2240 records for SITE
2025-04-08 22:06:18,550 - INFO - Retrieving data for LAC
2025-04-08 22:06:18,945 - INFO - Inserted/updated 381 records for LAC
2025-04-08 22:06:19,946 - INFO - Retrieving data for GLBE
2025-04-08 22:06:20,351 - INFO - Inserted/updated 982 records for GLBE
2025-04-08 22:06:21,352 - INFO - Retrieving data for W
2025-04-08 22:06:22,135 - INFO - Inserted/updated 2645 records for W
2025-04-08 22:06:23,137 - INFO - Retrieving data for MKSI
2025-04-08 22:06:24,228 - INFO - Inserted/updated 3840 records for MKSI
2025-04-08 22:06:25,239 - INFO - Retrieving data for EHC
2025-04-08 22:06:25,835 - INFO - Inserted/updated 1828 records for EHC
2025-04-08 22:06:26,837 - INFO - Retrieving data for VNO
2025-04-08 22:06:27,948 - INFO - Inserted/updated 3840 records for VNO
2025-04-08 22:06:28,954 - INFO - Retrieving data for QS
2025-04-08 22:06:29,405 - INFO - Inserted/updated 1167 records for QS
2025-04-08 22:06:30,406 - INFO - Retrieving data for AMN
2025-04-08 22:06:31,473 - INFO - Inserted/updated 3840 records for AMN
2025-04-08 22:06:31,077 - INFO - Retrieving data for TNET
2025-04-08 22:06:31,951 - INFO - Inserted/updated 2776 records for TNET
2025-04-08 22:06:32,953 - INFO - Retrieving data for UBSI
2025-04-08 22:06:34,023 - INFO - Inserted/updated 3840 records for UBSI
2025-04-08 22:06:35,026 - INFO - Retrieving data for GXO
2025-04-08 22:06:35,408 - INFO - Inserted/updated 933 records for GXO
2025-04-08 22:06:36,409 - INFO - Retrieving data for ZLAB
2025-04-08 22:06:36,978 - INFO - Inserted/updated 1898 records for ZLAB
2025-04-08 22:06:37,980 - INFO - Retrieving data for SAIA
2025-04-08 22:06:39,031 - INFO - Inserted/updated 3840 records for SAIA
2025-04-08 22:06:40,034 - INFO - Retrieving data for M
2025-04-08 22:06:41,178 - INFO - Inserted/updated 3840 records for M
2025-04-08 22:06:42,189 - INFO - Retrieving data for VVV
2025-04-08 22:06:42,864 - INFO - Inserted/updated 2147 records for VVV
2025-04-08 22:06:43,872 - INFO - Retrieving data for BWXT
2025-04-08 22:06:44,837 - INFO - Inserted/updated 3695 records for BWXT
2025-04-08 22:06:45,840 - INFO - Retrieving data for WTFC
2025-04-08 22:06:46,970 - INFO - Inserted/updated 3840 records for WTFC
2025-04-08 22:06:47,975 - INFO - Retrieving data for CIGI
2025-04-08 22:06:49,010 - INFO - Inserted/updated 3840 records for CIGI
2025-04-08 22:06:50,012 - INFO - Retrieving data for AM
2025-04-08 22:06:50,768 - INFO - Inserted/updated 2621 records for AM
2025-04-08 22:06:51,772 - INFO - Retrieving data for RLI
2025-04-08 22:06:52,842 - INFO - Inserted/updated 3840 records for RLI
2025-04-08 22:06:53,845 - INFO - Retrieving data for HXL
2025-04-08 22:06:54,913 - INFO - Inserted/updated 3840 records for HXL
2025-04-08 22:06:55,919 - INFO - Retrieving data for SIGI
2025-04-08 22:06:56,973 - INFO - Inserted/updated 3840 records for SIGI
2025-04-08 22:06:57,986 - INFO - Retrieving data for SWX
2025-04-08 22:06:59,065 - INFO - Inserted/updated 3840 records for SWX
2025-04-08 22:07:00,068 - INFO - Retrieving data for LEG
2025-04-08 22:07:01,197 - INFO - Inserted/updated 3840 records for LEG
2025-04-08 22:07:02,200 - INFO - Retrieving data for VRT
2025-04-08 22:07:01,674 - INFO - Inserted/updated 1683 records for VRT
2025-04-08 22:07:02,685 - INFO - Retrieving data for TSEM
2025-04-08 22:07:04,810 - INFO - Inserted/updated 3840 records for TSEM
2025-04-08 22:07:05,818 - INFO - Retrieving data for TKR
2025-04-08 22:07:06,891 - INFO - Inserted/updated 3840 records for TKR
2025-04-08 22:07:07,907 - INFO - Retrieving data for BKH
2025-04-08 22:07:08,930 - INFO - Inserted/updated 3840 records for BKH
2025-04-08 22:07:09,946 - INFO - Retrieving data for THG
2025-04-08 22:07:11,022 - INFO - Inserted/updated 3840 records for THG
2025-04-08 22:07:12,024 - INFO - Retrieving data for VLY
2025-04-08 22:07:13,180 - INFO - Inserted/updated 3840 records for VLY
2025-04-08 22:07:14,184 - INFO - Retrieving data for ASGN
2025-04-08 22:07:15,251 - INFO - Inserted/updated 3840 records for ASGN
2025-04-08 22:07:16,254 - INFO - Retrieving data for HGV
2025-04-08 22:07:17,110 - INFO - Inserted/updated 2077 records for HGV
2025-04-08 22:07:18,112 - INFO - Retrieving data for NTRA
2025-04-08 22:07:18,913 - INFO - Inserted/updated 2457 records for NTRA
2025-04-08 22:07:19,915 - INFO - Retrieving data for BXMT
2025-04-08 22:07:20,971 - INFO - Inserted/updated 3840 records for BXMT
2025-04-08 22:07:21,973 - INFO - Retrieving data for OLED
2025-04-08 22:07:23,125 - INFO - Inserted/updated 3840 records for OLED
2025-04-08 22:07:24,132 - INFO - Retrieving data for HP
2025-04-08 22:07:25,217 - INFO - Inserted/updated 3840 records for HP
2025-04-08 22:07:26,224 - INFO - Retrieving data for TGNA
2025-04-08 22:07:27,292 - INFO - Inserted/updated 3840 records for TGNA
2025-04-08 22:07:28,320 - INFO - Retrieving data for ASAN
2025-04-08 22:07:28,770 - INFO - Inserted/updated 1136 records for ASAN
2025-04-08 22:07:29,771 - INFO - Retrieving data for SIM
2025-04-08 22:07:30,817 - INFO - Inserted/updated 3840 records for SIM
2025-04-08 22:07:31,827 - INFO - Retrieving data for RYN
2025-04-08 22:07:32,992 - INFO - Inserted/updated 3840 records for RYN
2025-04-08 22:07:32,593 - INFO - Retrieving data for STVN
2025-04-08 22:07:33,013 - INFO - Inserted/updated 937 records for STVN
2025-04-08 22:07:34,016 - INFO - Retrieving data for EXPO
2025-04-08 22:07:35,100 - INFO - Inserted/updated 3840 records for EXPO
2025-04-08 22:07:36,104 - INFO - Retrieving data for COLM
2025-04-08 22:07:37,209 - INFO - Inserted/updated 3840 records for COLM
2025-04-08 22:07:38,211 - INFO - Retrieving data for ENSG
2025-04-08 22:07:39,214 - INFO - Inserted/updated 3840 records for ENSG
2025-04-08 22:07:40,216 - INFO - Retrieving data for DOCN
2025-04-08 22:07:40,717 - INFO - Inserted/updated 1016 records for DOCN
2025-04-08 22:07:41,718 - INFO - Retrieving data for MSA
2025-04-08 22:07:42,923 - INFO - Inserted/updated 3840 records for MSA
2025-04-08 22:07:43,926 - INFO - Retrieving data for MFA
2025-04-08 22:07:45,072 - INFO - Inserted/updated 3840 records for MFA
2025-04-08 22:07:46,077 - INFO - Retrieving data for MTG
2025-04-08 22:07:47,125 - INFO - Inserted/updated 3840 records for MTG
2025-04-08 22:07:48,129 - INFO - Retrieving data for ROG
2025-04-08 22:07:49,262 - INFO - Inserted/updated 3840 records for ROG
2025-04-08 22:07:50,263 - INFO - Retrieving data for RHP
2025-04-08 22:07:51,325 - INFO - Inserted/updated 3840 records for RHP
2025-04-08 22:07:52,331 - INFO - Retrieving data for LPX
2025-04-08 22:07:53,408 - INFO - Inserted/updated 3840 records for LPX
2025-04-08 22:07:54,415 - INFO - Retrieving data for BMBL
2025-04-08 22:07:54,862 - INFO - Inserted/updated 1044 records for BMBL
2025-04-08 22:07:55,889 - INFO - Retrieving data for DNA
2025-04-08 22:07:56,349 - INFO - Inserted/updated 999 records for DNA
2025-04-08 22:07:57,351 - INFO - Retrieving data for IPGP
2025-04-08 22:07:58,359 - INFO - Inserted/updated 3840 records for IPGP
2025-04-08 22:07:59,362 - INFO - Retrieving data for CRK
2025-04-08 22:08:00,681 - INFO - Inserted/updated 3840 records for CRK
2025-04-08 22:08:01,683 - INFO - Retrieving data for GDS
2025-04-08 22:08:02,384 - INFO - Inserted/updated 2119 records for GDS
2025-04-08 22:08:03,387 - INFO - Retrieving data for EXP
2025-04-08 22:08:04,858 - INFO - Inserted/updated 3840 records for EXP
2025-04-08 22:08:05,861 - INFO - Retrieving data for LANC
2025-04-08 22:08:07,043 - INFO - Inserted/updated 3840 records for LANC
2025-04-08 22:08:08,054 - INFO - Retrieving data for OMF
2025-04-08 22:08:08,789 - INFO - Inserted/updated 2354 records for OMF
2025-04-08 22:08:09,791 - INFO - Retrieving data for IVR
2025-04-08 22:08:10,802 - INFO - Inserted/updated 3840 records for IVR
2025-04-08 22:08:11,804 - INFO - Retrieving data for CYTK
2025-04-08 22:08:12,906 - INFO - Inserted/updated 3840 records for CYTK
2025-04-08 22:08:13,909 - INFO - Retrieving data for RYAN
2025-04-08 22:08:14,306 - INFO - Inserted/updated 933 records for RYAN
2025-04-08 22:08:15,308 - INFO - Retrieving data for CMC
2025-04-08 22:08:16,367 - INFO - Inserted/updated 3840 records for CMC
2025-04-08 22:08:17,370 - INFO - Retrieving data for ESI
2025-04-08 22:08:18,172 - INFO - Inserted/updated 2883 records for ESI
2025-04-08 22:08:19,185 - INFO - Retrieving data for AXS
2025-04-08 22:08:20,270 - INFO - Inserted/updated 3840 records for AXS
2025-04-08 22:08:21,279 - INFO - Retrieving data for CROX
2025-04-08 22:08:22,307 - INFO - Inserted/updated 3840 records for CROX
2025-04-08 22:08:23,314 - INFO - Retrieving data for IRTC
2025-04-08 22:08:24,026 - INFO - Inserted/updated 2128 records for IRTC
2025-04-08 22:08:25,029 - INFO - Retrieving data for UFPI
2025-04-08 22:08:26,071 - INFO - Inserted/updated 3840 records for UFPI
2025-04-08 22:08:27,073 - INFO - Retrieving data for EEFT
2025-04-08 22:08:28,227 - INFO - Inserted/updated 3840 records for EEFT
2025-04-08 22:08:29,230 - INFO - Retrieving data for SLM
2025-04-08 22:08:30,416 - INFO - Inserted/updated 3840 records for SLM
2025-04-08 22:08:31,419 - INFO - Retrieving data for BE
2025-04-08 22:08:32,003 - INFO - Inserted/updated 1686 records for BE
2025-04-08 22:08:33,005 - INFO - Retrieving data for DV
2025-04-08 22:08:33,447 - INFO - Inserted/updated 997 records for DV
2025-04-08 22:08:34,448 - INFO - Retrieving data for NOVT
2025-04-08 22:08:35,168 - INFO - Inserted/updated 2330 records for NOVT
2025-04-08 22:08:34,771 - INFO - Retrieving data for SFBS
2025-04-08 22:08:35,587 - INFO - Inserted/updated 2743 records for SFBS
2025-04-08 22:08:36,588 - INFO - Retrieving data for PRVA
2025-04-08 22:08:37,000 - INFO - Inserted/updated 992 records for PRVA
2025-04-08 22:08:38,005 - INFO - Retrieving data for POR
2025-04-08 22:08:39,020 - INFO - Inserted/updated 3840 records for POR
2025-04-08 22:08:40,023 - INFO - Retrieving data for AMKR
2025-04-08 22:08:41,052 - INFO - Inserted/updated 3840 records for AMKR
2025-04-08 22:08:42,059 - INFO - Retrieving data for CHX
2025-04-08 22:08:42,635 - INFO - Inserted/updated 1747 records for CHX
2025-04-08 22:08:43,638 - INFO - Retrieving data for SPSC
2025-04-08 22:08:44,612 - INFO - Inserted/updated 3765 records for SPSC
2025-04-08 22:08:45,613 - INFO - Retrieving data for TRNO
2025-04-08 22:08:46,625 - INFO - Inserted/updated 3814 records for TRNO
2025-04-08 22:08:47,631 - INFO - Retrieving data for WTS
2025-04-08 22:08:48,743 - INFO - Inserted/updated 3840 records for WTS
2025-04-08 22:08:49,746 - INFO - Retrieving data for HWC
2025-04-08 22:08:50,777 - INFO - Inserted/updated 3839 records for HWC
2025-04-08 22:08:51,784 - INFO - Retrieving data for VAL
2025-04-08 22:08:52,735 - INFO - Inserted/updated 2883 records for VAL
2025-04-08 22:08:53,738 - INFO - Retrieving data for WEN
2025-04-08 22:08:54,809 - INFO - Inserted/updated 3840 records for WEN
2025-04-08 22:08:55,814 - INFO - Retrieving data for BAK
2025-04-08 22:08:56,898 - INFO - Inserted/updated 3840 records for BAK
2025-04-08 22:08:57,905 - INFO - Retrieving data for WIX
2025-04-08 22:08:58,749 - INFO - Inserted/updated 2872 records for WIX
2025-04-08 22:08:59,751 - INFO - Retrieving data for STAA
2025-04-08 22:09:00,824 - INFO - Inserted/updated 3840 records for STAA
2025-04-08 22:09:01,826 - INFO - Retrieving data for PLTK
2025-04-08 22:09:02,273 - INFO - Inserted/updated 1062 records for PLTK
2025-04-08 22:09:03,274 - INFO - Retrieving data for UMBF
2025-04-08 22:09:04,582 - INFO - Inserted/updated 3840 records for UMBF
2025-04-08 22:09:05,586 - INFO - Retrieving data for WBS
2025-04-08 22:09:05,643 - INFO - Inserted/updated 3840 records for WBS
2025-04-08 22:09:06,645 - INFO - Retrieving data for ESNT
2025-04-08 22:09:07,493 - INFO - Inserted/updated 2876 records for ESNT
2025-04-08 22:09:08,507 - INFO - Retrieving data for CWEN
2025-04-08 22:09:09,326 - INFO - Inserted/updated 2951 records for CWEN
2025-04-08 22:09:10,340 - INFO - Retrieving data for CRUS
2025-04-08 22:09:11,420 - INFO - Inserted/updated 3840 records for CRUS
2025-04-08 22:09:12,422 - INFO - Retrieving data for BPMC
2025-04-08 22:09:13,161 - INFO - Inserted/updated 2501 records for BPMC
2025-04-08 22:09:14,184 - INFO - Retrieving data for SHC
2025-04-08 22:09:14,677 - INFO - Inserted/updated 1099 records for SHC
2025-04-08 22:09:15,678 - INFO - Retrieving data for MSM
2025-04-08 22:09:16,791 - INFO - Inserted/updated 3840 records for MSM
2025-04-08 22:09:17,794 - INFO - Retrieving data for ALGM
2025-04-08 22:09:18,335 - INFO - Inserted/updated 1115 records for ALGM
2025-04-08 22:09:19,344 - INFO - Retrieving data for PSN
2025-04-08 22:09:19,871 - INFO - Inserted/updated 1489 records for PSN
2025-04-08 22:09:20,873 - INFO - Retrieving data for ASO
2025-04-08 22:09:21,375 - INFO - Inserted/updated 1134 records for ASO
2025-04-08 22:09:22,376 - INFO - Retrieving data for NJR
2025-04-08 22:09:23,590 - INFO - Inserted/updated 3840 records for NJR
2025-04-08 22:09:24,593 - INFO - Retrieving data for DQ
2025-04-08 22:09:25,548 - INFO - Inserted/updated 3648 records for DQ
2025-04-08 22:09:26,550 - INFO - Retrieving data for WB
2025-04-08 22:09:27,308 - INFO - Inserted/updated 2761 records for WB
2025-04-08 22:09:28,310 - INFO - Retrieving data for SYNA
2025-04-08 22:09:29,284 - INFO - Inserted/updated 3840 records for SYNA
2025-04-08 22:09:30,288 - INFO - Retrieving data for ATHM
2025-04-08 22:09:31,085 - INFO - Inserted/updated 2848 records for ATHM
2025-04-08 22:09:32,088 - INFO - Retrieving data for MQ
2025-04-08 22:09:32,537 - INFO - Inserted/updated 963 records for MQ
2025-04-08 22:09:33,538 - INFO - Retrieving data for CWST
2025-04-08 22:09:34,574 - INFO - Inserted/updated 3840 records for CWST
2025-04-08 22:09:35,577 - INFO - Retrieving data for SHOP
2025-04-08 22:09:36,298 - INFO - Inserted/updated 2486 records for SHOP
2025-04-08 22:09:35,895 - INFO - Retrieving data for OGS
2025-04-08 22:09:36,695 - INFO - Inserted/updated 2824 records for OGS
2025-04-08 22:09:37,699 - INFO - Retrieving data for THO
2025-04-08 22:09:38,749 - INFO - Inserted/updated 3840 records for THO
2025-04-08 22:09:39,753 - INFO - Retrieving data for BXSL
2025-04-08 22:09:40,146 - INFO - Inserted/updated 864 records for BXSL
2025-04-08 22:09:41,237 - INFO - Retrieving data for SEB
2025-04-08 22:09:42,333 - INFO - Inserted/updated 3840 records for SEB
2025-04-08 22:09:43,335 - INFO - Retrieving data for PINC
2025-04-08 22:09:44,156 - INFO - Inserted/updated 2901 records for PINC
2025-04-08 22:09:45,219 - INFO - Retrieving data for TENB
2025-04-08 22:09:45,792 - INFO - Inserted/updated 1685 records for TENB
2025-04-08 22:09:46,795 - INFO - Retrieving data for AB
2025-04-08 22:09:47,877 - INFO - Inserted/updated 3840 records for AB
2025-04-08 22:09:48,880 - INFO - Retrieving data for FTI
2025-04-08 22:09:49,923 - INFO - Inserted/updated 3840 records for FTI
2025-04-08 22:09:50,926 - INFO - Retrieving data for RNG
2025-04-08 22:09:51,751 - INFO - Inserted/updated 2900 records for RNG
2025-04-08 22:09:52,753 - INFO - Retrieving data for CIG
2025-04-08 22:09:53,839 - INFO - Inserted/updated 3840 records for CIG
2025-04-08 22:09:54,842 - INFO - Retrieving data for MGY
2025-04-08 22:09:55,451 - INFO - Inserted/updated 1955 records for MGY
2025-04-08 22:09:56,452 - INFO - Retrieving data for NSA
2025-04-08 22:09:57,425 - INFO - Inserted/updated 2506 records for NSA
2025-04-08 22:09:58,512 - INFO - Retrieving data for HE
2025-04-08 22:09:59,598 - INFO - Inserted/updated 3840 records for HE
2025-04-08 22:10:00,599 - INFO - Retrieving data for WTM
2025-04-08 22:10:01,646 - INFO - Inserted/updated 3840 records for WTM
2025-04-08 22:10:02,649 - INFO - Retrieving data for CBT
2025-04-08 22:10:05,577 - INFO - Inserted/updated 3840 records for CBT
2025-04-08 22:10:06,579 - INFO - Retrieving data for KGC
2025-04-08 22:10:06,620 - INFO - Inserted/updated 3840 records for KGC
2025-04-08 22:10:07,621 - INFO - Retrieving data for ATUS
2025-04-08 22:10:08,235 - INFO - Inserted/updated 1960 records for ATUS
2025-04-08 22:10:09,238 - INFO - Retrieving data for IRT
2025-04-08 22:10:10,051 - INFO - Inserted/updated 2932 records for IRT
2025-04-08 22:10:11,053 - INFO - Retrieving data for WING
2025-04-08 22:10:11,841 - INFO - Inserted/updated 2471 records for WING
2025-04-08 22:10:12,845 - INFO - Retrieving data for BEAM
2025-04-08 22:10:13,336 - INFO - Inserted/updated 1300 records for BEAM
2025-04-08 22:10:14,337 - INFO - Retrieving data for ITCI
2025-04-08 22:10:15,136 - INFO - Inserted/updated 2827 records for ITCI
2025-04-08 22:10:16,139 - INFO - Retrieving data for AL
2025-04-08 22:10:17,108 - INFO - Inserted/updated 3514 records for AL
2025-04-08 22:10:18,111 - INFO - Retrieving data for FRSH
2025-04-08 22:10:18,529 - INFO - Inserted/updated 890 records for FRSH
2025-04-08 22:10:19,542 - INFO - Retrieving data for KRG
2025-04-08 22:10:20,599 - INFO - Inserted/updated 3840 records for KRG
2025-04-08 22:10:21,603 - INFO - Retrieving data for BL
2025-04-08 22:10:22,371 - INFO - Inserted/updated 2122 records for BL
2025-04-08 22:10:23,373 - INFO - Retrieving data for POWI
2025-04-08 22:10:24,456 - INFO - Inserted/updated 3840 records for POWI
2025-04-08 22:10:25,459 - INFO - Retrieving data for BCPC
2025-04-08 22:10:26,527 - INFO - Inserted/updated 3840 records for BCPC
2025-04-08 22:10:27,529 - INFO - Retrieving data for WNS
2025-04-08 22:10:27,777 - INFO - Inserted/updated 258 records for WNS
2025-04-08 22:10:28,781 - INFO - Retrieving data for JHG
2025-04-08 22:10:29,831 - INFO - Inserted/updated 3840 records for JHG
2025-04-08 22:10:30,834 - INFO - Retrieving data for SAM
2025-04-08 22:10:31,865 - INFO - Inserted/updated 3840 records for SAM
2025-04-08 22:10:32,866 - INFO - Retrieving data for AIT
2025-04-08 22:10:33,893 - INFO - Inserted/updated 3840 records for AIT
2025-04-08 22:10:34,903 - INFO - Retrieving data for VET
2025-04-08 22:10:35,848 - INFO - Inserted/updated 3665 records for VET
2025-04-08 22:10:36,855 - INFO - Retrieving data for COKE
2025-04-08 22:10:37,950 - INFO - Inserted/updated 3840 records for COKE
2025-04-08 22:10:37,547 - INFO - Retrieving data for KEX
2025-04-08 22:10:38,615 - INFO - Inserted/updated 3840 records for KEX
2025-04-08 22:10:39,618 - INFO - Retrieving data for IART
2025-04-08 22:10:40,691 - INFO - Inserted/updated 3840 records for IART
2025-04-08 22:10:41,694 - INFO - Retrieving data for NSP
2025-04-08 22:10:42,744 - INFO - Inserted/updated 3840 records for NSP
2025-04-08 22:10:43,746 - INFO - Retrieving data for FOUR
2025-04-08 22:10:44,223 - INFO - Inserted/updated 1217 records for FOUR
2025-04-08 22:10:45,227 - INFO - Retrieving data for OWL
2025-04-08 22:10:45,668 - INFO - Inserted/updated 1084 records for OWL
2025-04-08 22:10:46,683 - INFO - Retrieving data for TRTN
2025-04-08 22:10:47,641 - INFO - Inserted/updated 3457 records for TRTN
2025-04-08 22:10:48,668 - INFO - Retrieving data for CNM
2025-04-08 22:10:49,062 - INFO - Inserted/updated 933 records for CNM
2025-04-08 22:10:50,065 - INFO - Retrieving data for R
2025-04-08 22:10:51,117 - INFO - Inserted/updated 3840 records for R
2025-04-08 22:10:52,121 - INFO - Retrieving data for KSS
2025-04-08 22:10:53,196 - INFO - Inserted/updated 3840 records for KSS
2025-04-08 22:10:54,199 - INFO - Retrieving data for CUZ
2025-04-08 22:10:55,365 - INFO - Inserted/updated 3840 records for CUZ
2025-04-08 22:10:56,375 - INFO - Retrieving data for AVT
2025-04-08 22:10:57,490 - INFO - Inserted/updated 3840 records for AVT
2025-04-08 22:10:58,502 - INFO - Retrieving data for BOX
2025-04-08 22:10:59,305 - INFO - Inserted/updated 2568 records for BOX
2025-04-08 22:11:00,311 - INFO - Retrieving data for AWI
2025-04-08 22:11:01,377 - INFO - Inserted/updated 3840 records for AWI
2025-04-08 22:11:02,380 - INFO - Retrieving data for HAE
2025-04-08 22:11:04,068 - INFO - Inserted/updated 3840 records for HAE
2025-04-08 22:11:05,072 - INFO - Retrieving data for BHF
2025-04-08 22:11:05,696 - INFO - Inserted/updated 1944 records for BHF
2025-04-08 22:11:06,699 - INFO - Retrieving data for MAN
2025-04-08 22:11:07,807 - INFO - Inserted/updated 3840 records for MAN
2025-04-08 22:11:08,810 - INFO - Retrieving data for BFAM
2025-04-08 22:11:08,922 - INFO - Inserted/updated 3070 records for BFAM
2025-04-08 22:11:09,926 - INFO - Retrieving data for FELE
2025-04-08 22:11:10,960 - INFO - Inserted/updated 3840 records for FELE
2025-04-08 22:11:11,961 - INFO - Retrieving data for FL
2025-04-08 22:11:13,259 - INFO - Inserted/updated 3840 records for FL
2025-04-08 22:11:14,262 - INFO - Retrieving data for AMED
2025-04-08 22:11:15,384 - INFO - Inserted/updated 3840 records for AMED
2025-04-08 22:11:16,386 - INFO - Retrieving data for FIZZ
2025-04-08 22:11:17,823 - INFO - Inserted/updated 3840 records for FIZZ
2025-04-08 22:11:18,825 - INFO - Retrieving data for WOOF
2025-04-08 22:11:19,275 - INFO - Inserted/updated 1063 records for WOOF
2025-04-08 22:11:20,277 - INFO - Retrieving data for SNDR
2025-04-08 22:11:20,896 - INFO - Inserted/updated 2013 records for SNDR
2025-04-08 22:11:21,898 - INFO - Retrieving data for ATI
2025-04-08 22:11:23,016 - INFO - Inserted/updated 3840 records for ATI
2025-04-08 22:11:24,021 - INFO - Retrieving data for HOMB
2025-04-08 22:11:25,083 - INFO - Inserted/updated 3840 records for HOMB
2025-04-08 22:11:26,085 - INFO - Retrieving data for FNB
2025-04-08 22:11:27,180 - INFO - Inserted/updated 3840 records for FNB
2025-04-08 22:11:28,181 - INFO - Retrieving data for MTSI
2025-04-08 22:11:29,059 - INFO - Inserted/updated 3286 records for MTSI
2025-04-08 22:11:30,061 - INFO - Retrieving data for TFSL
2025-04-08 22:11:31,067 - INFO - Inserted/updated 3840 records for TFSL
2025-04-08 22:11:32,069 - INFO - Retrieving data for DNP
2025-04-08 22:11:33,111 - INFO - Inserted/updated 3840 records for DNP
2025-04-08 22:11:34,114 - INFO - Retrieving data for ACT
2025-04-08 22:11:34,516 - INFO - Inserted/updated 894 records for ACT
2025-04-08 22:11:35,520 - INFO - Retrieving data for ALKS
2025-04-08 22:11:36,615 - INFO - Inserted/updated 3840 records for ALKS
2025-04-08 22:11:37,617 - INFO - Retrieving data for AZTA
2025-04-08 22:11:38,677 - INFO - Inserted/updated 3840 records for AZTA
2025-04-08 22:11:39,679 - INFO - Retrieving data for LAZ
2025-04-08 22:11:39,336 - INFO - Inserted/updated 3840 records for LAZ
2025-04-08 22:11:40,339 - INFO - Retrieving data for PGNY
2025-04-08 22:11:40,866 - INFO - Inserted/updated 1370 records for PGNY
2025-04-08 22:11:41,867 - INFO - Retrieving data for PVH
2025-04-08 22:11:42,998 - INFO - Inserted/updated 3840 records for PVH
2025-04-08 22:11:44,000 - INFO - Retrieving data for DUOL
2025-04-08 22:11:44,379 - INFO - Inserted/updated 929 records for DUOL
2025-04-08 22:11:45,390 - INFO - Retrieving data for BECN
2025-04-08 22:11:46,448 - INFO - Inserted/updated 3840 records for BECN
2025-04-08 22:11:47,451 - INFO - Retrieving data for FCFS
2025-04-08 22:11:48,647 - INFO - Inserted/updated 3840 records for FCFS
2025-04-08 22:11:49,649 - INFO - Retrieving data for LPL
2025-04-08 22:11:50,699 - INFO - Inserted/updated 3840 records for LPL
2025-04-08 22:11:51,704 - INFO - Retrieving data for AMRC
2025-04-08 22:11:52,685 - INFO - Inserted/updated 3702 records for AMRC
2025-04-08 22:11:53,711 - INFO - Retrieving data for DNLI
2025-04-08 22:11:54,312 - INFO - Inserted/updated 1842 records for DNLI
2025-04-08 22:11:55,313 - INFO - Retrieving data for EBC
2025-04-08 22:11:55,734 - INFO - Inserted/updated 1125 records for EBC
2025-04-08 22:11:56,736 - INFO - Retrieving data for PTCT
2025-04-08 22:11:57,570 - INFO - Inserted/updated 2969 records for PTCT
2025-04-08 22:11:58,572 - INFO - Retrieving data for PECO
2025-04-08 22:11:58,981 - INFO - Inserted/updated 938 records for PECO
2025-04-08 22:11:59,983 - INFO - Retrieving data for AMBP
2025-04-08 22:12:00,386 - INFO - Inserted/updated 923 records for AMBP
2025-04-08 22:12:01,387 - INFO - Retrieving data for ALTR
2025-04-08 22:12:02,249 - INFO - Inserted/updated 1859 records for ALTR
2025-04-08 22:12:03,251 - INFO - Retrieving data for MSGS
2025-04-08 22:12:06,386 - INFO - Inserted/updated 2394 records for MSGS
2025-04-08 22:12:07,389 - INFO - Retrieving data for AGO
2025-04-08 22:12:08,500 - INFO - Inserted/updated 3840 records for AGO
2025-04-08 22:12:09,503 - INFO - Retrieving data for TXG
2025-04-08 22:12:10,013 - INFO - Inserted/updated 1401 records for TXG
2025-04-08 22:12:11,017 - INFO - Retrieving data for RDN
2025-04-08 22:12:10,719 - INFO - Inserted/updated 3840 records for RDN
2025-04-08 22:12:11,781 - INFO - Retrieving data for TNDM
2025-04-08 22:12:12,695 - INFO - Inserted/updated 2866 records for TNDM
2025-04-08 22:12:13,697 - INFO - Retrieving data for MMS
2025-04-08 22:12:14,839 - INFO - Inserted/updated 3840 records for MMS
2025-04-08 22:12:15,842 - INFO - Retrieving data for ESGR
2025-04-08 22:12:16,975 - INFO - Inserted/updated 3840 records for ESGR
2025-04-08 22:12:17,977 - INFO - Retrieving data for FLR
2025-04-08 22:12:19,060 - INFO - Inserted/updated 3840 records for FLR
2025-04-08 22:12:20,062 - INFO - Retrieving data for FN
2025-04-08 22:12:21,026 - INFO - Inserted/updated 3720 records for FN
2025-04-08 22:12:22,029 - INFO - Retrieving data for ATKR
2025-04-08 22:12:22,711 - INFO - Inserted/updated 2220 records for ATKR
2025-04-08 22:12:23,714 - INFO - Retrieving data for NARI
2025-04-08 22:12:24,191 - INFO - Inserted/updated 1192 records for NARI
2025-04-08 22:12:25,193 - INFO - Retrieving data for UAA
2025-04-08 22:12:26,204 - INFO - Inserted/updated 3840 records for UAA
2025-04-08 22:12:27,208 - INFO - Retrieving data for ABG
2025-04-08 22:12:28,396 - INFO - Inserted/updated 3840 records for ABG
2025-04-08 22:12:29,399 - INFO - Retrieving data for ALSN
2025-04-08 22:12:30,303 - INFO - Inserted/updated 3286 records for ALSN
2025-04-08 22:12:31,304 - INFO - Retrieving data for GT
2025-04-08 22:12:32,416 - INFO - Inserted/updated 3840 records for GT
2025-04-08 22:12:33,420 - INFO - Retrieving data for INDB
2025-04-08 22:12:34,458 - INFO - Inserted/updated 3840 records for INDB
2025-04-08 22:12:35,460 - INFO - Retrieving data for DEI
2025-04-08 22:12:36,480 - INFO - Inserted/updated 3840 records for DEI
2025-04-08 22:12:37,482 - INFO - Retrieving data for ARWR
2025-04-08 22:12:38,580 - INFO - Inserted/updated 3840 records for ARWR
2025-04-08 22:12:39,586 - INFO - Retrieving data for IGT
2025-04-08 22:12:40,632 - INFO - Inserted/updated 3840 records for IGT
2025-04-08 22:12:41,639 - INFO - Retrieving data for CNX
2025-04-08 22:12:41,332 - INFO - Inserted/updated 3840 records for CNX
2025-04-08 22:12:42,335 - INFO - Retrieving data for ZIM
2025-04-08 22:12:42,811 - INFO - Inserted/updated 1054 records for ZIM
2025-04-08 22:12:43,813 - INFO - Retrieving data for EVO
2025-04-08 22:12:44,819 - INFO - Inserted/updated 3828 records for EVO
2025-04-08 22:12:45,822 - INFO - Retrieving data for TNL
2025-04-08 22:12:46,881 - INFO - Inserted/updated 3840 records for TNL
2025-04-08 22:12:47,884 - INFO - Retrieving data for GOLF
2025-04-08 22:12:48,553 - INFO - Inserted/updated 2122 records for GOLF
2025-04-08 22:12:49,554 - INFO - Retrieving data for ATCO
2025-04-08 22:12:49,928 - INFO - Inserted/updated 776 records for ATCO
2025-04-08 22:12:50,929 - INFO - Retrieving data for OLLI
2025-04-08 22:12:51,629 - INFO - Inserted/updated 2448 records for OLLI
2025-04-08 22:12:52,631 - INFO - Retrieving data for FOXF
2025-04-08 22:12:53,413 - INFO - Inserted/updated 2935 records for FOXF
2025-04-08 22:12:54,420 - INFO - Retrieving data for EVR
2025-04-08 22:12:55,448 - INFO - Inserted/updated 3840 records for EVR
2025-04-08 22:12:56,478 - INFO - Retrieving data for ALIT
2025-04-08 22:12:56,932 - INFO - Inserted/updated 1188 records for ALIT
2025-04-08 22:12:57,934 - INFO - Retrieving data for CALX
2025-04-08 22:12:58,912 - INFO - Inserted/updated 3785 records for CALX
2025-04-08 22:12:59,914 - INFO - Retrieving data for APLE
2025-04-08 22:13:00,640 - INFO - Inserted/updated 2489 records for APLE
2025-04-08 22:13:01,643 - INFO - Retrieving data for SSD
2025-04-08 22:13:02,800 - INFO - Inserted/updated 3840 records for SSD
2025-04-08 22:13:03,807 - INFO - Retrieving data for SPT
2025-04-08 22:13:04,344 - INFO - Inserted/updated 1336 records for SPT
2025-04-08 22:13:05,349 - INFO - Retrieving data for FLS
2025-04-08 22:13:07,671 - INFO - Inserted/updated 3840 records for FLS
2025-04-08 22:13:08,672 - INFO - Retrieving data for TRIP
2025-04-08 22:13:09,641 - INFO - Inserted/updated 3353 records for TRIP
2025-04-08 22:13:10,645 - INFO - Retrieving data for NCNO
2025-04-08 22:13:11,125 - INFO - Inserted/updated 1191 records for NCNO
2025-04-08 22:13:12,137 - INFO - Retrieving data for FIX
2025-04-08 22:13:11,784 - INFO - Inserted/updated 3840 records for FIX
2025-04-08 22:13:12,786 - INFO - Retrieving data for ICUI
2025-04-08 22:13:13,938 - INFO - Inserted/updated 3840 records for ICUI
2025-04-08 22:13:14,953 - INFO - Retrieving data for TAL
2025-04-08 22:13:15,961 - INFO - Inserted/updated 3639 records for TAL
2025-04-08 22:13:16,964 - INFO - Retrieving data for BIPC
2025-04-08 22:13:17,147 - INFO - Inserted/updated 69 records for BIPC
2025-04-08 22:13:18,148 - INFO - Retrieving data for SR
2025-04-08 22:13:19,193 - INFO - Inserted/updated 3840 records for SR
2025-04-08 22:13:20,195 - INFO - Retrieving data for ENVX
2025-04-08 22:13:20,647 - INFO - Inserted/updated 1070 records for ENVX
2025-04-08 22:13:21,655 - INFO - Retrieving data for VC
2025-04-08 22:13:22,593 - INFO - Inserted/updated 3650 records for VC
2025-04-08 22:13:23,652 - INFO - Retrieving data for ZD
2025-04-08 22:13:24,740 - INFO - Inserted/updated 3840 records for ZD
2025-04-08 22:13:25,745 - INFO - Retrieving data for CRC
2025-04-08 22:13:26,183 - INFO - Inserted/updated 1116 records for CRC
2025-04-08 22:13:27,184 - INFO - Retrieving data for PTON
2025-04-08 22:13:27,669 - INFO - Inserted/updated 1391 records for PTON
2025-04-08 22:13:28,679 - INFO - Retrieving data for APPF
2025-04-08 22:13:29,443 - INFO - Inserted/updated 2461 records for APPF
2025-04-08 22:13:30,450 - INFO - Retrieving data for WK
2025-04-08 22:13:31,304 - INFO - Inserted/updated 2595 records for WK
2025-04-08 22:13:32,306 - INFO - Retrieving data for APG
2025-04-08 22:13:32,763 - INFO - Inserted/updated 1243 records for APG
2025-04-08 22:13:33,765 - INFO - Retrieving data for CVBF
2025-04-08 22:13:34,811 - INFO - Inserted/updated 3840 records for CVBF
2025-04-08 22:13:35,842 - INFO - Retrieving data for DOC
2025-04-08 22:13:37,026 - INFO - Inserted/updated 3839 records for DOC
2025-04-08 22:13:38,029 - INFO - Retrieving data for HGTY
2025-04-08 22:13:38,417 - INFO - Inserted/updated 969 records for HGTY
2025-04-08 22:13:39,419 - INFO - Retrieving data for MLI
2025-04-08 22:13:40,518 - INFO - Inserted/updated 3840 records for MLI
2025-04-08 22:13:41,521 - INFO - Retrieving data for MMYT
2025-04-08 22:13:42,532 - INFO - Inserted/updated 3687 records for MMYT
2025-04-08 22:13:43,538 - INFO - Retrieving data for AVNT
2025-04-08 22:13:43,345 - INFO - Inserted/updated 3840 records for AVNT
2025-04-08 22:13:44,349 - INFO - Retrieving data for EVH
2025-04-08 22:13:45,108 - INFO - Inserted/updated 2476 records for EVH
2025-04-08 22:13:46,109 - INFO - Retrieving data for JOBY
2025-04-08 22:13:46,542 - INFO - Inserted/updated 1108 records for JOBY
2025-04-08 22:13:47,545 - INFO - Retrieving data for BTG
2025-04-08 22:13:48,543 - INFO - Inserted/updated 3840 records for BTG
2025-04-08 22:13:49,546 - INFO - Retrieving data for QDEL
2025-04-08 22:13:50,611 - INFO - Inserted/updated 3840 records for QDEL
2025-04-08 22:13:51,616 - INFO - Retrieving data for BB
2025-04-08 22:13:52,743 - INFO - Inserted/updated 3840 records for BB
2025-04-08 22:13:53,745 - INFO - Retrieving data for TV
2025-04-08 22:13:54,772 - INFO - Inserted/updated 3840 records for TV
2025-04-08 22:13:55,780 - INFO - Retrieving data for PBF
2025-04-08 22:13:56,675 - INFO - Inserted/updated 3098 records for PBF
2025-04-08 22:13:57,677 - INFO - Retrieving data for TDC
2025-04-08 22:13:58,677 - INFO - Inserted/updated 3840 records for TDC
2025-04-08 22:13:59,680 - INFO - Retrieving data for SEM
2025-04-08 22:14:00,770 - INFO - Inserted/updated 3840 records for SEM
2025-04-08 22:14:01,771 - INFO - Retrieving data for CNS
2025-04-08 22:14:03,038 - INFO - Inserted/updated 3840 records for CNS
2025-04-08 22:14:04,040 - INFO - Retrieving data for SID
2025-04-08 22:14:05,260 - INFO - Inserted/updated 3840 records for SID
2025-04-08 22:14:06,262 - INFO - Retrieving data for GATX
2025-04-08 22:14:07,399 - INFO - Inserted/updated 3840 records for GATX
2025-04-08 22:14:08,405 - INFO - Retrieving data for GO
2025-04-08 22:14:08,936 - INFO - Inserted/updated 1459 records for GO
2025-04-08 22:14:09,937 - INFO - Retrieving data for CBU
2025-04-08 22:14:11,065 - INFO - Inserted/updated 3840 records for CBU
2025-04-08 22:14:12,069 - INFO - Retrieving data for ALRM
2025-04-08 22:14:12,843 - INFO - Inserted/updated 2461 records for ALRM
2025-04-08 22:14:13,845 - INFO - Retrieving data for NEA
2025-04-08 22:14:13,444 - INFO - Inserted/updated 3840 records for NEA
2025-04-08 22:14:14,445 - INFO - Retrieving data for VNT
2025-04-08 22:14:14,906 - INFO - Inserted/updated 1130 records for VNT
2025-04-08 22:14:15,935 - INFO - Retrieving data for HR
2025-04-08 22:14:17,191 - INFO - Inserted/updated 3840 records for HR
2025-04-08 22:14:18,195 - INFO - Retrieving data for LOPE
2025-04-08 22:14:19,297 - INFO - Inserted/updated 3840 records for LOPE
2025-04-08 22:14:20,301 - INFO - Retrieving data for VIAV
2025-04-08 22:14:21,115 - INFO - Inserted/updated 2435 records for VIAV
2025-04-08 22:14:22,152 - INFO - Retrieving data for APPN
2025-04-08 22:14:22,847 - INFO - Inserted/updated 1979 records for APPN
2025-04-08 22:14:23,849 - INFO - Retrieving data for BSM
2025-04-08 22:14:24,574 - INFO - Inserted/updated 2500 records for BSM
2025-04-08 22:14:25,577 - INFO - Retrieving data for LFST
2025-04-08 22:14:26,000 - INFO - Inserted/updated 962 records for LFST
2025-04-08 22:14:27,002 - INFO - Retrieving data for FHB
2025-04-08 22:14:27,704 - INFO - Inserted/updated 2182 records for FHB
2025-04-08 22:14:28,706 - INFO - Retrieving data for MMSI
2025-04-08 22:14:29,752 - INFO - Inserted/updated 3840 records for MMSI
2025-04-08 22:14:30,755 - INFO - Retrieving data for PK
2025-04-08 22:14:31,423 - INFO - Inserted/updated 2077 records for PK
2025-04-08 22:14:32,478 - INFO - Retrieving data for ONTO
2025-04-08 22:14:33,522 - INFO - Inserted/updated 3840 records for ONTO
2025-04-08 22:14:34,524 - INFO - Retrieving data for BKU
2025-04-08 22:14:35,464 - INFO - Inserted/updated 3570 records for BKU
2025-04-08 22:14:36,466 - INFO - Retrieving data for SUN
2025-04-08 22:14:37,343 - INFO - Inserted/updated 3155 records for SUN
2025-04-08 22:14:38,344 - INFO - Retrieving data for HRI
2025-04-08 22:14:39,389 - INFO - Inserted/updated 3840 records for HRI
2025-04-08 22:14:40,402 - INFO - Retrieving data for SMCI
2025-04-08 22:14:41,439 - INFO - Inserted/updated 3840 records for SMCI
2025-04-08 22:14:42,454 - INFO - Retrieving data for COOP
2025-04-08 22:14:43,416 - INFO - Inserted/updated 3277 records for COOP
2025-04-08 22:14:44,442 - INFO - Retrieving data for LAZR
2025-04-08 22:14:45,016 - INFO - Inserted/updated 1518 records for LAZR
2025-04-08 22:14:44,616 - INFO - Retrieving data for CHGG
2025-04-08 22:14:45,443 - INFO - Inserted/updated 2867 records for CHGG
2025-04-08 22:14:46,444 - INFO - Retrieving data for SUM
2025-04-08 22:14:47,178 - INFO - Inserted/updated 2495 records for SUM
2025-04-08 22:14:48,183 - INFO - Retrieving data for ABCB
2025-04-08 22:14:49,237 - INFO - Inserted/updated 3840 records for ABCB
2025-04-08 22:14:50,265 - INFO - Retrieving data for TXMD
2025-04-08 22:14:51,329 - INFO - Inserted/updated 3840 records for TXMD
2025-04-08 22:14:52,330 - INFO - Retrieving data for GSAT
2025-04-08 22:14:53,392 - INFO - Inserted/updated 3840 records for GSAT
2025-04-08 22:14:54,395 - INFO - Retrieving data for PAAS
2025-04-08 22:14:55,476 - INFO - Inserted/updated 3840 records for PAAS
2025-04-08 22:14:56,479 - INFO - Retrieving data for PEGA
2025-04-08 22:14:57,528 - INFO - Inserted/updated 3840 records for PEGA
2025-04-08 22:14:58,530 - INFO - Retrieving data for GTES
2025-04-08 22:14:59,094 - INFO - Inserted/updated 1811 records for GTES
2025-04-08 22:15:00,099 - INFO - Retrieving data for DY
2025-04-08 22:15:01,242 - INFO - Inserted/updated 3840 records for DY
2025-04-08 22:15:02,245 - INFO - Retrieving data for WSFS
2025-04-08 22:15:03,794 - INFO - Inserted/updated 3840 records for WSFS
2025-04-08 22:15:04,796 - INFO - Retrieving data for BRZE
2025-04-08 22:15:05,317 - INFO - Inserted/updated 850 records for BRZE
2025-04-08 22:15:06,327 - INFO - Retrieving data for FRHC
2025-04-08 22:15:06,985 - INFO - Inserted/updated 1887 records for FRHC
2025-04-08 22:15:07,988 - INFO - Retrieving data for CATY
2025-04-08 22:15:09,290 - INFO - Inserted/updated 3840 records for CATY
2025-04-08 22:15:10,325 - INFO - Retrieving data for FHI
2025-04-08 22:15:11,438 - INFO - Inserted/updated 3840 records for FHI
2025-04-08 22:15:12,445 - INFO - Retrieving data for AUR
2025-04-08 22:15:12,962 - INFO - Inserted/updated 984 records for AUR
2025-04-08 22:15:13,963 - INFO - Retrieving data for HASI
2025-04-08 22:15:14,886 - INFO - Inserted/updated 3013 records for HASI
2025-04-08 22:15:15,892 - INFO - Retrieving data for ZWS
2025-04-08 22:15:15,378 - INFO - Inserted/updated 3276 records for ZWS
2025-04-08 22:15:16,381 - INFO - Retrieving data for FUL
2025-04-08 22:15:17,493 - INFO - Inserted/updated 3840 records for FUL
2025-04-08 22:15:18,495 - INFO - Retrieving data for BANF
2025-04-08 22:15:19,641 - INFO - Inserted/updated 3840 records for BANF
2025-04-08 22:15:20,644 - INFO - Retrieving data for UNF
2025-04-08 22:15:21,697 - INFO - Inserted/updated 3840 records for UNF
2025-04-08 22:15:22,703 - INFO - Retrieving data for RARE
2025-04-08 22:15:23,483 - INFO - Inserted/updated 2814 records for RARE
2025-04-08 22:15:24,486 - INFO - Retrieving data for CPA
2025-04-08 22:15:25,506 - INFO - Inserted/updated 3840 records for CPA
2025-04-08 22:15:26,546 - INFO - Retrieving data for AWR
2025-04-08 22:15:27,717 - INFO - Inserted/updated 3840 records for AWR
2025-04-08 22:15:28,722 - INFO - Retrieving data for CWK
2025-04-08 22:15:29,368 - INFO - Inserted/updated 1680 records for CWK
2025-04-08 22:15:30,371 - INFO - Retrieving data for GLPG
2025-04-08 22:15:31,147 - INFO - Inserted/updated 2491 records for GLPG
2025-04-08 22:15:32,150 - INFO - Retrieving data for BOH
2025-04-08 22:15:33,208 - INFO - Inserted/updated 3840 records for BOH
2025-04-08 22:15:34,210 - INFO - Retrieving data for PFSI
2025-04-08 22:15:35,023 - INFO - Inserted/updated 2998 records for PFSI
2025-04-08 22:15:36,033 - INFO - Retrieving data for GEF
2025-04-08 22:15:37,137 - INFO - Inserted/updated 3840 records for GEF
2025-04-08 22:15:38,157 - INFO - Retrieving data for ARLP
2025-04-08 22:15:39,245 - INFO - Inserted/updated 3840 records for ARLP
2025-04-08 22:15:40,247 - INFO - Retrieving data for EQC
2025-04-08 22:15:41,296 - INFO - Inserted/updated 3840 records for EQC
2025-04-08 22:15:42,332 - INFO - Retrieving data for AEIS
2025-04-08 22:15:43,530 - INFO - Inserted/updated 3840 records for AEIS
2025-04-08 22:15:44,536 - INFO - Retrieving data for SRAD
2025-04-08 22:15:44,935 - INFO - Inserted/updated 896 records for SRAD
2025-04-08 22:15:45,944 - INFO - Retrieving data for ASB
2025-04-08 22:15:47,006 - INFO - Inserted/updated 3840 records for ASB
2025-04-08 22:15:46,605 - INFO - Retrieving data for MNMD
2025-04-08 22:15:47,005 - INFO - Inserted/updated 690 records for MNMD
2025-04-08 22:15:48,008 - INFO - Retrieving data for PTEN
2025-04-08 22:15:49,145 - INFO - Inserted/updated 3840 records for PTEN
2025-04-08 22:15:50,147 - INFO - Retrieving data for WD
2025-04-08 22:15:51,147 - INFO - Inserted/updated 3600 records for WD
2025-04-08 22:15:52,149 - INFO - Retrieving data for EPR
2025-04-08 22:15:53,246 - INFO - Inserted/updated 3840 records for EPR
2025-04-08 22:15:54,248 - INFO - Retrieving data for TCBI
2025-04-08 22:15:55,318 - INFO - Inserted/updated 3840 records for TCBI
2025-04-08 22:15:56,320 - INFO - Retrieving data for MRVI
2025-04-08 22:15:56,765 - INFO - Inserted/updated 1099 records for MRVI
2025-04-08 22:15:57,766 - INFO - Retrieving data for AVAL
2025-04-08 22:15:58,584 - INFO - Inserted/updated 2652 records for AVAL
2025-04-08 22:15:59,586 - INFO - Retrieving data for CWT
2025-04-08 22:16:00,730 - INFO - Inserted/updated 3840 records for CWT
2025-04-08 22:16:01,733 - INFO - Retrieving data for SXT
2025-04-08 22:16:02,988 - INFO - Inserted/updated 3840 records for SXT
2025-04-08 22:16:03,989 - INFO - Retrieving data for YETI
2025-04-08 22:16:04,616 - INFO - Inserted/updated 1621 records for YETI
2025-04-08 22:16:05,618 - INFO - Retrieving data for NEU
2025-04-08 22:16:06,846 - INFO - Inserted/updated 3840 records for NEU
2025-04-08 22:16:07,851 - INFO - Retrieving data for SBRA
2025-04-08 22:16:08,981 - INFO - Inserted/updated 3840 records for SBRA
2025-04-08 22:16:09,983 - INFO - Retrieving data for NOVA
2025-04-08 22:16:10,484 - INFO - Inserted/updated 1435 records for NOVA
2025-04-08 22:16:11,487 - INFO - Retrieving data for SFM
2025-04-08 22:16:12,537 - INFO - Inserted/updated 2940 records for SFM
2025-04-08 22:16:13,540 - INFO - Retrieving data for ADNT
2025-04-08 22:16:14,176 - INFO - Inserted/updated 2121 records for ADNT
2025-04-08 22:16:15,179 - INFO - Retrieving data for HIW
2025-04-08 22:16:16,301 - INFO - Inserted/updated 3840 records for HIW
2025-04-08 22:16:17,302 - INFO - Retrieving data for VRNS
2025-04-08 22:16:16,699 - INFO - Inserted/updated 2795 records for VRNS
2025-04-08 22:16:17,703 - INFO - Retrieving data for ALE
2025-04-08 22:16:18,755 - INFO - Inserted/updated 3840 records for ALE
2025-04-08 22:16:19,757 - INFO - Retrieving data for NOMD
2025-04-08 22:16:20,467 - INFO - Inserted/updated 2330 records for NOMD
2025-04-08 22:16:21,482 - INFO - Retrieving data for PPBI
2025-04-08 22:16:22,594 - INFO - Inserted/updated 3840 records for PPBI
2025-04-08 22:16:23,596 - INFO - Retrieving data for ABCL
2025-04-08 22:16:24,065 - INFO - Inserted/updated 1085 records for ABCL
2025-04-08 22:16:25,067 - INFO - Retrieving data for NNI
2025-04-08 22:16:26,129 - INFO - Inserted/updated 3840 records for NNI
2025-04-08 22:16:27,133 - INFO - Retrieving data for JXN
2025-04-08 22:16:27,512 - INFO - Inserted/updated 904 records for JXN
2025-04-08 22:16:28,516 - INFO - Retrieving data for PCH
2025-04-08 22:16:29,581 - INFO - Inserted/updated 3840 records for PCH
2025-04-08 22:16:30,583 - INFO - Retrieving data for SIG
2025-04-08 22:16:31,621 - INFO - Inserted/updated 3840 records for SIG
2025-04-08 22:16:32,625 - INFO - Retrieving data for SLG
2025-04-08 22:16:33,653 - INFO - Inserted/updated 3840 records for SLG
2025-04-08 22:16:34,659 - INFO - Retrieving data for KOS
2025-04-08 22:16:35,644 - INFO - Inserted/updated 3499 records for KOS
2025-04-08 22:16:36,647 - INFO - Retrieving data for CRI
2025-04-08 22:16:37,781 - INFO - Inserted/updated 3840 records for CRI
2025-04-08 22:16:38,791 - INFO - Retrieving data for FOLD
2025-04-08 22:16:39,804 - INFO - Inserted/updated 3840 records for FOLD
2025-04-08 22:16:40,811 - INFO - Retrieving data for BNL
2025-04-08 22:16:41,312 - INFO - Inserted/updated 1018 records for BNL
2025-04-08 22:16:42,312 - INFO - Retrieving data for RPD
2025-04-08 22:16:43,043 - INFO - Inserted/updated 2447 records for RPD
2025-04-08 22:16:44,052 - INFO - Retrieving data for AAON
2025-04-08 22:16:45,051 - INFO - Inserted/updated 3840 records for AAON
2025-04-08 22:16:46,054 - INFO - Retrieving data for SANM
2025-04-08 22:16:47,256 - INFO - Inserted/updated 3840 records for SANM
2025-04-08 22:16:48,261 - INFO - Retrieving data for LIVN
2025-04-08 22:16:47,587 - INFO - Inserted/updated 2382 records for LIVN
2025-04-08 22:16:48,590 - INFO - Retrieving data for HBI
2025-04-08 22:16:49,612 - INFO - Inserted/updated 3840 records for HBI
2025-04-08 22:16:50,617 - INFO - Retrieving data for ALHC
2025-04-08 22:16:51,016 - INFO - Inserted/updated 1014 records for ALHC
2025-04-08 22:16:52,020 - INFO - Retrieving data for KMPR
2025-04-08 22:16:53,046 - INFO - Inserted/updated 3840 records for KMPR
2025-04-08 22:16:54,053 - INFO - Retrieving data for GLNG
2025-04-08 22:16:55,086 - INFO - Inserted/updated 3840 records for GLNG
2025-04-08 22:16:56,090 - INFO - Retrieving data for CVI
2025-04-08 22:16:57,150 - INFO - Inserted/updated 3840 records for CVI
2025-04-08 22:16:58,153 - INFO - Retrieving data for KWR
2025-04-08 22:16:59,368 - INFO - Inserted/updated 3840 records for KWR
2025-04-08 22:17:00,371 - INFO - Retrieving data for FBP
2025-04-08 22:17:01,546 - INFO - Inserted/updated 3840 records for FBP
2025-04-08 22:17:02,549 - INFO - Retrieving data for DIOD
2025-04-08 22:17:04,885 - INFO - Inserted/updated 3840 records for DIOD
2025-04-08 22:17:05,890 - INFO - Retrieving data for SKY
2025-04-08 22:17:06,952 - INFO - Inserted/updated 3840 records for SKY
2025-04-08 22:17:07,955 - INFO - Retrieving data for VSCO
2025-04-08 22:17:08,383 - INFO - Inserted/updated 934 records for VSCO
2025-04-08 22:17:09,389 - INFO - Retrieving data for NWE
2025-04-08 22:17:10,400 - INFO - Inserted/updated 3840 records for NWE
2025-04-08 22:17:11,405 - INFO - Retrieving data for SMG
2025-04-08 22:17:12,486 - INFO - Inserted/updated 3840 records for SMG
2025-04-08 22:17:13,488 - INFO - Retrieving data for ACAD
2025-04-08 22:17:14,538 - INFO - Inserted/updated 3840 records for ACAD
2025-04-08 22:17:15,541 - INFO - Retrieving data for MATX
2025-04-08 22:17:16,594 - INFO - Inserted/updated 3840 records for MATX
2025-04-08 22:17:17,596 - INFO - Retrieving data for STNE
2025-04-08 22:17:18,120 - INFO - Inserted/updated 1621 records for STNE
2025-04-08 22:17:19,136 - INFO - Retrieving data for JWN
2025-04-08 22:17:18,848 - INFO - Inserted/updated 3840 records for JWN
2025-04-08 22:17:19,858 - INFO - Retrieving data for CORT
2025-04-08 22:17:20,932 - INFO - Inserted/updated 3840 records for CORT
2025-04-08 22:17:21,955 - INFO - Retrieving data for OTTR
2025-04-08 22:17:23,021 - INFO - Inserted/updated 3840 records for OTTR
2025-04-08 22:17:24,022 - INFO - Retrieving data for PZZA
2025-04-08 22:17:25,090 - INFO - Inserted/updated 3840 records for PZZA
2025-04-08 22:17:26,093 - INFO - Retrieving data for REZI
2025-04-08 22:17:26,657 - INFO - Inserted/updated 1629 records for REZI
2025-04-08 22:17:27,658 - INFO - Retrieving data for BDC
2025-04-08 22:17:28,831 - INFO - Inserted/updated 3840 records for BDC
2025-04-08 22:17:29,847 - INFO - Retrieving data for GPI
2025-04-08 22:17:30,931 - INFO - Inserted/updated 3840 records for GPI
2025-04-08 22:17:31,966 - INFO - Retrieving data for PSEC
2025-04-08 22:17:32,988 - INFO - Inserted/updated 3840 records for PSEC
2025-04-08 22:17:33,990 - INFO - Retrieving data for EYE
2025-04-08 22:17:34,567 - INFO - Inserted/updated 1872 records for EYE
2025-04-08 22:17:35,572 - INFO - Retrieving data for MCW
2025-04-08 22:17:35,966 - INFO - Inserted/updated 951 records for MCW
2025-04-08 22:17:36,968 - INFO - Retrieving data for HI
2025-04-08 22:17:37,973 - INFO - Inserted/updated 3840 records for HI
2025-04-08 22:17:38,979 - INFO - Retrieving data for SSRM
2025-04-08 22:17:40,102 - INFO - Inserted/updated 3840 records for SSRM
2025-04-08 22:17:41,178 - INFO - Retrieving data for CWAN
2025-04-08 22:17:41,576 - INFO - Inserted/updated 888 records for CWAN
2025-04-08 22:17:42,599 - INFO - Retrieving data for NSIT
2025-04-08 22:17:43,650 - INFO - Inserted/updated 3840 records for NSIT
2025-04-08 22:17:44,652 - INFO - Retrieving data for INSM
2025-04-08 22:17:45,726 - INFO - Inserted/updated 3840 records for INSM
2025-04-08 22:17:46,729 - INFO - Retrieving data for TMHC
2025-04-08 22:17:47,565 - INFO - Inserted/updated 3019 records for TMHC
2025-04-08 22:17:48,570 - INFO - Retrieving data for ULCC
2025-04-08 22:17:48,996 - INFO - Inserted/updated 1010 records for ULCC
2025-04-08 22:17:50,005 - INFO - Retrieving data for SMPL
2025-04-08 22:17:49,204 - INFO - Inserted/updated 1949 records for SMPL
2025-04-08 22:17:50,207 - INFO - Retrieving data for NHI
2025-04-08 22:17:51,332 - INFO - Inserted/updated 3840 records for NHI
2025-04-08 22:17:52,333 - INFO - Retrieving data for AVA
2025-04-08 22:17:53,407 - INFO - Inserted/updated 3840 records for AVA
2025-04-08 22:17:54,445 - INFO - Retrieving data for LSPD
2025-04-08 22:17:54,993 - INFO - Inserted/updated 1408 records for LSPD
2025-04-08 22:17:56,030 - INFO - Retrieving data for XRX
2025-04-08 22:17:57,090 - INFO - Inserted/updated 3840 records for XRX
2025-04-08 22:17:58,092 - INFO - Retrieving data for LCII
2025-04-08 22:17:59,139 - INFO - Inserted/updated 3840 records for LCII
2025-04-08 22:18:00,179 - INFO - Retrieving data for VICR
2025-04-08 22:18:01,306 - INFO - Inserted/updated 3840 records for VICR
2025-04-08 22:18:02,308 - INFO - Retrieving data for NVG
2025-04-08 22:18:03,814 - INFO - Inserted/updated 3840 records for NVG
2025-04-08 22:18:04,815 - INFO - Retrieving data for AZEK
2025-04-08 22:18:05,282 - INFO - Inserted/updated 1212 records for AZEK
2025-04-08 22:18:06,290 - INFO - Retrieving data for JBGS
2025-04-08 22:18:06,922 - INFO - Inserted/updated 1943 records for JBGS
2025-04-08 22:18:07,925 - INFO - Retrieving data for CALM
2025-04-08 22:18:09,197 - INFO - Inserted/updated 3840 records for CALM
2025-04-08 22:18:10,199 - INFO - Retrieving data for ONB
2025-04-08 22:18:11,581 - INFO - Inserted/updated 3840 records for ONB
2025-04-08 22:18:12,585 - INFO - Retrieving data for OMAB
2025-04-08 22:18:13,916 - INFO - Inserted/updated 3840 records for OMAB
2025-04-08 22:18:14,920 - INFO - Retrieving data for SPR
2025-04-08 22:18:16,235 - INFO - Inserted/updated 3840 records for SPR
2025-04-08 22:18:17,238 - INFO - Retrieving data for TKC
2025-04-08 22:18:18,284 - INFO - Inserted/updated 3840 records for TKC
2025-04-08 22:18:19,286 - INFO - Retrieving data for RNW
2025-04-08 22:18:19,713 - INFO - Inserted/updated 1052 records for RNW
2025-04-08 22:18:20,714 - INFO - Retrieving data for AGI
2025-04-08 22:18:20,390 - INFO - Inserted/updated 3840 records for AGI
2025-04-08 22:18:21,395 - INFO - Retrieving data for MLCO
2025-04-08 22:18:22,427 - INFO - Inserted/updated 3840 records for MLCO
2025-04-08 22:18:23,476 - INFO - Retrieving data for VSAT
2025-04-08 22:18:24,541 - INFO - Inserted/updated 3840 records for VSAT
2025-04-08 22:18:25,554 - INFO - Retrieving data for XMTR
2025-04-08 22:18:25,973 - INFO - Inserted/updated 948 records for XMTR
2025-04-08 22:18:26,977 - INFO - Retrieving data for ABM
2025-04-08 22:18:28,033 - INFO - Inserted/updated 3840 records for ABM
2025-04-08 22:18:29,036 - INFO - Retrieving data for JKS
2025-04-08 22:18:30,036 - INFO - Inserted/updated 3749 records for JKS
2025-04-08 22:18:31,040 - INFO - Retrieving data for MAIN
2025-04-08 22:18:32,095 - INFO - Inserted/updated 3840 records for MAIN
2025-04-08 22:18:33,125 - INFO - Retrieving data for JAMF
2025-04-08 22:18:33,631 - INFO - Inserted/updated 1185 records for JAMF
2025-04-08 22:18:34,643 - INFO - Retrieving data for GHC
2025-04-08 22:18:35,702 - INFO - Inserted/updated 3840 records for GHC
2025-04-08 22:18:36,706 - INFO - Retrieving data for NAD
2025-04-08 22:18:37,820 - INFO - Inserted/updated 3840 records for NAD
2025-04-08 22:18:38,822 - INFO - Retrieving data for KFY
2025-04-08 22:18:39,909 - INFO - Inserted/updated 3840 records for KFY
2025-04-08 22:18:40,912 - INFO - Retrieving data for LXP
2025-04-08 22:18:41,958 - INFO - Inserted/updated 3840 records for LXP
2025-04-08 22:18:42,964 - INFO - Retrieving data for ACA
2025-04-08 22:18:43,518 - INFO - Inserted/updated 1618 records for ACA
2025-04-08 22:18:44,544 - INFO - Retrieving data for BTU
2025-04-08 22:18:45,168 - INFO - Inserted/updated 2016 records for BTU
2025-04-08 22:18:46,170 - INFO - Retrieving data for RMBS
2025-04-08 22:18:47,275 - INFO - Inserted/updated 3840 records for RMBS
2025-04-08 22:18:48,283 - INFO - Retrieving data for BHC
2025-04-08 22:18:49,330 - INFO - Inserted/updated 3840 records for BHC
2025-04-08 22:18:50,333 - INFO - Retrieving data for CXM
2025-04-08 22:18:50,720 - INFO - Inserted/updated 953 records for CXM
2025-04-08 22:18:51,721 - INFO - Retrieving data for AIN
2025-04-08 22:18:51,602 - INFO - Inserted/updated 3840 records for AIN
2025-04-08 22:18:52,604 - INFO - Retrieving data for UGP
2025-04-08 22:18:53,975 - INFO - Inserted/updated 3840 records for UGP
2025-04-08 22:18:54,978 - INFO - Retrieving data for VSH
2025-04-08 22:18:56,153 - INFO - Inserted/updated 3840 records for VSH
2025-04-08 22:18:57,156 - INFO - Retrieving data for RLAY
2025-04-08 22:18:57,639 - INFO - Inserted/updated 1189 records for RLAY
2025-04-08 22:18:58,642 - INFO - Retrieving data for MGEE
2025-04-08 22:18:59,733 - INFO - Inserted/updated 3840 records for MGEE
2025-04-08 22:19:00,736 - INFO - Retrieving data for CNMD
2025-04-08 22:19:01,795 - INFO - Inserted/updated 3840 records for CNMD
2025-04-08 22:19:02,796 - INFO - Retrieving data for SGML
2025-04-08 22:19:03,272 - INFO - Inserted/updated 1267 records for SGML
2025-04-08 22:19:04,277 - INFO - Retrieving data for MC
2025-04-08 22:19:05,836 - INFO - Inserted/updated 2762 records for MC
2025-04-08 22:19:06,837 - INFO - Retrieving data for IBOC
2025-04-08 22:19:07,893 - INFO - Inserted/updated 3840 records for IBOC
2025-04-08 22:19:08,896 - INFO - Retrieving data for NVMI
2025-04-08 22:19:09,923 - INFO - Inserted/updated 3840 records for NVMI
2025-04-08 22:19:10,932 - INFO - Retrieving data for MTH
2025-04-08 22:19:12,095 - INFO - Inserted/updated 3840 records for MTH
2025-04-08 22:19:13,101 - INFO - Retrieving data for BMI
2025-04-08 22:19:14,158 - INFO - Inserted/updated 3840 records for BMI
2025-04-08 22:19:15,159 - INFO - Retrieving data for CRVL
2025-04-08 22:19:16,211 - INFO - Inserted/updated 3840 records for CRVL
2025-04-08 22:19:17,215 - INFO - Retrieving data for SFNC
2025-04-08 22:19:18,277 - INFO - Inserted/updated 3840 records for SFNC
2025-04-08 22:19:19,279 - INFO - Retrieving data for DORM
2025-04-08 22:19:20,300 - INFO - Inserted/updated 3840 records for DORM
2025-04-08 22:19:21,302 - INFO - Retrieving data for LBRT
2025-04-08 22:19:21,923 - INFO - Inserted/updated 1820 records for LBRT
2025-04-08 22:19:22,928 - INFO - Retrieving data for HELE
2025-04-08 22:19:22,585 - INFO - Inserted/updated 3840 records for HELE
2025-04-08 22:19:23,588 - INFO - Retrieving data for TRUP
2025-04-08 22:19:24,607 - INFO - Inserted/updated 2698 records for TRUP
2025-04-08 22:19:25,610 - INFO - Retrieving data for MRCY
2025-04-08 22:19:26,688 - INFO - Inserted/updated 3840 records for MRCY
2025-04-08 22:19:27,690 - INFO - Retrieving data for MNTK
2025-04-08 22:19:28,141 - INFO - Inserted/updated 1058 records for MNTK
2025-04-08 22:19:29,147 - INFO - Retrieving data for GKOS
2025-04-08 22:19:29,894 - INFO - Inserted/updated 2462 records for GKOS
2025-04-08 22:19:30,896 - INFO - Retrieving data for FLYW
2025-04-08 22:19:31,292 - INFO - Inserted/updated 972 records for FLYW
2025-04-08 22:19:32,295 - INFO - Retrieving data for OUT
2025-04-08 22:19:33,079 - INFO - Inserted/updated 2775 records for OUT
2025-04-08 22:19:34,081 - INFO - Retrieving data for SITC
2025-04-08 22:19:35,127 - INFO - Inserted/updated 3840 records for SITC
2025-04-08 22:19:36,129 - INFO - Retrieving data for JJSF
2025-04-08 22:19:37,248 - INFO - Inserted/updated 3840 records for JJSF
2025-04-08 22:19:38,250 - INFO - Retrieving data for VIR
2025-04-08 22:19:38,756 - INFO - Inserted/updated 1380 records for VIR
2025-04-08 22:19:39,758 - INFO - Retrieving data for NGVT
2025-04-08 22:19:40,437 - INFO - Inserted/updated 2248 records for NGVT
2025-04-08 22:19:41,441 - INFO - Retrieving data for MXL
2025-04-08 22:19:42,456 - INFO - Inserted/updated 3785 records for MXL
2025-04-08 22:19:43,460 - INFO - Retrieving data for WERN
2025-04-08 22:19:44,585 - INFO - Inserted/updated 3840 records for WERN
2025-04-08 22:19:45,588 - INFO - Retrieving data for IQ
2025-04-08 22:19:46,176 - INFO - Inserted/updated 1767 records for IQ
2025-04-08 22:19:47,179 - INFO - Retrieving data for ACIW
2025-04-08 22:19:48,329 - INFO - Inserted/updated 3840 records for ACIW
2025-04-08 22:19:49,330 - INFO - Retrieving data for HLF
2025-04-08 22:19:50,366 - INFO - Inserted/updated 3840 records for HLF
2025-04-08 22:19:51,371 - INFO - Retrieving data for FULT
2025-04-08 22:19:52,450 - INFO - Inserted/updated 3840 records for FULT
2025-04-08 22:19:53,453 - INFO - Retrieving data for EPRT
2025-04-08 22:19:52,638 - INFO - Inserted/updated 1709 records for EPRT
2025-04-08 22:19:53,640 - INFO - Retrieving data for ENS
2025-04-08 22:19:54,824 - INFO - Inserted/updated 3840 records for ENS
2025-04-08 22:19:55,827 - INFO - Retrieving data for HRMY
2025-04-08 22:19:56,269 - INFO - Inserted/updated 1165 records for HRMY
2025-04-08 22:19:57,270 - INFO - Retrieving data for FRO
2025-04-08 22:19:58,305 - INFO - Inserted/updated 3840 records for FRO
2025-04-08 22:19:59,310 - INFO - Retrieving data for BCO
2025-04-08 22:20:00,404 - INFO - Inserted/updated 3840 records for BCO
2025-04-08 22:20:01,407 - INFO - Retrieving data for YPF
2025-04-08 22:20:02,791 - INFO - Inserted/updated 3840 records for YPF
2025-04-08 22:20:03,793 - INFO - Retrieving data for HPK
2025-04-08 22:20:04,302 - INFO - Inserted/updated 1162 records for HPK
2025-04-08 22:20:05,303 - INFO - Retrieving data for SGRY
2025-04-08 22:20:06,005 - INFO - Inserted/updated 2394 records for SGRY
2025-04-08 22:20:07,010 - INFO - Retrieving data for ROOT
2025-04-08 22:20:07,452 - INFO - Inserted/updated 1116 records for ROOT
2025-04-08 22:20:08,453 - INFO - Retrieving data for STNG
2025-04-08 22:20:09,521 - INFO - Inserted/updated 3780 records for STNG
2025-04-08 22:20:10,523 - INFO - Retrieving data for GGAL
2025-04-08 22:20:11,574 - INFO - Inserted/updated 3840 records for GGAL
2025-04-08 22:20:12,576 - INFO - Retrieving data for HUBG
2025-04-08 22:20:13,843 - INFO - Inserted/updated 3840 records for HUBG
2025-04-08 22:20:14,861 - INFO - Retrieving data for MEOH
2025-04-08 22:20:15,982 - INFO - Inserted/updated 3840 records for MEOH
2025-04-08 22:20:16,988 - INFO - Retrieving data for GDRX
2025-04-08 22:20:17,436 - INFO - Inserted/updated 1141 records for GDRX
2025-04-08 22:20:18,438 - INFO - Retrieving data for FIBK
2025-04-08 22:20:19,416 - INFO - Inserted/updated 3785 records for FIBK
2025-04-08 22:20:20,419 - INFO - Retrieving data for FWRD
2025-04-08 22:20:21,623 - INFO - Inserted/updated 3840 records for FWRD
2025-04-08 22:20:22,633 - INFO - Retrieving data for SPXC
2025-04-08 22:20:23,750 - INFO - Inserted/updated 3840 records for SPXC
2025-04-08 22:20:24,752 - INFO - Retrieving data for HLNE
2025-04-08 22:20:23,991 - INFO - Inserted/updated 2039 records for HLNE
2025-04-08 22:20:24,993 - INFO - Retrieving data for ARVN
2025-04-08 22:20:25,480 - INFO - Inserted/updated 1641 records for ARVN
2025-04-08 22:20:26,482 - INFO - Retrieving data for FATE
2025-04-08 22:20:27,288 - INFO - Inserted/updated 2898 records for FATE
2025-04-08 22:20:28,299 - INFO - Retrieving data for SHLS
2025-04-08 22:20:28,737 - INFO - Inserted/updated 1055 records for SHLS
2025-04-08 22:20:29,738 - INFO - Retrieving data for WDFC
2025-04-08 22:20:30,805 - INFO - Inserted/updated 3840 records for WDFC
2025-04-08 22:20:31,807 - INFO - Retrieving data for PDCO
2025-04-08 22:20:32,981 - INFO - Inserted/updated 3840 records for PDCO
2025-04-08 22:20:33,982 - INFO - Retrieving data for VRRM
2025-04-08 22:20:34,596 - INFO - Inserted/updated 2022 records for VRRM
2025-04-08 22:20:35,598 - INFO - Retrieving data for CBRL
2025-04-08 22:20:36,710 - INFO - Inserted/updated 3840 records for CBRL
2025-04-08 22:20:37,725 - INFO - Retrieving data for JBLU
2025-04-08 22:20:38,869 - INFO - Inserted/updated 3840 records for JBLU
2025-04-08 22:20:39,887 - INFO - Retrieving data for YELP
2025-04-08 22:20:40,815 - INFO - Inserted/updated 3295 records for YELP
2025-04-08 22:20:41,818 - INFO - Retrieving data for WOR
2025-04-08 22:20:42,908 - INFO - Inserted/updated 3840 records for WOR
2025-04-08 22:20:43,910 - INFO - Retrieving data for OPEN
2025-04-08 22:20:44,377 - INFO - Inserted/updated 1208 records for OPEN
2025-04-08 22:20:45,387 - INFO - Retrieving data for PBH
2025-04-08 22:20:46,417 - INFO - Inserted/updated 3840 records for PBH
2025-04-08 22:20:47,426 - INFO - Retrieving data for KLIC
2025-04-08 22:20:48,504 - INFO - Inserted/updated 3840 records for KLIC
2025-04-08 22:20:49,510 - INFO - Retrieving data for CCOI
2025-04-08 22:20:50,546 - INFO - Inserted/updated 3840 records for CCOI
2025-04-08 22:20:51,549 - INFO - Retrieving data for IBRX
2025-04-08 22:20:52,287 - INFO - Inserted/updated 2440 records for IBRX
2025-04-08 22:20:53,289 - INFO - Retrieving data for DKL
2025-04-08 22:20:54,233 - INFO - Inserted/updated 3126 records for DKL
2025-04-08 22:20:55,257 - INFO - Retrieving data for AUB
2025-04-08 22:20:54,917 - INFO - Inserted/updated 3840 records for AUB
2025-04-08 22:20:55,920 - INFO - Retrieving data for PLXS
2025-04-08 22:20:56,975 - INFO - Inserted/updated 3840 records for PLXS
2025-04-08 22:20:57,977 - INFO - Retrieving data for WHD
2025-04-08 22:20:58,587 - INFO - Inserted/updated 1801 records for WHD
2025-04-08 22:20:59,626 - INFO - Retrieving data for LESL
2025-04-08 22:21:00,208 - INFO - Inserted/updated 1115 records for LESL
2025-04-08 22:21:01,210 - INFO - Retrieving data for AHCO
2025-04-08 22:21:02,052 - INFO - Inserted/updated 1715 records for AHCO
2025-04-08 22:21:03,075 - INFO - Retrieving data for VIRT
2025-04-08 22:21:05,733 - INFO - Inserted/updated 2511 records for VIRT
2025-04-08 22:21:06,757 - INFO - Retrieving data for VNOM
2025-04-08 22:21:09,109 - INFO - Inserted/updated 2719 records for VNOM
2025-04-08 22:21:10,111 - INFO - Retrieving data for RUSHA
2025-04-08 22:21:11,154 - INFO - Inserted/updated 3840 records for RUSHA
2025-04-08 22:21:12,156 - INFO - Retrieving data for FUN
2025-04-08 22:21:13,995 - INFO - Inserted/updated 3840 records for FUN
2025-04-08 22:21:14,996 - INFO - Retrieving data for NOG
2025-04-08 22:21:16,048 - INFO - Inserted/updated 3840 records for NOG
2025-04-08 22:21:17,051 - INFO - Retrieving data for INMD
2025-04-08 22:21:17,631 - INFO - Inserted/updated 1425 records for INMD
2025-04-08 22:21:18,634 - INFO - Retrieving data for PAGP
2025-04-08 22:21:19,474 - INFO - Inserted/updated 2887 records for PAGP
2025-04-08 22:21:20,476 - INFO - Retrieving data for IFS
2025-04-08 22:21:21,015 - INFO - Inserted/updated 1425 records for IFS
2025-04-08 22:21:22,022 - INFO - Retrieving data for EXG
2025-04-08 22:21:23,110 - INFO - Inserted/updated 3840 records for EXG
2025-04-08 22:21:24,112 - INFO - Retrieving data for IBP
2025-04-08 22:21:24,934 - INFO - Inserted/updated 2805 records for IBP
2025-04-08 22:21:25,939 - INFO - Retrieving data for SAGE
2025-04-08 22:21:25,331 - INFO - Inserted/updated 2698 records for SAGE
2025-04-08 22:21:26,334 - INFO - Retrieving data for MGPI
2025-04-08 22:21:27,480 - INFO - Inserted/updated 3840 records for MGPI
2025-04-08 22:21:28,482 - INFO - Retrieving data for AMR
2025-04-08 22:21:29,151 - INFO - Inserted/updated 2171 records for AMR
2025-04-08 22:21:30,152 - INFO - Retrieving data for KW
2025-04-08 22:21:31,173 - INFO - Inserted/updated 3840 records for KW
2025-04-08 22:21:32,175 - INFO - Retrieving data for VRNT
2025-04-08 22:21:33,249 - INFO - Inserted/updated 3840 records for VRNT
2025-04-08 22:21:34,251 - INFO - Retrieving data for TAC
2025-04-08 22:21:35,281 - INFO - Inserted/updated 3840 records for TAC
2025-04-08 22:21:36,283 - INFO - Retrieving data for SIMO
2025-04-08 22:21:37,335 - INFO - Inserted/updated 3840 records for SIMO
2025-04-08 22:21:38,371 - INFO - Retrieving data for NVAX
2025-04-08 22:21:39,457 - INFO - Inserted/updated 3840 records for NVAX
2025-04-08 22:21:40,462 - INFO - Retrieving data for STEM
2025-04-08 22:21:40,917 - INFO - Inserted/updated 1130 records for STEM
2025-04-08 22:21:41,918 - INFO - Retrieving data for UNFI
2025-04-08 22:21:43,030 - INFO - Inserted/updated 3840 records for UNFI
2025-04-08 22:21:44,034 - INFO - Retrieving data for UTF
2025-04-08 22:21:45,045 - INFO - Inserted/updated 3840 records for UTF
2025-04-08 22:21:46,048 - INFO - Retrieving data for THS
2025-04-08 22:21:47,084 - INFO - Inserted/updated 3840 records for THS
2025-04-08 22:21:48,086 - INFO - Retrieving data for BLKB
2025-04-08 22:21:49,163 - INFO - Inserted/updated 3840 records for BLKB
2025-04-08 22:21:50,165 - INFO - Retrieving data for SHO
2025-04-08 22:21:51,187 - INFO - Inserted/updated 3840 records for SHO
2025-04-08 22:21:52,204 - INFO - Retrieving data for IPAR
2025-04-08 22:21:53,262 - INFO - Inserted/updated 3840 records for IPAR
2025-04-08 22:21:54,276 - INFO - Retrieving data for MSTR
2025-04-08 22:21:55,362 - INFO - Inserted/updated 3840 records for MSTR
2025-04-08 22:21:56,365 - INFO - Retrieving data for ARRY
2025-04-08 22:21:56,812 - INFO - Inserted/updated 1125 records for ARRY
2025-04-08 22:21:56,406 - INFO - Retrieving data for AX
2025-04-08 22:21:56,965 - INFO - Inserted/updated 1639 records for AX
2025-04-08 22:21:57,966 - INFO - Retrieving data for EVTC
2025-04-08 22:21:58,806 - INFO - Inserted/updated 3017 records for EVTC
2025-04-08 22:21:59,807 - INFO - Retrieving data for NTCT
2025-04-08 22:22:01,007 - INFO - Inserted/updated 3840 records for NTCT
2025-04-08 22:22:02,010 - INFO - Retrieving data for KBH
2025-04-08 22:22:03,166 - INFO - Inserted/updated 3840 records for KBH
2025-04-08 22:22:04,196 - INFO - Retrieving data for CSIQ
2025-04-08 22:22:05,778 - INFO - Inserted/updated 3840 records for CSIQ
2025-04-08 22:22:06,783 - INFO - Retrieving data for PCRX
2025-04-08 22:22:07,728 - INFO - Inserted/updated 3566 records for PCRX
2025-04-08 22:22:08,730 - INFO - Retrieving data for COMM
2025-04-08 22:22:09,757 - INFO - Inserted/updated 2880 records for COMM
2025-04-08 22:22:10,762 - INFO - Retrieving data for AMBA
2025-04-08 22:22:11,734 - INFO - Inserted/updated 3141 records for AMBA
2025-04-08 22:22:12,736 - INFO - Retrieving data for COLB
2025-04-08 22:22:13,867 - INFO - Inserted/updated 3840 records for COLB
2025-04-08 22:22:14,870 - INFO - Retrieving data for ENIC
2025-04-08 22:22:15,559 - INFO - Inserted/updated 2251 records for ENIC
2025-04-08 22:22:16,562 - INFO - Retrieving data for ROIV
2025-04-08 22:22:16,972 - INFO - Inserted/updated 883 records for ROIV
2025-04-08 22:22:17,973 - INFO - Retrieving data for CERT
2025-04-08 22:22:18,479 - INFO - Inserted/updated 1085 records for CERT
2025-04-08 22:22:19,481 - INFO - Retrieving data for RRR
2025-04-08 22:22:20,142 - INFO - Inserted/updated 2251 records for RRR
2025-04-08 22:22:21,143 - INFO - Retrieving data for KD
2025-04-08 22:22:21,668 - INFO - Inserted/updated 868 records for KD
2025-04-08 22:22:22,672 - INFO - Retrieving data for HAYW
2025-04-08 22:22:23,148 - INFO - Inserted/updated 1024 records for HAYW
2025-04-08 22:22:24,149 - INFO - Retrieving data for FSS
2025-04-08 22:22:25,196 - INFO - Inserted/updated 3840 records for FSS
2025-04-08 22:22:26,197 - INFO - Retrieving data for WFRD
2025-04-08 22:22:26,643 - INFO - Inserted/updated 1071 records for WFRD
2025-04-08 22:22:27,644 - INFO - Retrieving data for LTH
2025-04-08 22:22:28,050 - INFO - Inserted/updated 879 records for LTH
2025-04-08 22:22:27,720 - INFO - Retrieving data for SHOO
2025-04-08 22:22:28,917 - INFO - Inserted/updated 3840 records for SHOO
2025-04-08 22:22:29,922 - INFO - Retrieving data for MANU
2025-04-08 22:22:30,844 - INFO - Inserted/updated 3183 records for MANU
2025-04-08 22:22:31,879 - INFO - Retrieving data for CNO
2025-04-08 22:22:32,927 - INFO - Inserted/updated 3840 records for CNO
2025-04-08 22:22:33,933 - INFO - Retrieving data for CLBK
2025-04-08 22:22:34,466 - INFO - Inserted/updated 1752 records for CLBK
2025-04-08 22:22:35,473 - INFO - Retrieving data for AVAV
2025-04-08 22:22:36,533 - INFO - Inserted/updated 3840 records for AVAV
2025-04-08 22:22:37,535 - INFO - Retrieving data for TEX
2025-04-08 22:22:38,645 - INFO - Inserted/updated 3840 records for TEX
2025-04-08 22:22:39,648 - INFO - Retrieving data for USM
2025-04-08 22:22:40,711 - INFO - Inserted/updated 3840 records for USM
2025-04-08 22:22:41,713 - INFO - Retrieving data for PI
2025-04-08 22:22:42,386 - INFO - Inserted/updated 2192 records for PI
2025-04-08 22:22:43,391 - INFO - Retrieving data for AXSM
2025-04-08 22:22:44,155 - INFO - Inserted/updated 2359 records for AXSM
2025-04-08 22:22:45,156 - INFO - Retrieving data for CVLT
2025-04-08 22:22:46,173 - INFO - Inserted/updated 3840 records for CVLT
2025-04-08 22:22:47,210 - INFO - Retrieving data for BCC
2025-04-08 22:22:48,044 - INFO - Inserted/updated 3062 records for BCC
2025-04-08 22:22:49,045 - INFO - Retrieving data for PEB
2025-04-08 22:22:50,078 - INFO - Inserted/updated 3840 records for PEB
2025-04-08 22:22:51,085 - INFO - Retrieving data for GBDC
2025-04-08 22:22:52,134 - INFO - Inserted/updated 3770 records for GBDC
2025-04-08 22:22:53,139 - INFO - Retrieving data for BCRX
2025-04-08 22:22:54,187 - INFO - Inserted/updated 3840 records for BCRX
2025-04-08 22:22:55,190 - INFO - Retrieving data for TR
2025-04-08 22:22:56,284 - INFO - Inserted/updated 3840 records for TR
2025-04-08 22:22:57,287 - INFO - Retrieving data for NAVI
2025-04-08 22:22:58,070 - INFO - Inserted/updated 2761 records for NAVI
2025-04-08 22:22:57,673 - INFO - Retrieving data for TTEC
2025-04-08 22:22:58,736 - INFO - Inserted/updated 3840 records for TTEC
2025-04-08 22:22:59,740 - INFO - Retrieving data for RKLB
2025-04-08 22:23:00,138 - INFO - Inserted/updated 910 records for RKLB
2025-04-08 22:23:01,142 - INFO - Retrieving data for EVCM
2025-04-08 22:23:01,541 - INFO - Inserted/updated 947 records for EVCM
2025-04-08 22:23:02,545 - INFO - Retrieving data for TRN
2025-04-08 22:23:03,764 - INFO - Inserted/updated 3840 records for TRN
2025-04-08 22:23:04,769 - INFO - Retrieving data for BRFS
2025-04-08 22:23:05,791 - INFO - Inserted/updated 3840 records for BRFS
2025-04-08 22:23:06,797 - INFO - Retrieving data for CBZ
2025-04-08 22:23:07,880 - INFO - Inserted/updated 3840 records for CBZ
2025-04-08 22:23:08,882 - INFO - Retrieving data for WSBC
2025-04-08 22:23:10,168 - INFO - Inserted/updated 3840 records for WSBC
2025-04-08 22:23:11,169 - INFO - Retrieving data for ZGN
2025-04-08 22:23:11,583 - INFO - Inserted/updated 828 records for ZGN
2025-04-08 22:23:12,586 - INFO - Retrieving data for BRC
2025-04-08 22:23:13,684 - INFO - Inserted/updated 3840 records for BRC
2025-04-08 22:23:14,687 - INFO - Retrieving data for QTWO
2025-04-08 22:23:15,509 - INFO - Inserted/updated 2781 records for QTWO
2025-04-08 22:23:16,511 - INFO - Retrieving data for CPK
2025-04-08 22:23:17,778 - INFO - Inserted/updated 3840 records for CPK
2025-04-08 22:23:18,785 - INFO - Retrieving data for CSQ
2025-04-08 22:23:19,875 - INFO - Inserted/updated 3840 records for CSQ
2025-04-08 22:23:20,879 - INFO - Retrieving data for SABR
2025-04-08 22:23:21,692 - INFO - Inserted/updated 2761 records for SABR
2025-04-08 22:23:22,693 - INFO - Retrieving data for ABR
2025-04-08 22:23:23,750 - INFO - Inserted/updated 3840 records for ABR
2025-04-08 22:23:24,753 - INFO - Retrieving data for PLMR
2025-04-08 22:23:25,297 - INFO - Inserted/updated 1503 records for PLMR
2025-04-08 22:23:26,312 - INFO - Retrieving data for ITRI
2025-04-08 22:23:27,365 - INFO - Inserted/updated 3840 records for ITRI
2025-04-08 22:23:28,370 - INFO - Retrieving data for RXRX
2025-04-08 22:23:28,844 - INFO - Inserted/updated 1000 records for RXRX
2025-04-08 22:23:29,847 - INFO - Retrieving data for BLDP
2025-04-08 22:23:29,633 - INFO - Inserted/updated 3840 records for BLDP
2025-04-08 22:23:30,730 - INFO - Retrieving data for FRME
2025-04-08 22:23:31,898 - INFO - Inserted/updated 3840 records for FRME
2025-04-08 22:23:32,900 - INFO - Retrieving data for QFIN
2025-04-08 22:23:33,439 - INFO - Inserted/updated 1587 records for QFIN
2025-04-08 22:23:34,445 - INFO - Retrieving data for IHS
2025-04-08 22:23:34,813 - INFO - Inserted/updated 874 records for IHS
2025-04-08 22:23:35,816 - INFO - Retrieving data for NMRK
2025-04-08 22:23:36,421 - INFO - Inserted/updated 1837 records for NMRK
2025-04-08 22:23:37,426 - INFO - Retrieving data for ZIP
2025-04-08 22:23:37,835 - INFO - Inserted/updated 972 records for ZIP
2025-04-08 22:23:38,870 - INFO - Retrieving data for FA
2025-04-08 22:23:39,265 - INFO - Inserted/updated 953 records for FA
2025-04-08 22:23:40,267 - INFO - Retrieving data for GME
2025-04-08 22:23:41,353 - INFO - Inserted/updated 3840 records for GME
2025-04-08 22:23:42,359 - INFO - Retrieving data for UTZ
2025-04-08 22:23:42,877 - INFO - Inserted/updated 1597 records for UTZ
2025-04-08 22:23:43,879 - INFO - Retrieving data for OI
2025-04-08 22:23:44,977 - INFO - Inserted/updated 3840 records for OI
2025-04-08 22:23:45,980 - INFO - Retrieving data for SCL
2025-04-08 22:23:47,146 - INFO - Inserted/updated 3840 records for SCL
2025-04-08 22:23:48,159 - INFO - Retrieving data for VERX
2025-04-08 22:23:48,633 - INFO - Inserted/updated 1180 records for VERX
2025-04-08 22:23:49,671 - INFO - Retrieving data for HCM
2025-04-08 22:23:50,368 - INFO - Inserted/updated 2279 records for HCM
2025-04-08 22:23:51,371 - INFO - Retrieving data for IIPR
2025-04-08 22:23:52,085 - INFO - Inserted/updated 2099 records for IIPR
2025-04-08 22:23:53,087 - INFO - Retrieving data for ORC
2025-04-08 22:23:53,971 - INFO - Inserted/updated 3056 records for ORC
2025-04-08 22:23:54,989 - INFO - Retrieving data for YY
2025-04-08 22:23:55,875 - INFO - Inserted/updated 3113 records for YY
2025-04-08 22:23:56,878 - INFO - Retrieving data for IOSP
2025-04-08 22:23:58,020 - INFO - Inserted/updated 3840 records for IOSP
2025-04-08 22:23:59,028 - INFO - Retrieving data for KEN
2025-04-08 22:23:59,767 - INFO - Inserted/updated 2574 records for KEN
2025-04-08 22:23:59,371 - INFO - Retrieving data for UPST
2025-04-08 22:23:59,901 - INFO - Inserted/updated 1082 records for UPST
2025-04-08 22:24:00,905 - INFO - Retrieving data for ETWO
2025-04-08 22:24:01,362 - INFO - Inserted/updated 1211 records for ETWO
2025-04-08 22:24:02,368 - INFO - Retrieving data for NKLA
2025-04-08 22:24:02,980 - INFO - Inserted/updated 1681 records for NKLA
2025-04-08 22:24:03,984 - INFO - Retrieving data for RIG
2025-04-08 22:24:05,352 - INFO - Inserted/updated 3840 records for RIG
2025-04-08 22:24:06,356 - INFO - Retrieving data for TROX
2025-04-08 22:24:07,366 - INFO - Inserted/updated 3610 records for TROX
2025-04-08 22:24:08,369 - INFO - Retrieving data for PD
2025-04-08 22:24:08,901 - INFO - Inserted/updated 1507 records for PD
2025-04-08 22:24:09,905 - INFO - Retrieving data for UPWK
2025-04-08 22:24:10,457 - INFO - Inserted/updated 1637 records for UPWK
2025-04-08 22:24:11,458 - INFO - Retrieving data for ATRC
2025-04-08 22:24:12,540 - INFO - Inserted/updated 3840 records for ATRC
2025-04-08 22:24:13,542 - INFO - Retrieving data for JOE
2025-04-08 22:24:14,844 - INFO - Inserted/updated 3840 records for JOE
2025-04-08 22:24:15,853 - INFO - Retrieving data for ELF
2025-04-08 22:24:16,975 - INFO - Inserted/updated 2148 records for ELF
2025-04-08 22:24:17,976 - INFO - Retrieving data for SBLK
2025-04-08 22:24:19,184 - INFO - Inserted/updated 3840 records for SBLK
2025-04-08 22:24:20,191 - INFO - Retrieving data for LAUR
2025-04-08 22:24:20,835 - INFO - Inserted/updated 2058 records for LAUR
2025-04-08 22:24:21,838 - INFO - Retrieving data for DAN
2025-04-08 22:24:23,448 - INFO - Inserted/updated 3840 records for DAN
2025-04-08 22:24:24,450 - INFO - Retrieving data for PRK
2025-04-08 22:24:25,577 - INFO - Inserted/updated 3840 records for PRK
2025-04-08 22:24:26,579 - INFO - Retrieving data for PAYO
2025-04-08 22:24:27,031 - INFO - Inserted/updated 951 records for PAYO
2025-04-08 22:24:28,033 - INFO - Retrieving data for HTH
2025-04-08 22:24:29,078 - INFO - Inserted/updated 3840 records for HTH
2025-04-08 22:24:30,082 - INFO - Retrieving data for NE
2025-04-08 22:24:30,512 - INFO - Inserted/updated 963 records for NE
2025-04-08 22:24:31,515 - INFO - Retrieving data for APAM
2025-04-08 22:24:30,974 - INFO - Inserted/updated 3042 records for APAM
2025-04-08 22:24:31,982 - INFO - Retrieving data for FORM
2025-04-08 22:24:33,064 - INFO - Inserted/updated 3840 records for FORM
2025-04-08 22:24:34,066 - INFO - Retrieving data for FROG
2025-04-08 22:24:34,551 - INFO - Inserted/updated 1146 records for FROG
2025-04-08 22:24:35,553 - INFO - Retrieving data for CMTG
2025-04-08 22:24:36,002 - INFO - Inserted/updated 860 records for CMTG
2025-04-08 22:24:37,004 - INFO - Retrieving data for KTB
2025-04-08 22:24:37,527 - INFO - Inserted/updated 1487 records for KTB
2025-04-08 22:24:38,528 - INFO - Retrieving data for BANR
2025-04-08 22:24:39,630 - INFO - Inserted/updated 3840 records for BANR
2025-04-08 22:24:40,632 - INFO - Retrieving data for UDMY
2025-04-08 22:24:41,044 - INFO - Inserted/updated 863 records for UDMY
2025-04-08 22:24:42,046 - INFO - Retrieving data for URBN
2025-04-08 22:24:43,135 - INFO - Inserted/updated 3840 records for URBN
2025-04-08 22:24:44,139 - INFO - Retrieving data for HL
2025-04-08 22:24:45,231 - INFO - Inserted/updated 3840 records for HL
2025-04-08 22:24:46,234 - INFO - Retrieving data for MGRC
2025-04-08 22:24:47,340 - INFO - Inserted/updated 3840 records for MGRC
2025-04-08 22:24:48,345 - INFO - Retrieving data for SMTC
2025-04-08 22:24:49,407 - INFO - Inserted/updated 3840 records for SMTC
2025-04-08 22:24:50,409 - INFO - Retrieving data for SSTK
2025-04-08 22:24:51,355 - INFO - Inserted/updated 3140 records for SSTK
2025-04-08 22:24:52,358 - INFO - Retrieving data for ITGR
2025-04-08 22:24:53,418 - INFO - Inserted/updated 3840 records for ITGR
2025-04-08 22:24:54,420 - INFO - Retrieving data for ACLS
2025-04-08 22:24:55,487 - INFO - Inserted/updated 3840 records for ACLS
2025-04-08 22:24:56,490 - INFO - Retrieving data for DNUT
2025-04-08 22:24:56,885 - INFO - Inserted/updated 947 records for DNUT
2025-04-08 22:24:57,887 - INFO - Retrieving data for SDGR
2025-04-08 22:24:58,422 - INFO - Inserted/updated 1300 records for SDGR
2025-04-08 22:24:59,425 - INFO - Retrieving data for UTG
2025-04-08 22:25:00,687 - INFO - Inserted/updated 3840 records for UTG
2025-04-08 22:25:01,698 - INFO - Retrieving data for SAFE
2025-04-08 22:25:01,324 - INFO - Inserted/updated 1960 records for SAFE
2025-04-08 22:25:02,327 - INFO - Retrieving data for NVEE
2025-04-08 22:25:05,071 - INFO - Inserted/updated 2899 records for NVEE
2025-04-08 22:25:06,100 - INFO - Retrieving data for LGIH
2025-04-08 22:25:07,208 - INFO - Inserted/updated 2871 records for LGIH
2025-04-08 22:25:08,210 - INFO - Retrieving data for FFBC
2025-04-08 22:25:09,483 - INFO - Inserted/updated 3840 records for FFBC
2025-04-08 22:25:10,485 - INFO - Retrieving data for UNIT
2025-04-08 22:25:11,296 - INFO - Inserted/updated 2509 records for UNIT
2025-04-08 22:25:12,303 - INFO - Retrieving data for WAFD
2025-04-08 22:25:13,425 - INFO - Inserted/updated 3840 records for WAFD
2025-04-08 22:25:14,432 - INFO - Retrieving data for EPC
2025-04-08 22:25:15,478 - INFO - Inserted/updated 3840 records for EPC
2025-04-08 22:25:16,480 - INFO - Retrieving data for FCPT
2025-04-08 22:25:17,266 - INFO - Inserted/updated 2366 records for FCPT
2025-04-08 22:25:18,267 - INFO - Retrieving data for CNNE
2025-04-08 22:25:18,843 - INFO - Inserted/updated 1855 records for CNNE
2025-04-08 22:25:19,845 - INFO - Retrieving data for NXE
2025-04-08 22:25:20,552 - INFO - Inserted/updated 2329 records for NXE
2025-04-08 22:25:21,555 - INFO - Retrieving data for SPB
2025-04-08 22:25:22,587 - INFO - Inserted/updated 3840 records for SPB
2025-04-08 22:25:23,606 - INFO - Retrieving data for ESE
2025-04-08 22:25:24,644 - INFO - Inserted/updated 3840 records for ESE
2025-04-08 22:25:25,647 - INFO - Retrieving data for XENE
2025-04-08 22:25:26,484 - INFO - Inserted/updated 2621 records for XENE
2025-04-08 22:25:27,487 - INFO - Retrieving data for RLJ
2025-04-08 22:25:28,463 - INFO - Inserted/updated 3499 records for RLJ
2025-04-08 22:25:29,464 - INFO - Retrieving data for GPOR
2025-04-08 22:25:29,878 - INFO - Inserted/updated 977 records for GPOR
2025-04-08 22:25:30,879 - INFO - Retrieving data for LZ
2025-04-08 22:25:31,312 - INFO - Inserted/updated 948 records for LZ
2025-04-08 22:25:32,313 - INFO - Retrieving data for TWST
2025-04-08 22:25:32,920 - INFO - Inserted/updated 1617 records for TWST
2025-04-08 22:25:32,513 - INFO - Retrieving data for HPP
2025-04-08 22:25:33,455 - INFO - Inserted/updated 3721 records for HPP
2025-04-08 22:25:34,458 - INFO - Retrieving data for VERV
2025-04-08 22:25:34,849 - INFO - Inserted/updated 957 records for VERV
2025-04-08 22:25:35,852 - INFO - Retrieving data for ALLO
2025-04-08 22:25:36,377 - INFO - Inserted/updated 1631 records for ALLO
2025-04-08 22:25:37,380 - INFO - Retrieving data for KAI
2025-04-08 22:25:38,440 - INFO - Inserted/updated 3840 records for KAI
2025-04-08 22:25:39,496 - INFO - Retrieving data for TRMK
2025-04-08 22:25:40,570 - INFO - Inserted/updated 3840 records for TRMK
2025-04-08 22:25:41,582 - INFO - Retrieving data for SG
2025-04-08 22:25:41,952 - INFO - Inserted/updated 849 records for SG
2025-04-08 22:25:42,954 - INFO - Retrieving data for DK
2025-04-08 22:25:44,059 - INFO - Inserted/updated 3840 records for DK
2025-04-08 22:25:45,073 - INFO - Retrieving data for AG
2025-04-08 22:25:46,083 - INFO - Inserted/updated 3840 records for AG
2025-04-08 22:25:47,085 - INFO - Retrieving data for LKFN
2025-04-08 22:25:48,282 - INFO - Inserted/updated 3840 records for LKFN
2025-04-08 22:25:49,285 - INFO - Retrieving data for SONO
2025-04-08 22:25:49,846 - INFO - Inserted/updated 1680 records for SONO
2025-04-08 22:25:50,848 - INFO - Retrieving data for ICFI
2025-04-08 22:25:51,976 - INFO - Inserted/updated 3840 records for ICFI
2025-04-08 22:25:52,988 - INFO - Retrieving data for IMCR
2025-04-08 22:25:53,419 - INFO - Inserted/updated 1048 records for IMCR
2025-04-08 22:25:54,420 - INFO - Retrieving data for WMK
2025-04-08 22:25:55,483 - INFO - Inserted/updated 3840 records for WMK
2025-04-08 22:25:56,487 - INFO - Retrieving data for GNW
2025-04-08 22:25:57,537 - INFO - Inserted/updated 3840 records for GNW
2025-04-08 22:25:58,539 - INFO - Retrieving data for CSWI
2025-04-08 22:25:59,283 - INFO - Inserted/updated 2394 records for CSWI
2025-04-08 22:26:00,288 - INFO - Retrieving data for SHAK
2025-04-08 22:26:01,042 - INFO - Inserted/updated 2563 records for SHAK
2025-04-08 22:26:02,051 - INFO - Retrieving data for ATSG
2025-04-08 22:26:03,374 - INFO - Inserted/updated 3840 records for ATSG
2025-04-08 22:26:02,977 - INFO - Retrieving data for THRM
2025-04-08 22:26:04,100 - INFO - Inserted/updated 3840 records for THRM
2025-04-08 22:26:05,105 - INFO - Retrieving data for SJW
2025-04-08 22:26:06,168 - INFO - Inserted/updated 3840 records for SJW
2025-04-08 22:26:07,170 - INFO - Retrieving data for RELY
2025-04-08 22:26:07,575 - INFO - Inserted/updated 889 records for RELY
2025-04-08 22:26:08,576 - INFO - Retrieving data for CARG
2025-04-08 22:26:09,172 - INFO - Inserted/updated 1882 records for CARG
2025-04-08 22:26:10,180 - INFO - Retrieving data for TEO
2025-04-08 22:26:11,274 - INFO - Inserted/updated 3840 records for TEO
2025-04-08 22:26:12,279 - INFO - Retrieving data for CTRE
2025-04-08 22:26:13,084 - INFO - Inserted/updated 2733 records for CTRE
2025-04-08 22:26:14,089 - INFO - Retrieving data for CCU
2025-04-08 22:26:15,160 - INFO - Inserted/updated 3839 records for CCU
2025-04-08 22:26:16,166 - INFO - Retrieving data for PRCT
2025-04-08 22:26:16,565 - INFO - Inserted/updated 895 records for PRCT
2025-04-08 22:26:17,566 - INFO - Retrieving data for PIPR
2025-04-08 22:26:18,746 - INFO - Inserted/updated 3840 records for PIPR
2025-04-08 22:26:19,754 - INFO - Retrieving data for WGO
2025-04-08 22:26:20,825 - INFO - Inserted/updated 3840 records for WGO
2025-04-08 22:26:21,840 - INFO - Retrieving data for MTX
2025-04-08 22:26:22,907 - INFO - Inserted/updated 3840 records for MTX
2025-04-08 22:26:23,911 - INFO - Retrieving data for BOOT
2025-04-08 22:26:24,661 - INFO - Inserted/updated 2625 records for BOOT
2025-04-08 22:26:25,663 - INFO - Retrieving data for MSGE
2025-04-08 22:26:26,034 - INFO - Inserted/updated 497 records for MSGE
2025-04-08 22:26:27,036 - INFO - Retrieving data for DH
2025-04-08 22:26:27,433 - INFO - Inserted/updated 895 records for DH
2025-04-08 22:26:28,435 - INFO - Retrieving data for AMPS
2025-04-08 22:26:28,866 - INFO - Inserted/updated 1052 records for AMPS
2025-04-08 22:26:29,867 - INFO - Retrieving data for MAC
2025-04-08 22:26:31,033 - INFO - Inserted/updated 3840 records for MAC
2025-04-08 22:26:32,035 - INFO - Retrieving data for SAH
2025-04-08 22:26:33,156 - INFO - Inserted/updated 3840 records for SAH
2025-04-08 22:26:34,162 - INFO - Retrieving data for RLX
2025-04-08 22:26:34,580 - INFO - Inserted/updated 1058 records for RLX
2025-04-08 22:26:34,181 - INFO - Retrieving data for ETY
2025-04-08 22:26:35,174 - INFO - Inserted/updated 3840 records for ETY
2025-04-08 22:26:36,182 - INFO - Retrieving data for LYEL
2025-04-08 22:26:36,666 - INFO - Inserted/updated 957 records for LYEL
2025-04-08 22:26:37,710 - INFO - Retrieving data for ERJ
2025-04-08 22:26:38,835 - INFO - Inserted/updated 3840 records for ERJ
2025-04-08 22:26:39,843 - INFO - Retrieving data for FBK
2025-04-08 22:26:40,496 - INFO - Inserted/updated 2152 records for FBK
2025-04-08 22:26:41,498 - INFO - Retrieving data for ATGE
2025-04-08 22:26:42,634 - INFO - Inserted/updated 3840 records for ATGE
2025-04-08 22:26:43,641 - INFO - Retrieving data for GOOS
2025-04-08 22:26:44,335 - INFO - Inserted/updated 2028 records for GOOS
2025-04-08 22:26:45,336 - INFO - Retrieving data for ROIC
2025-04-08 22:26:46,385 - INFO - Inserted/updated 3802 records for ROIC
2025-04-08 22:26:47,388 - INFO - Retrieving data for PRGS
2025-04-08 22:26:48,517 - INFO - Inserted/updated 3840 records for PRGS
2025-04-08 22:26:49,520 - INFO - Retrieving data for MPLN
2025-04-08 22:26:49,990 - INFO - Inserted/updated 1260 records for MPLN
2025-04-08 22:26:50,992 - INFO - Retrieving data for ARCB
2025-04-08 22:26:52,122 - INFO - Inserted/updated 3840 records for ARCB
2025-04-08 22:26:53,127 - INFO - Retrieving data for DRH
2025-04-08 22:26:54,166 - INFO - Inserted/updated 3840 records for DRH
2025-04-08 22:26:55,169 - INFO - Retrieving data for CENT
2025-04-08 22:26:56,230 - INFO - Inserted/updated 3840 records for CENT
2025-04-08 22:26:57,233 - INFO - Retrieving data for ARHS
2025-04-08 22:26:57,620 - INFO - Inserted/updated 859 records for ARHS
2025-04-08 22:26:58,621 - INFO - Retrieving data for RVNC
2025-04-08 22:26:59,396 - INFO - Inserted/updated 2768 records for RVNC
2025-04-08 22:27:00,398 - INFO - Retrieving data for PL
2025-04-08 22:27:00,813 - INFO - Inserted/updated 994 records for PL
2025-04-08 22:27:01,817 - INFO - Retrieving data for PSMT
2025-04-08 22:27:02,945 - INFO - Inserted/updated 3840 records for PSMT
2025-04-08 22:27:03,949 - INFO - Retrieving data for MCY
2025-04-08 22:27:05,190 - INFO - Inserted/updated 3840 records for MCY
2025-04-08 22:27:04,789 - INFO - Retrieving data for VTYX
2025-04-08 22:27:05,179 - INFO - Inserted/updated 869 records for VTYX
2025-04-08 22:27:06,182 - INFO - Retrieving data for PAX
2025-04-08 22:27:06,618 - INFO - Inserted/updated 1058 records for PAX
2025-04-08 22:27:07,624 - INFO - Retrieving data for RCUS
2025-04-08 22:27:08,204 - INFO - Inserted/updated 1777 records for RCUS
2025-04-08 22:27:09,205 - INFO - Retrieving data for FTDR
2025-04-08 22:27:09,763 - INFO - Inserted/updated 1639 records for FTDR
2025-04-08 22:27:10,765 - INFO - Retrieving data for CVCO
2025-04-08 22:27:11,807 - INFO - Inserted/updated 3840 records for CVCO
2025-04-08 22:27:12,810 - INFO - Retrieving data for CRCT
2025-04-08 22:27:13,271 - INFO - Inserted/updated 1015 records for CRCT
2025-04-08 22:27:14,275 - INFO - Retrieving data for SKIN
2025-04-08 22:27:14,730 - INFO - Inserted/updated 1097 records for SKIN
2025-04-08 22:27:15,740 - INFO - Retrieving data for KMT
2025-04-08 22:27:16,855 - INFO - Inserted/updated 3840 records for KMT
2025-04-08 22:27:17,856 - INFO - Retrieving data for OMI
2025-04-08 22:27:18,962 - INFO - Inserted/updated 3840 records for OMI
2025-04-08 22:27:19,964 - INFO - Retrieving data for HTLF
2025-04-08 22:27:20,993 - INFO - Inserted/updated 3794 records for HTLF
2025-04-08 22:27:22,033 - INFO - Retrieving data for YOU
2025-04-08 22:27:22,441 - INFO - Inserted/updated 948 records for YOU
2025-04-08 22:27:23,443 - INFO - Retrieving data for GDV
2025-04-08 22:27:24,510 - INFO - Inserted/updated 3840 records for GDV
2025-04-08 22:27:25,513 - INFO - Retrieving data for VCTR
2025-04-08 22:27:26,136 - INFO - Inserted/updated 1801 records for VCTR
2025-04-08 22:27:27,138 - INFO - Retrieving data for ENR
2025-04-08 22:27:28,211 - INFO - Inserted/updated 3816 records for ENR
2025-04-08 22:27:29,215 - INFO - Retrieving data for NPO
2025-04-08 22:27:30,415 - INFO - Inserted/updated 3840 records for NPO
2025-04-08 22:27:31,418 - INFO - Retrieving data for IOVA
2025-04-08 22:27:32,378 - INFO - Inserted/updated 3642 records for IOVA
2025-04-08 22:27:33,379 - INFO - Retrieving data for FG
2025-04-08 22:27:33,685 - INFO - Inserted/updated 595 records for FG
2025-04-08 22:27:34,690 - INFO - Retrieving data for ODP
2025-04-08 22:27:35,765 - INFO - Inserted/updated 3840 records for ODP
2025-04-08 22:27:35,366 - INFO - Retrieving data for SBCF
2025-04-08 22:27:36,465 - INFO - Inserted/updated 3840 records for SBCF
2025-04-08 22:27:37,471 - INFO - Retrieving data for CTKB
2025-04-08 22:27:37,874 - INFO - Inserted/updated 932 records for CTKB
2025-04-08 22:27:38,889 - INFO - Retrieving data for GMS
2025-04-08 22:27:39,584 - INFO - Inserted/updated 2230 records for GMS
2025-04-08 22:27:40,587 - INFO - Retrieving data for PTVE
2025-04-08 22:27:41,045 - INFO - Inserted/updated 1140 records for PTVE
2025-04-08 22:27:42,048 - INFO - Retrieving data for RNST
2025-04-08 22:27:43,180 - INFO - Inserted/updated 3840 records for RNST
2025-04-08 22:27:44,182 - INFO - Retrieving data for XHR
2025-04-08 22:27:44,904 - INFO - Inserted/updated 2560 records for XHR
2025-04-08 22:27:45,907 - INFO - Retrieving data for SUPN
2025-04-08 22:27:46,794 - INFO - Inserted/updated 3254 records for SUPN
2025-04-08 22:27:47,796 - INFO - Retrieving data for AGIO
2025-04-08 22:27:48,619 - INFO - Inserted/updated 2946 records for AGIO
2025-04-08 22:27:49,624 - INFO - Retrieving data for BLMN
2025-04-08 22:27:50,531 - INFO - Inserted/updated 3185 records for BLMN
2025-04-08 22:27:51,532 - INFO - Retrieving data for GFF
2025-04-08 22:27:52,637 - INFO - Inserted/updated 3840 records for GFF
2025-04-08 22:27:53,639 - INFO - Retrieving data for NUS
2025-04-08 22:27:54,729 - INFO - Inserted/updated 3840 records for NUS
2025-04-08 22:27:55,732 - INFO - Retrieving data for EXPI
2025-04-08 22:27:56,536 - INFO - Inserted/updated 2802 records for EXPI
2025-04-08 22:27:57,538 - INFO - Retrieving data for CIM
2025-04-08 22:27:58,554 - INFO - Inserted/updated 3840 records for CIM
2025-04-08 22:27:59,575 - INFO - Retrieving data for GOGL
2025-04-08 22:28:00,646 - INFO - Inserted/updated 3840 records for GOGL
2025-04-08 22:28:01,648 - INFO - Retrieving data for RQI
2025-04-08 22:28:02,706 - INFO - Inserted/updated 3840 records for RQI
2025-04-08 22:28:03,709 - INFO - Retrieving data for MLKN
2025-04-08 22:28:04,927 - INFO - Inserted/updated 3840 records for MLKN
2025-04-08 22:28:05,931 - INFO - Retrieving data for SITM
2025-04-08 22:28:06,446 - INFO - Inserted/updated 1352 records for SITM
2025-04-08 22:28:07,473 - INFO - Retrieving data for FLNG
2025-04-08 22:28:06,582 - INFO - Inserted/updated 1462 records for FLNG
2025-04-08 22:28:07,583 - INFO - Retrieving data for XPEL
2025-04-08 22:28:08,583 - INFO - Inserted/updated 3833 records for XPEL
2025-04-08 22:28:09,585 - INFO - Retrieving data for BMEZ
2025-04-08 22:28:10,089 - INFO - Inserted/updated 1306 records for BMEZ
2025-04-08 22:28:11,095 - INFO - Retrieving data for EVT
2025-04-08 22:28:12,184 - INFO - Inserted/updated 3840 records for EVT
2025-04-08 22:28:13,197 - INFO - Retrieving data for BBU
2025-04-08 22:28:13,892 - INFO - Inserted/updated 2215 records for BBU
2025-04-08 22:28:14,894 - INFO - Retrieving data for SYBT
2025-04-08 22:28:15,966 - INFO - Inserted/updated 3840 records for SYBT
2025-04-08 22:28:16,969 - INFO - Retrieving data for AEO
2025-04-08 22:28:18,068 - INFO - Inserted/updated 3840 records for AEO
2025-04-08 22:28:19,070 - INFO - Retrieving data for PLAY
2025-04-08 22:28:19,827 - INFO - Inserted/updated 2639 records for PLAY
2025-04-08 22:28:20,829 - INFO - Retrieving data for NUV
2025-04-08 22:28:21,996 - INFO - Inserted/updated 3840 records for NUV
2025-04-08 22:28:22,999 - INFO - Retrieving data for AMPL
2025-04-08 22:28:23,395 - INFO - Inserted/updated 886 records for AMPL
2025-04-08 22:28:24,397 - INFO - Retrieving data for FRPT
2025-04-08 22:28:25,152 - INFO - Inserted/updated 2619 records for FRPT
2025-04-08 22:28:26,155 - INFO - Retrieving data for BUR
2025-04-08 22:28:26,844 - INFO - Inserted/updated 2414 records for BUR
2025-04-08 22:28:27,845 - INFO - Retrieving data for RVLV
2025-04-08 22:28:28,356 - INFO - Inserted/updated 1468 records for RVLV
2025-04-08 22:28:29,361 - INFO - Retrieving data for NABL
2025-04-08 22:28:29,754 - INFO - Inserted/updated 936 records for NABL
2025-04-08 22:28:30,756 - INFO - Retrieving data for CVAC
2025-04-08 22:28:31,204 - INFO - Inserted/updated 1168 records for CVAC
2025-04-08 22:28:32,282 - INFO - Retrieving data for NMIH
2025-04-08 22:28:33,091 - INFO - Inserted/updated 2870 records for NMIH
2025-04-08 22:28:34,099 - INFO - Retrieving data for PFS
2025-04-08 22:28:35,148 - INFO - Inserted/updated 3840 records for PFS
2025-04-08 22:28:36,165 - INFO - Retrieving data for UE
2025-04-08 22:28:36,928 - INFO - Inserted/updated 2572 records for UE
2025-04-08 22:28:37,972 - INFO - Retrieving data for TDS
2025-04-08 22:28:37,644 - INFO - Inserted/updated 3840 records for TDS
2025-04-08 22:28:38,681 - INFO - Retrieving data for IVT
2025-04-08 22:28:39,470 - INFO - Inserted/updated 2766 records for IVT
2025-04-08 22:28:40,471 - INFO - Retrieving data for IRWD
2025-04-08 22:28:41,498 - INFO - Inserted/updated 3819 records for IRWD
2025-04-08 22:28:42,501 - INFO - Retrieving data for SASR
2025-04-08 22:28:43,596 - INFO - Inserted/updated 3834 records for SASR
2025-04-08 22:28:44,598 - INFO - Retrieving data for GTN
2025-04-08 22:28:45,617 - INFO - Inserted/updated 3840 records for GTN
2025-04-08 22:28:46,621 - INFO - Retrieving data for EFSC
2025-04-08 22:28:47,817 - INFO - Inserted/updated 3840 records for EFSC
2025-04-08 22:28:48,826 - INFO - Retrieving data for NWBI
2025-04-08 22:28:49,877 - INFO - Inserted/updated 3840 records for NWBI
2025-04-08 22:28:50,881 - INFO - Retrieving data for TRMD
2025-04-08 22:28:51,451 - INFO - Inserted/updated 1791 records for TRMD
2025-04-08 22:28:52,483 - INFO - Retrieving data for KRYS
2025-04-08 22:28:53,085 - INFO - Inserted/updated 1898 records for KRYS
2025-04-08 22:28:54,088 - INFO - Retrieving data for TTGT
2025-04-08 22:28:54,270 - INFO - Inserted/updated 86 records for TTGT
2025-04-08 22:28:55,270 - INFO - Retrieving data for CRS
2025-04-08 22:28:56,313 - INFO - Inserted/updated 3840 records for CRS
2025-04-08 22:28:57,330 - INFO - Retrieving data for CSGS
2025-04-08 22:28:58,385 - INFO - Inserted/updated 3840 records for CSGS
2025-04-08 22:28:59,392 - INFO - Retrieving data for ADX
2025-04-08 22:29:00,482 - INFO - Inserted/updated 3840 records for ADX
2025-04-08 22:29:01,485 - INFO - Retrieving data for JACK
2025-04-08 22:29:02,605 - INFO - Inserted/updated 3840 records for JACK
2025-04-08 22:29:03,606 - INFO - Retrieving data for OTLY
2025-04-08 22:29:04,071 - INFO - Inserted/updated 976 records for OTLY
2025-04-08 22:29:05,072 - INFO - Retrieving data for TALO
2025-04-08 22:29:06,299 - INFO - Inserted/updated 1738 records for TALO
2025-04-08 22:29:07,301 - INFO - Retrieving data for BROS
2025-04-08 22:29:07,675 - INFO - Inserted/updated 895 records for BROS
2025-04-08 22:29:08,679 - INFO - Retrieving data for TPH
2025-04-08 22:29:08,102 - INFO - Inserted/updated 3066 records for TPH
2025-04-08 22:29:09,118 - INFO - Retrieving data for GPRE
2025-04-08 22:29:10,287 - INFO - Inserted/updated 3840 records for GPRE
2025-04-08 22:29:11,288 - INFO - Retrieving data for BBIO
2025-04-08 22:29:11,827 - INFO - Inserted/updated 1454 records for BBIO
2025-04-08 22:29:12,828 - INFO - Retrieving data for NZF
2025-04-08 22:29:13,870 - INFO - Inserted/updated 3840 records for NZF
2025-04-08 22:29:14,887 - INFO - Retrieving data for USAC
2025-04-08 22:29:15,776 - INFO - Inserted/updated 3077 records for USAC
2025-04-08 22:29:16,778 - INFO - Retrieving data for TASK
2025-04-08 22:29:17,189 - INFO - Inserted/updated 961 records for TASK
2025-04-08 22:29:18,208 - INFO - Retrieving data for ALGT
2025-04-08 22:29:19,308 - INFO - Inserted/updated 3840 records for ALGT
2025-04-08 22:29:20,311 - INFO - Retrieving data for NEOG
2025-04-08 22:29:21,415 - INFO - Inserted/updated 3840 records for NEOG
2025-04-08 22:29:22,418 - INFO - Retrieving data for HAIN
2025-04-08 22:29:23,506 - INFO - Inserted/updated 3840 records for HAIN
2025-04-08 22:29:24,508 - INFO - Retrieving data for FTAI
2025-04-08 22:29:25,201 - INFO - Inserted/updated 2490 records for FTAI
2025-04-08 22:29:26,202 - INFO - Retrieving data for GSBD
2025-04-08 22:29:26,931 - INFO - Inserted/updated 2531 records for GSBD
2025-04-08 22:29:27,934 - INFO - Retrieving data for HIVE
2025-04-08 22:29:28,503 - INFO - Inserted/updated 1819 records for HIVE
2025-04-08 22:29:29,504 - INFO - Retrieving data for CAKE
2025-04-08 22:29:30,592 - INFO - Inserted/updated 3840 records for CAKE
2025-04-08 22:29:31,597 - INFO - Retrieving data for CRTO
2025-04-08 22:29:32,411 - INFO - Inserted/updated 2877 records for CRTO
2025-04-08 22:29:33,414 - INFO - Retrieving data for MYGN
2025-04-08 22:29:34,452 - INFO - Inserted/updated 3840 records for MYGN
2025-04-08 22:29:35,453 - INFO - Retrieving data for HOPE
2025-04-08 22:29:36,487 - INFO - Inserted/updated 3840 records for HOPE
2025-04-08 22:29:37,491 - INFO - Retrieving data for CSTM
2025-04-08 22:29:38,332 - INFO - Inserted/updated 2988 records for CSTM
2025-04-08 22:29:39,339 - INFO - Retrieving data for NVRO
2025-04-08 22:29:38,678 - INFO - Inserted/updated 2616 records for NVRO
2025-04-08 22:29:39,682 - INFO - Retrieving data for STEP
2025-04-08 22:29:40,287 - INFO - Inserted/updated 1146 records for STEP
2025-04-08 22:29:41,290 - INFO - Retrieving data for APPS
2025-04-08 22:29:42,310 - INFO - Inserted/updated 3840 records for APPS
2025-04-08 22:29:43,311 - INFO - Retrieving data for BDJ
2025-04-08 22:29:44,318 - INFO - Inserted/updated 3840 records for BDJ
2025-04-08 22:29:45,320 - INFO - Retrieving data for EXTR
2025-04-08 22:29:46,403 - INFO - Inserted/updated 3840 records for EXTR
2025-04-08 22:29:47,411 - INFO - Retrieving data for LRN
2025-04-08 22:29:48,407 - INFO - Inserted/updated 3840 records for LRN
2025-04-08 22:29:49,409 - INFO - Retrieving data for NAC
2025-04-08 22:29:50,435 - INFO - Inserted/updated 3840 records for NAC
2025-04-08 22:29:51,438 - INFO - Retrieving data for FREY
2025-04-08 22:29:51,848 - INFO - Inserted/updated 943 records for FREY
2025-04-08 22:29:52,852 - INFO - Retrieving data for AVDX
2025-04-08 22:29:53,227 - INFO - Inserted/updated 875 records for AVDX
2025-04-08 22:29:54,232 - INFO - Retrieving data for SNEX
2025-04-08 22:29:55,279 - INFO - Inserted/updated 3840 records for SNEX
2025-04-08 22:29:56,281 - INFO - Retrieving data for MWA
2025-04-08 22:29:57,282 - INFO - Inserted/updated 3840 records for MWA
2025-04-08 22:29:58,285 - INFO - Retrieving data for FIGS
2025-04-08 22:29:58,680 - INFO - Inserted/updated 971 records for FIGS
2025-04-08 22:29:59,682 - INFO - Retrieving data for SLVM
2025-04-08 22:30:00,069 - INFO - Inserted/updated 889 records for SLVM
2025-04-08 22:30:01,070 - INFO - Retrieving data for NBTB
2025-04-08 22:30:02,259 - INFO - Inserted/updated 3840 records for NBTB
2025-04-08 22:30:03,261 - INFO - Retrieving data for MNSO
2025-04-08 22:30:03,926 - INFO - Inserted/updated 1125 records for MNSO
2025-04-08 22:30:04,927 - INFO - Retrieving data for PJT
2025-04-08 22:30:05,723 - INFO - Inserted/updated 2394 records for PJT
2025-04-08 22:30:06,739 - INFO - Retrieving data for INSW
2025-04-08 22:30:07,434 - INFO - Inserted/updated 2099 records for INSW
2025-04-08 22:30:08,436 - INFO - Retrieving data for NTB
2025-04-08 22:30:09,582 - INFO - Inserted/updated 2152 records for NTB
2025-04-08 22:30:10,585 - INFO - Retrieving data for CTOS
2025-04-08 22:30:10,833 - INFO - Inserted/updated 264 records for CTOS
2025-04-08 22:30:10,441 - INFO - Retrieving data for LTC
2025-04-08 22:30:11,567 - INFO - Inserted/updated 3840 records for LTC
2025-04-08 22:30:12,571 - INFO - Retrieving data for COUR
2025-04-08 22:30:13,001 - INFO - Inserted/updated 1011 records for COUR
2025-04-08 22:30:14,010 - INFO - Retrieving data for HLIO
2025-04-08 22:30:15,346 - INFO - Inserted/updated 3840 records for HLIO
2025-04-08 22:30:16,350 - INFO - Retrieving data for LNN
2025-04-08 22:30:17,480 - INFO - Inserted/updated 3840 records for LNN
2025-04-08 22:30:18,483 - INFO - Retrieving data for XNCR
2025-04-08 22:30:19,296 - INFO - Inserted/updated 2854 records for XNCR
2025-04-08 22:30:20,299 - INFO - Retrieving data for TVTX
2025-04-08 22:30:21,160 - INFO - Inserted/updated 3122 records for TVTX
2025-04-08 22:30:22,166 - INFO - Retrieving data for BKE
2025-04-08 22:30:23,362 - INFO - Inserted/updated 3840 records for BKE
2025-04-08 22:30:24,364 - INFO - Retrieving data for CNK
2025-04-08 22:30:25,466 - INFO - Inserted/updated 3840 records for CNK
2025-04-08 22:30:26,471 - INFO - Retrieving data for MRTN
2025-04-08 22:30:27,588 - INFO - Inserted/updated 3840 records for MRTN
2025-04-08 22:30:28,595 - INFO - Retrieving data for OR
2025-04-08 22:30:29,282 - INFO - Inserted/updated 2330 records for OR
2025-04-08 22:30:30,287 - INFO - Retrieving data for TWO
2025-04-08 22:30:31,318 - INFO - Inserted/updated 3840 records for TWO
2025-04-08 22:30:32,321 - INFO - Retrieving data for ANGI
2025-04-08 22:30:33,239 - INFO - Inserted/updated 3366 records for ANGI
2025-04-08 22:30:34,241 - INFO - Retrieving data for RES
2025-04-08 22:30:35,281 - INFO - Inserted/updated 3840 records for RES
2025-04-08 22:30:36,285 - INFO - Retrieving data for AAT
2025-04-08 22:30:37,224 - INFO - Inserted/updated 3580 records for AAT
2025-04-08 22:30:38,229 - INFO - Retrieving data for SBGI
2025-04-08 22:30:39,314 - INFO - Inserted/updated 3840 records for SBGI
2025-04-08 22:30:40,317 - INFO - Retrieving data for MTRN
2025-04-08 22:30:41,353 - INFO - Inserted/updated 3840 records for MTRN
2025-04-08 22:30:40,955 - INFO - Retrieving data for HTGC
2025-04-08 22:30:41,989 - INFO - Inserted/updated 3840 records for HTGC
2025-04-08 22:30:42,992 - INFO - Retrieving data for GAB
2025-04-08 22:30:44,026 - INFO - Inserted/updated 3840 records for GAB
2025-04-08 22:30:45,028 - INFO - Retrieving data for WRBY
2025-04-08 22:30:45,402 - INFO - Inserted/updated 885 records for WRBY
2025-04-08 22:30:46,406 - INFO - Retrieving data for EVRI
2025-04-08 22:30:47,176 - INFO - Inserted/updated 2421 records for EVRI
2025-04-08 22:30:48,178 - INFO - Retrieving data for BCAT
2025-04-08 22:30:48,618 - INFO - Inserted/updated 1139 records for BCAT
2025-04-08 22:30:49,619 - INFO - Retrieving data for TLRY
2025-04-08 22:30:50,187 - INFO - Inserted/updated 1690 records for TLRY
2025-04-08 22:30:51,192 - INFO - Retrieving data for STRA
2025-04-08 22:30:52,292 - INFO - Inserted/updated 3840 records for STRA
2025-04-08 22:30:53,294 - INFO - Retrieving data for SEMR
2025-04-08 22:30:53,705 - INFO - Inserted/updated 1016 records for SEMR
2025-04-08 22:30:54,714 - INFO - Retrieving data for B
2025-04-08 22:30:55,769 - INFO - Inserted/updated 3790 records for B
2025-04-08 22:30:56,783 - INFO - Retrieving data for IMKTA
2025-04-08 22:30:57,846 - INFO - Inserted/updated 3840 records for IMKTA
2025-04-08 22:30:58,848 - INFO - Retrieving data for GSHD
2025-04-08 22:30:59,404 - INFO - Inserted/updated 1747 records for GSHD
2025-04-08 22:31:00,416 - INFO - Retrieving data for XPRO
2025-04-08 22:31:01,261 - INFO - Inserted/updated 2934 records for XPRO
2025-04-08 22:31:02,276 - INFO - Retrieving data for MIR
2025-04-08 22:31:02,708 - INFO - Inserted/updated 1164 records for MIR
2025-04-08 22:31:03,713 - INFO - Retrieving data for KAR
2025-04-08 22:31:04,859 - INFO - Inserted/updated 3840 records for KAR
2025-04-08 22:31:05,861 - INFO - Retrieving data for LOMA
2025-04-08 22:31:06,466 - INFO - Inserted/updated 1868 records for LOMA
2025-04-08 22:31:07,471 - INFO - Retrieving data for MSEX
2025-04-08 22:31:08,581 - INFO - Inserted/updated 3840 records for MSEX
2025-04-08 22:31:09,584 - INFO - Retrieving data for CYRX
2025-04-08 22:31:10,596 - INFO - Inserted/updated 3840 records for CYRX
2025-04-08 22:31:11,607 - INFO - Retrieving data for IRBT
2025-04-08 22:31:11,346 - INFO - Inserted/updated 3840 records for IRBT
2025-04-08 22:31:12,383 - INFO - Retrieving data for ARCO
2025-04-08 22:31:13,407 - INFO - Inserted/updated 3517 records for ARCO
2025-04-08 22:31:14,419 - INFO - Retrieving data for ARI
2025-04-08 22:31:15,444 - INFO - Inserted/updated 3840 records for ARI
2025-04-08 22:31:16,451 - INFO - Retrieving data for SBH
2025-04-08 22:31:17,671 - INFO - Inserted/updated 3840 records for SBH
2025-04-08 22:31:18,675 - INFO - Retrieving data for BSTZ
2025-04-08 22:31:19,192 - INFO - Inserted/updated 1455 records for BSTZ
2025-04-08 22:31:20,196 - INFO - Retrieving data for BVN
2025-04-08 22:31:21,317 - INFO - Inserted/updated 3840 records for BVN
2025-04-08 22:31:22,320 - INFO - Retrieving data for TEN
2025-04-08 22:31:23,478 - INFO - Inserted/updated 3840 records for TEN
2025-04-08 22:31:24,480 - INFO - Retrieving data for FCEL
2025-04-08 22:31:25,600 - INFO - Inserted/updated 3840 records for FCEL
2025-04-08 22:31:26,602 - INFO - Retrieving data for PTN
2025-04-08 22:31:27,660 - INFO - Inserted/updated 3840 records for PTN
2025-04-08 22:31:28,662 - INFO - Retrieving data for ETV
2025-04-08 22:31:29,692 - INFO - Inserted/updated 3840 records for ETV
2025-04-08 22:31:30,693 - INFO - Retrieving data for HLMN
2025-04-08 22:31:31,156 - INFO - Inserted/updated 1091 records for HLMN
2025-04-08 22:31:32,158 - INFO - Retrieving data for AI
2025-04-08 22:31:32,593 - INFO - Inserted/updated 1087 records for AI
2025-04-08 22:31:33,596 - INFO - Retrieving data for PRAA
2025-04-08 22:31:34,617 - INFO - Inserted/updated 3840 records for PRAA
2025-04-08 22:31:35,619 - INFO - Retrieving data for XPER
2025-04-08 22:31:35,954 - INFO - Inserted/updated 640 records for XPER
2025-04-08 22:31:36,980 - INFO - Retrieving data for SKT
2025-04-08 22:31:38,082 - INFO - Inserted/updated 3840 records for SKT
2025-04-08 22:31:39,083 - INFO - Retrieving data for PRM
2025-04-08 22:31:39,533 - INFO - Inserted/updated 856 records for PRM
2025-04-08 22:31:40,540 - INFO - Retrieving data for MUX
2025-04-08 22:31:41,607 - INFO - Inserted/updated 3840 records for MUX
2025-04-08 22:31:42,611 - INFO - Retrieving data for LOB
2025-04-08 22:31:43,374 - INFO - Inserted/updated 2443 records for LOB
2025-04-08 22:31:42,975 - INFO - Retrieving data for GCMG
2025-04-08 22:31:43,412 - INFO - Inserted/updated 1101 records for GCMG
2025-04-08 22:31:44,428 - INFO - Retrieving data for ALG
2025-04-08 22:31:45,702 - INFO - Inserted/updated 3840 records for ALG
2025-04-08 22:31:46,709 - INFO - Retrieving data for TTMI
2025-04-08 22:31:47,762 - INFO - Inserted/updated 3840 records for TTMI
2025-04-08 22:31:48,773 - INFO - Retrieving data for BTT
2025-04-08 22:31:49,698 - INFO - Inserted/updated 3169 records for BTT
2025-04-08 22:31:50,701 - INFO - Retrieving data for WWW
2025-04-08 22:31:51,755 - INFO - Inserted/updated 3840 records for WWW
2025-04-08 22:31:52,760 - INFO - Retrieving data for RVMD
2025-04-08 22:31:53,248 - INFO - Inserted/updated 1295 records for RVMD
2025-04-08 22:31:54,250 - INFO - Retrieving data for DEA
2025-04-08 22:31:55,061 - INFO - Inserted/updated 2558 records for DEA
2025-04-08 22:31:56,064 - INFO - Retrieving data for MODV
2025-04-08 22:31:57,084 - INFO - Inserted/updated 3840 records for MODV
2025-04-08 22:31:58,091 - INFO - Retrieving data for EVTV
2025-04-08 22:31:58,773 - INFO - Inserted/updated 1965 records for EVTV
2025-04-08 22:31:59,775 - INFO - Retrieving data for LMND
2025-04-08 22:32:00,235 - INFO - Inserted/updated 1198 records for LMND
2025-04-08 22:32:01,238 - INFO - Retrieving data for LILA
2025-04-08 22:32:02,013 - INFO - Inserted/updated 2457 records for LILA
2025-04-08 22:32:03,016 - INFO - Retrieving data for ME
2025-04-08 22:32:04,067 - INFO - Inserted/updated 1091 records for ME
2025-04-08 22:32:05,068 - INFO - Retrieving data for MD
2025-04-08 22:32:06,279 - INFO - Inserted/updated 3840 records for MD
2025-04-08 22:32:07,287 - INFO - Retrieving data for LGND
2025-04-08 22:32:08,452 - INFO - Inserted/updated 3840 records for LGND
2025-04-08 22:32:09,454 - INFO - Retrieving data for PGRE
2025-04-08 22:32:10,231 - INFO - Inserted/updated 2611 records for PGRE
2025-04-08 22:32:11,233 - INFO - Retrieving data for EGBN
2025-04-08 22:32:12,376 - INFO - Inserted/updated 3840 records for EGBN
2025-04-08 22:32:13,389 - INFO - Retrieving data for OXM
2025-04-08 22:32:13,046 - INFO - Inserted/updated 3840 records for OXM
2025-04-08 22:32:14,052 - INFO - Retrieving data for SWTX
2025-04-08 22:32:14,602 - INFO - Inserted/updated 1400 records for SWTX
2025-04-08 22:32:15,610 - INFO - Retrieving data for PTY
2025-04-08 22:32:16,677 - INFO - Inserted/updated 3840 records for PTY
2025-04-08 22:32:17,691 - INFO - Retrieving data for KTOS
2025-04-08 22:32:18,894 - INFO - Inserted/updated 3840 records for KTOS
2025-04-08 22:32:19,899 - INFO - Retrieving data for MYRG
2025-04-08 22:32:20,988 - INFO - Inserted/updated 3840 records for MYRG
2025-04-08 22:32:21,990 - INFO - Retrieving data for ROAD
2025-04-08 22:32:22,573 - INFO - Inserted/updated 1742 records for ROAD
2025-04-08 22:32:23,574 - INFO - Retrieving data for HMN
2025-04-08 22:32:24,623 - INFO - Inserted/updated 3840 records for HMN
2025-04-08 22:32:25,626 - INFO - Retrieving data for PCVX
2025-04-08 22:32:26,116 - INFO - Inserted/updated 1212 records for PCVX
2025-04-08 22:32:27,116 - INFO - Retrieving data for ESTA
2025-04-08 22:32:27,667 - INFO - Inserted/updated 1690 records for ESTA
2025-04-08 22:32:28,669 - INFO - Retrieving data for MNRO
2025-04-08 22:32:30,084 - INFO - Inserted/updated 3840 records for MNRO
2025-04-08 22:32:31,087 - INFO - Retrieving data for JBI
2025-04-08 22:32:31,680 - INFO - Inserted/updated 1331 records for JBI
2025-04-08 22:32:32,690 - INFO - Retrieving data for RVT
2025-04-08 22:32:34,035 - INFO - Inserted/updated 3840 records for RVT
2025-04-08 22:32:35,037 - INFO - Retrieving data for ECPG
2025-04-08 22:32:36,145 - INFO - Inserted/updated 3840 records for ECPG
2025-04-08 22:32:37,148 - INFO - Retrieving data for IHRT
2025-04-08 22:32:37,695 - INFO - Inserted/updated 1484 records for IHRT
2025-04-08 22:32:38,735 - INFO - Retrieving data for KYMR
2025-04-08 22:32:39,200 - INFO - Inserted/updated 1163 records for KYMR
2025-04-08 22:32:40,204 - INFO - Retrieving data for PDM
2025-04-08 22:32:41,209 - INFO - Inserted/updated 3814 records for PDM
2025-04-08 22:32:42,212 - INFO - Retrieving data for MMI
2025-04-08 22:32:43,024 - INFO - Inserted/updated 2876 records for MMI
2025-04-08 22:32:44,038 - INFO - Retrieving data for OSIS
2025-04-08 22:32:45,114 - INFO - Inserted/updated 3840 records for OSIS
2025-04-08 22:32:44,716 - INFO - Retrieving data for NWN
2025-04-08 22:32:45,840 - INFO - Inserted/updated 3840 records for NWN
2025-04-08 22:32:46,848 - INFO - Retrieving data for CCS
2025-04-08 22:32:47,632 - INFO - Inserted/updated 2719 records for CCS
2025-04-08 22:32:48,634 - INFO - Retrieving data for PHR
2025-04-08 22:32:49,161 - INFO - Inserted/updated 1440 records for PHR
2025-04-08 22:32:50,168 - INFO - Retrieving data for PAY
2025-04-08 22:32:50,577 - INFO - Inserted/updated 972 records for PAY
2025-04-08 22:32:51,579 - INFO - Retrieving data for HCC
2025-04-08 22:32:52,187 - INFO - Inserted/updated 2011 records for HCC
2025-04-08 22:32:53,191 - INFO - Retrieving data for VBTX
2025-04-08 22:32:53,953 - INFO - Inserted/updated 2640 records for VBTX
2025-04-08 22:32:54,959 - INFO - Retrieving data for WABC
2025-04-08 22:32:56,157 - INFO - Inserted/updated 3840 records for WABC
2025-04-08 22:32:57,161 - INFO - Retrieving data for SATS
2025-04-08 22:32:58,174 - INFO - Inserted/updated 3840 records for SATS
2025-04-08 22:32:59,182 - INFO - Retrieving data for DHT
2025-04-08 22:33:00,225 - INFO - Inserted/updated 3840 records for DHT
2025-04-08 22:33:01,229 - INFO - Retrieving data for LXU
2025-04-08 22:33:02,323 - INFO - Inserted/updated 3840 records for LXU
2025-04-08 22:33:03,328 - INFO - Retrieving data for WOW
2025-04-08 22:33:04,256 - INFO - Inserted/updated 1979 records for WOW
2025-04-08 22:33:05,257 - INFO - Retrieving data for PACB
2025-04-08 22:33:06,333 - INFO - Inserted/updated 3634 records for PACB
2025-04-08 22:33:07,350 - INFO - Retrieving data for SFL
2025-04-08 22:33:08,452 - INFO - Inserted/updated 3840 records for SFL
2025-04-08 22:33:09,454 - INFO - Retrieving data for ADUS
2025-04-08 22:33:10,512 - INFO - Inserted/updated 3840 records for ADUS
2025-04-08 22:33:11,517 - INFO - Retrieving data for TMDX
2025-04-08 22:33:12,072 - INFO - Inserted/updated 1493 records for TMDX
2025-04-08 22:33:13,075 - INFO - Retrieving data for NG
2025-04-08 22:33:14,338 - INFO - Inserted/updated 3840 records for NG
2025-04-08 22:33:15,374 - INFO - Retrieving data for SCHL
2025-04-08 22:33:15,086 - INFO - Inserted/updated 3840 records for SCHL
2025-04-08 22:33:16,089 - INFO - Retrieving data for ALKT
2025-04-08 22:33:16,539 - INFO - Inserted/updated 1002 records for ALKT
2025-04-08 22:33:17,583 - INFO - Retrieving data for CGC
2025-04-08 22:33:18,395 - INFO - Inserted/updated 2769 records for CGC
2025-04-08 22:33:19,403 - INFO - Retrieving data for FORTY
2025-04-08 22:33:20,511 - INFO - Inserted/updated 3840 records for FORTY
2025-04-08 22:33:21,516 - INFO - Retrieving data for WBX
2025-04-08 22:33:21,945 - INFO - Inserted/updated 882 records for WBX
2025-04-08 22:33:22,946 - INFO - Retrieving data for ERII
2025-04-08 22:33:24,005 - INFO - Inserted/updated 3840 records for ERII
2025-04-08 22:33:25,008 - INFO - Retrieving data for HURN
2025-04-08 22:33:26,045 - INFO - Inserted/updated 3840 records for HURN
2025-04-08 22:33:27,061 - INFO - Retrieving data for TH
2025-04-08 22:33:27,888 - INFO - Inserted/updated 2852 records for TH
2025-04-08 22:33:28,890 - INFO - Retrieving data for PDI
2025-04-08 22:33:29,805 - INFO - Inserted/updated 3236 records for PDI
2025-04-08 22:33:30,808 - INFO - Retrieving data for EAF
2025-04-08 22:33:31,461 - INFO - Inserted/updated 1753 records for EAF
2025-04-08 22:33:32,466 - INFO - Retrieving data for ACVA
2025-04-08 22:33:32,877 - INFO - Inserted/updated 1016 records for ACVA
2025-04-08 22:33:33,879 - INFO - Retrieving data for FNA
2025-04-08 22:33:34,292 - INFO - Inserted/updated 873 records for FNA
2025-04-08 22:33:35,295 - INFO - Retrieving data for SPCE
2025-04-08 22:33:35,913 - INFO - Inserted/updated 1891 records for SPCE
2025-04-08 22:33:36,914 - INFO - Retrieving data for GEL
2025-04-08 22:33:37,998 - INFO - Inserted/updated 3840 records for GEL
2025-04-08 22:33:39,002 - INFO - Retrieving data for BHLB
2025-04-08 22:33:40,138 - INFO - Inserted/updated 3840 records for BHLB
2025-04-08 22:33:41,151 - INFO - Retrieving data for MEI
2025-04-08 22:33:42,190 - INFO - Inserted/updated 3840 records for MEI
2025-04-08 22:33:43,217 - INFO - Retrieving data for CLDX
2025-04-08 22:33:44,532 - INFO - Inserted/updated 3840 records for CLDX
2025-04-08 22:33:45,538 - INFO - Retrieving data for TY
2025-04-08 22:33:45,555 - INFO - Inserted/updated 3840 records for TY
2025-04-08 22:33:46,557 - INFO - Retrieving data for AIR
2025-04-08 22:33:47,929 - INFO - Inserted/updated 3840 records for AIR
2025-04-08 22:33:48,940 - INFO - Retrieving data for VRTS
2025-04-08 22:33:50,198 - INFO - Inserted/updated 3840 records for VRTS
2025-04-08 22:33:51,209 - INFO - Retrieving data for PAM
2025-04-08 22:33:52,429 - INFO - Inserted/updated 3840 records for PAM
2025-04-08 22:33:53,442 - INFO - Retrieving data for MED
2025-04-08 22:33:54,865 - INFO - Inserted/updated 3840 records for MED
2025-04-08 22:33:55,869 - INFO - Retrieving data for DAWN
2025-04-08 22:33:56,381 - INFO - Inserted/updated 971 records for DAWN
2025-04-08 22:33:57,381 - INFO - Retrieving data for PMT
2025-04-08 22:33:58,651 - INFO - Inserted/updated 3840 records for PMT
2025-04-08 22:33:59,654 - INFO - Retrieving data for CPRX
2025-04-08 22:34:00,994 - INFO - Inserted/updated 3840 records for CPRX
2025-04-08 22:34:01,996 - INFO - Retrieving data for TCBK
2025-04-08 22:34:04,623 - INFO - Inserted/updated 3840 records for TCBK
2025-04-08 22:34:05,624 - INFO - Retrieving data for OPK
2025-04-08 22:34:07,295 - INFO - Inserted/updated 3840 records for OPK
2025-04-08 22:34:08,319 - INFO - Retrieving data for AMPH
2025-04-08 22:34:09,320 - INFO - Inserted/updated 2714 records for AMPH
2025-04-08 22:34:10,322 - INFO - Retrieving data for KRNT
2025-04-08 22:34:11,212 - INFO - Inserted/updated 2520 records for KRNT
2025-04-08 22:34:12,226 - INFO - Retrieving data for PRTA
2025-04-08 22:34:13,290 - INFO - Inserted/updated 3092 records for PRTA
2025-04-08 22:34:14,292 - INFO - Retrieving data for BDN
2025-04-08 22:34:15,681 - INFO - Inserted/updated 3840 records for BDN
2025-04-08 22:34:16,759 - INFO - Retrieving data for IDCC
2025-04-08 22:34:16,872 - INFO - Inserted/updated 3840 records for IDCC
2025-04-08 22:34:17,876 - INFO - Retrieving data for VCYT
2025-04-08 22:34:18,896 - INFO - Inserted/updated 2877 records for VCYT
2025-04-08 22:34:19,897 - INFO - Retrieving data for USA
2025-04-08 22:34:21,216 - INFO - Inserted/updated 3840 records for USA
2025-04-08 22:34:22,219 - INFO - Retrieving data for ZETA
2025-04-08 22:34:22,749 - INFO - Inserted/updated 962 records for ZETA
2025-04-08 22:34:23,751 - INFO - Retrieving data for CLNE
2025-04-08 22:34:24,986 - INFO - Inserted/updated 3840 records for CLNE
2025-04-08 22:34:26,066 - INFO - Retrieving data for DVAX
2025-04-08 22:34:27,356 - INFO - Inserted/updated 3840 records for DVAX
2025-04-08 22:34:28,361 - INFO - Retrieving data for RAMP
2025-04-08 22:34:29,100 - INFO - Inserted/updated 1681 records for RAMP
2025-04-08 22:34:30,103 - INFO - Retrieving data for BXMX
2025-04-08 22:34:31,398 - INFO - Inserted/updated 3840 records for BXMX
2025-04-08 22:34:32,401 - INFO - Retrieving data for CTS
2025-04-08 22:34:33,495 - INFO - Inserted/updated 3840 records for CTS
2025-04-08 22:34:34,497 - INFO - Retrieving data for PDO
2025-04-08 22:34:35,021 - INFO - Inserted/updated 1055 records for PDO
2025-04-08 22:34:36,023 - INFO - Retrieving data for LADR
2025-04-08 22:34:37,018 - INFO - Inserted/updated 2810 records for LADR
2025-04-08 22:34:38,027 - INFO - Retrieving data for DAC
2025-04-08 22:34:39,319 - INFO - Inserted/updated 3840 records for DAC
2025-04-08 22:34:40,321 - INFO - Retrieving data for MLNK
2025-04-08 22:34:41,019 - INFO - Inserted/updated 930 records for MLNK
2025-04-08 22:34:42,020 - INFO - Retrieving data for KRO
2025-04-08 22:34:43,300 - INFO - Inserted/updated 3840 records for KRO
2025-04-08 22:34:44,305 - INFO - Retrieving data for CWH
2025-04-08 22:34:45,338 - INFO - Inserted/updated 2137 records for CWH
2025-04-08 22:34:46,347 - INFO - Retrieving data for AIV
2025-04-08 22:34:47,641 - INFO - Inserted/updated 3840 records for AIV
2025-04-08 22:34:47,236 - INFO - Retrieving data for KIND
2025-04-08 22:34:47,784 - INFO - Inserted/updated 1016 records for KIND
2025-04-08 22:34:48,803 - INFO - Retrieving data for GTY
2025-04-08 22:34:50,172 - INFO - Inserted/updated 3840 records for GTY
2025-04-08 22:34:51,180 - INFO - Retrieving data for CLFD
2025-04-08 22:34:52,624 - INFO - Inserted/updated 3840 records for CLFD
2025-04-08 22:34:53,650 - INFO - Retrieving data for SWI
2025-04-08 22:34:54,333 - INFO - Inserted/updated 1625 records for SWI
2025-04-08 22:34:55,335 - INFO - Retrieving data for GNL
2025-04-08 22:34:56,242 - INFO - Inserted/updated 2479 records for GNL
2025-04-08 22:34:57,243 - INFO - Retrieving data for SANA
2025-04-08 22:34:57,786 - INFO - Inserted/updated 1049 records for SANA
2025-04-08 22:34:58,794 - INFO - Retrieving data for UAN
2025-04-08 22:34:59,950 - INFO - Inserted/updated 3521 records for UAN
2025-04-08 22:35:00,952 - INFO - Retrieving data for GOGO
2025-04-08 22:35:02,061 - INFO - Inserted/updated 2968 records for GOGO
2025-04-08 22:35:03,065 - INFO - Retrieving data for OFG
2025-04-08 22:35:05,171 - INFO - Inserted/updated 3840 records for OFG
2025-04-08 22:35:06,173 - INFO - Retrieving data for PX
2025-04-08 22:35:06,805 - INFO - Inserted/updated 869 records for PX
2025-04-08 22:35:07,806 - INFO - Retrieving data for CMP
2025-04-08 22:35:09,004 - INFO - Inserted/updated 3840 records for CMP
2025-04-08 22:35:10,005 - INFO - Retrieving data for TBBK
2025-04-08 22:35:11,638 - INFO - Inserted/updated 3840 records for TBBK
2025-04-08 22:35:12,641 - INFO - Retrieving data for AKR
2025-04-08 22:35:14,027 - INFO - Inserted/updated 3840 records for AKR
2025-04-08 22:35:15,028 - INFO - Retrieving data for FBNC
2025-04-08 22:35:16,425 - INFO - Inserted/updated 3840 records for FBNC
2025-04-08 22:35:17,430 - INFO - Retrieving data for BALY
2025-04-08 22:35:18,656 - INFO - Inserted/updated 1515 records for BALY
2025-04-08 22:35:18,274 - INFO - Retrieving data for TSLX
2025-04-08 22:35:19,382 - INFO - Inserted/updated 2780 records for TSLX
2025-04-08 22:35:20,384 - INFO - Retrieving data for ROCK
2025-04-08 22:35:21,787 - INFO - Inserted/updated 3840 records for ROCK
2025-04-08 22:35:22,800 - INFO - Retrieving data for SNDX
2025-04-08 22:35:23,768 - INFO - Inserted/updated 2289 records for SNDX
2025-04-08 22:35:24,774 - INFO - Retrieving data for NXRT
2025-04-08 22:35:25,743 - INFO - Inserted/updated 2530 records for NXRT
2025-04-08 22:35:26,745 - INFO - Retrieving data for DADA
2025-04-08 22:35:27,372 - INFO - Inserted/updated 1217 records for DADA
2025-04-08 22:35:28,374 - INFO - Retrieving data for STC
2025-04-08 22:35:29,847 - INFO - Inserted/updated 3840 records for STC
2025-04-08 22:35:30,850 - INFO - Retrieving data for EXFY
2025-04-08 22:35:31,331 - INFO - Inserted/updated 855 records for EXFY
2025-04-08 22:35:32,333 - INFO - Retrieving data for HMY
2025-04-08 22:35:33,718 - INFO - Inserted/updated 3840 records for HMY
2025-04-08 22:35:34,722 - INFO - Retrieving data for CMRE
2025-04-08 22:35:35,730 - INFO - Inserted/updated 3628 records for CMRE
2025-04-08 22:35:36,733 - INFO - Retrieving data for SOS
2025-04-08 22:35:37,513 - INFO - Inserted/updated 1998 records for SOS
2025-04-08 22:35:38,516 - INFO - Retrieving data for AFYA
2025-04-08 22:35:39,181 - INFO - Inserted/updated 1439 records for AFYA
2025-04-08 22:35:40,182 - INFO - Retrieving data for CRSR
2025-04-08 22:35:40,775 - INFO - Inserted/updated 1141 records for CRSR
2025-04-08 22:35:41,775 - INFO - Retrieving data for DFIN
2025-04-08 22:35:42,633 - INFO - Inserted/updated 2141 records for DFIN
2025-04-08 22:35:43,638 - INFO - Retrieving data for EAT
2025-04-08 22:35:45,017 - INFO - Inserted/updated 3840 records for EAT
2025-04-08 22:35:46,018 - INFO - Retrieving data for CODI
2025-04-08 22:35:47,098 - INFO - Inserted/updated 3840 records for CODI
2025-04-08 22:35:48,101 - INFO - Retrieving data for CLMT
2025-04-08 22:35:48,366 - INFO - Inserted/updated 187 records for CLMT
2025-04-08 22:35:49,369 - INFO - Retrieving data for HNI
2025-04-08 22:35:49,426 - INFO - Inserted/updated 3840 records for HNI
2025-04-08 22:35:50,427 - INFO - Retrieving data for RILY
2025-04-08 22:35:51,320 - INFO - Inserted/updated 2447 records for RILY
2025-04-08 22:35:52,322 - INFO - Retrieving data for MEG
2025-04-08 22:35:52,891 - INFO - Inserted/updated 1184 records for MEG
2025-04-08 22:35:53,895 - INFO - Retrieving data for COHU
2025-04-08 22:35:54,931 - INFO - Inserted/updated 3840 records for COHU
2025-04-08 22:35:55,932 - INFO - Retrieving data for ETG
2025-04-08 22:35:57,004 - INFO - Inserted/updated 3840 records for ETG
2025-04-08 22:35:58,006 - INFO - Retrieving data for CHEF
2025-04-08 22:35:58,991 - INFO - Inserted/updated 3445 records for CHEF
2025-04-08 22:35:59,995 - INFO - Retrieving data for NEO
2025-04-08 22:36:01,253 - INFO - Inserted/updated 3840 records for NEO
2025-04-08 22:36:02,256 - INFO - Retrieving data for KFRC
2025-04-08 22:36:04,102 - INFO - Inserted/updated 3840 records for KFRC
2025-04-08 22:36:05,106 - INFO - Retrieving data for BUSE
2025-04-08 22:36:06,516 - INFO - Inserted/updated 3840 records for BUSE
2025-04-08 22:36:07,521 - INFO - Retrieving data for CHCO
2025-04-08 22:36:08,887 - INFO - Inserted/updated 3840 records for CHCO
2025-04-08 22:36:09,897 - INFO - Retrieving data for SAFT
2025-04-08 22:36:11,190 - INFO - Inserted/updated 3840 records for SAFT
2025-04-08 22:36:12,193 - INFO - Retrieving data for LC
2025-04-08 22:36:13,113 - INFO - Inserted/updated 2596 records for LC
2025-04-08 22:36:14,118 - INFO - Retrieving data for GVA
2025-04-08 22:36:15,453 - INFO - Inserted/updated 3840 records for GVA
2025-04-08 22:36:16,455 - INFO - Retrieving data for BGS
2025-04-08 22:36:17,771 - INFO - Inserted/updated 3840 records for BGS
2025-04-08 22:36:18,776 - INFO - Retrieving data for FINV
2025-04-08 22:36:19,561 - INFO - Inserted/updated 1861 records for FINV
2025-04-08 22:36:20,576 - INFO - Retrieving data for DIN
2025-04-08 22:36:20,553 - INFO - Inserted/updated 3840 records for DIN
2025-04-08 22:36:21,555 - INFO - Retrieving data for FCF
2025-04-08 22:36:22,975 - INFO - Inserted/updated 3840 records for FCF
2025-04-08 22:36:23,993 - INFO - Retrieving data for ALEX
2025-04-08 22:36:25,086 - INFO - Inserted/updated 3223 records for ALEX
2025-04-08 22:36:26,089 - INFO - Retrieving data for GSM
2025-04-08 22:36:27,375 - INFO - Inserted/updated 3840 records for GSM
2025-04-08 22:36:28,380 - INFO - Retrieving data for ARKO
2025-04-08 22:36:29,126 - INFO - Inserted/updated 1770 records for ARKO
2025-04-08 22:36:30,129 - INFO - Retrieving data for DCOM
2025-04-08 22:36:31,432 - INFO - Inserted/updated 3840 records for DCOM
2025-04-08 22:36:32,434 - INFO - Retrieving data for DSGN
2025-04-08 22:36:32,973 - INFO - Inserted/updated 1014 records for DSGN
2025-04-08 22:36:33,975 - INFO - Retrieving data for SAVA
2025-04-08 22:36:35,314 - INFO - Inserted/updated 3840 records for SAVA
2025-04-08 22:36:36,318 - INFO - Retrieving data for TMCI
2025-04-08 22:36:36,855 - INFO - Inserted/updated 995 records for TMCI
2025-04-08 22:36:37,857 - INFO - Retrieving data for COMP
2025-04-08 22:36:38,269 - INFO - Inserted/updated 1010 records for COMP
2025-04-08 22:36:39,270 - INFO - Retrieving data for EVTL
2025-04-08 22:36:39,807 - INFO - Inserted/updated 825 records for EVTL
2025-04-08 22:36:40,808 - INFO - Retrieving data for PSFE
2025-04-08 22:36:41,267 - INFO - Inserted/updated 1129 records for PSFE
2025-04-08 22:36:42,269 - INFO - Retrieving data for DNOW
2025-04-08 22:36:43,256 - INFO - Inserted/updated 2739 records for DNOW
2025-04-08 22:36:44,259 - INFO - Retrieving data for TIGO
2025-04-08 22:36:45,382 - INFO - Inserted/updated 3459 records for TIGO
2025-04-08 22:36:46,386 - INFO - Retrieving data for CINT
2025-04-08 22:36:46,872 - INFO - Inserted/updated 855 records for CINT
2025-04-08 22:36:47,893 - INFO - Retrieving data for OSCR
2025-04-08 22:36:48,428 - INFO - Inserted/updated 1031 records for OSCR
2025-04-08 22:36:49,429 - INFO - Retrieving data for GDEV
2025-04-08 22:36:49,987 - INFO - Inserted/updated 1133 records for GDEV
2025-04-08 22:36:50,988 - INFO - Retrieving data for FVRR
2025-04-08 22:36:51,677 - INFO - Inserted/updated 1464 records for FVRR
2025-04-08 22:36:51,272 - INFO - Retrieving data for IAS
2025-04-08 22:36:51,849 - INFO - Inserted/updated 948 records for IAS
2025-04-08 22:36:52,851 - INFO - Retrieving data for CFFN
2025-04-08 22:36:54,172 - INFO - Inserted/updated 3840 records for CFFN
2025-04-08 22:36:55,178 - INFO - Retrieving data for ESRT
2025-04-08 22:36:56,168 - INFO - Inserted/updated 2897 records for ESRT
2025-04-08 22:36:57,170 - INFO - Retrieving data for EBS
2025-04-08 22:36:58,375 - INFO - Inserted/updated 3840 records for EBS
2025-04-08 22:36:59,380 - INFO - Retrieving data for NMFC
2025-04-08 22:37:00,339 - INFO - Inserted/updated 3492 records for NMFC
2025-04-08 22:37:01,341 - INFO - Retrieving data for MARA
2025-04-08 22:37:02,837 - INFO - Inserted/updated 3251 records for MARA
2025-04-08 22:37:03,838 - INFO - Retrieving data for BYND
2025-04-08 22:37:04,704 - INFO - Inserted/updated 1493 records for BYND
2025-04-08 22:37:05,706 - INFO - Retrieving data for PCT
2025-04-08 22:37:06,623 - INFO - Inserted/updated 1191 records for PCT
2025-04-08 22:37:07,630 - INFO - Retrieving data for KN
2025-04-08 22:37:08,669 - INFO - Inserted/updated 2804 records for KN
2025-04-08 22:37:09,671 - INFO - Retrieving data for CGAU
2025-04-08 22:37:10,523 - INFO - Inserted/updated 2266 records for CGAU
2025-04-08 22:37:11,527 - INFO - Retrieving data for UCTT
2025-04-08 22:37:12,908 - INFO - Inserted/updated 3840 records for UCTT
2025-04-08 22:37:13,923 - INFO - Retrieving data for HIMS
2025-04-08 22:37:14,473 - INFO - Inserted/updated 1400 records for HIMS
2025-04-08 22:37:15,475 - INFO - Retrieving data for FLGT
2025-04-08 22:37:16,352 - INFO - Inserted/updated 2143 records for FLGT
2025-04-08 22:37:17,359 - INFO - Retrieving data for OLO
2025-04-08 22:37:17,915 - INFO - Inserted/updated 1021 records for OLO
2025-04-08 22:37:18,915 - INFO - Retrieving data for LPRO
2025-04-08 22:37:19,701 - INFO - Inserted/updated 1759 records for LPRO
2025-04-08 22:37:20,703 - INFO - Retrieving data for GDYN
2025-04-08 22:37:21,416 - INFO - Inserted/updated 1615 records for GDYN
2025-04-08 22:37:22,439 - INFO - Retrieving data for VCEL
2025-04-08 22:37:22,477 - INFO - Inserted/updated 3840 records for VCEL
2025-04-08 22:37:23,479 - INFO - Retrieving data for ENVA
2025-04-08 22:37:24,383 - INFO - Inserted/updated 2615 records for ENVA
2025-04-08 22:37:25,388 - INFO - Retrieving data for VRE
2025-04-08 22:37:26,750 - INFO - Inserted/updated 3840 records for VRE
2025-04-08 22:37:27,754 - INFO - Retrieving data for SBSI
2025-04-08 22:37:29,148 - INFO - Inserted/updated 3840 records for SBSI
2025-04-08 22:37:30,154 - INFO - Retrieving data for VERU
2025-04-08 22:37:31,486 - INFO - Inserted/updated 3840 records for VERU
2025-04-08 22:37:32,488 - INFO - Retrieving data for CLS
2025-04-08 22:37:33,754 - INFO - Inserted/updated 3840 records for CLS
2025-04-08 22:37:34,757 - INFO - Retrieving data for UVV
2025-04-08 22:37:36,110 - INFO - Inserted/updated 3840 records for UVV
2025-04-08 22:37:37,114 - INFO - Retrieving data for DGII
2025-04-08 22:37:38,449 - INFO - Inserted/updated 3840 records for DGII
2025-04-08 22:37:39,455 - INFO - Retrieving data for OCSL
2025-04-08 22:37:40,686 - INFO - Inserted/updated 3840 records for OCSL
2025-04-08 22:37:41,689 - INFO - Retrieving data for DSL
2025-04-08 22:37:42,592 - INFO - Inserted/updated 3007 records for DSL
2025-04-08 22:37:43,595 - INFO - Retrieving data for BIGC
2025-04-08 22:37:44,164 - INFO - Inserted/updated 1175 records for BIGC
2025-04-08 22:37:45,167 - INFO - Retrieving data for SSP
2025-04-08 22:37:46,481 - INFO - Inserted/updated 3840 records for SSP
2025-04-08 22:37:47,483 - INFO - Retrieving data for OCFC
2025-04-08 22:37:48,800 - INFO - Inserted/updated 3840 records for OCFC
2025-04-08 22:37:49,809 - INFO - Retrieving data for KYN
2025-04-08 22:37:51,087 - INFO - Inserted/updated 3840 records for KYN
2025-04-08 22:37:52,089 - INFO - Retrieving data for CNXN
2025-04-08 22:37:53,235 - INFO - Inserted/updated 3840 records for CNXN
2025-04-08 22:37:52,835 - INFO - Retrieving data for DBI
2025-04-08 22:37:54,071 - INFO - Inserted/updated 3840 records for DBI
2025-04-08 22:37:55,073 - INFO - Retrieving data for SAND
2025-04-08 22:37:56,274 - INFO - Inserted/updated 3840 records for SAND
2025-04-08 22:37:57,277 - INFO - Retrieving data for ECVT
2025-04-08 22:37:57,742 - INFO - Inserted/updated 925 records for ECVT
2025-04-08 22:37:58,761 - INFO - Retrieving data for STBA
2025-04-08 22:38:00,132 - INFO - Inserted/updated 3840 records for STBA
2025-04-08 22:38:01,155 - INFO - Retrieving data for MAG
2025-04-08 22:38:02,560 - INFO - Inserted/updated 3840 records for MAG
2025-04-08 22:38:03,565 - INFO - Retrieving data for ADPT
2025-04-08 22:38:04,810 - INFO - Inserted/updated 1454 records for ADPT
2025-04-08 22:38:05,820 - INFO - Retrieving data for MDGL
2025-04-08 22:38:07,318 - INFO - Inserted/updated 3840 records for MDGL
2025-04-08 22:38:08,320 - INFO - Retrieving data for BFLY
2025-04-08 22:38:08,966 - INFO - Inserted/updated 1192 records for BFLY
2025-04-08 22:38:09,968 - INFO - Retrieving data for PLUS
2025-04-08 22:38:11,311 - INFO - Inserted/updated 3840 records for PLUS
2025-04-08 22:38:12,313 - INFO - Retrieving data for SRCE
2025-04-08 22:38:13,710 - INFO - Inserted/updated 3840 records for SRCE
2025-04-08 22:38:14,712 - INFO - Retrieving data for CRON
2025-04-08 22:38:15,438 - INFO - Inserted/updated 2199 records for CRON
2025-04-08 22:38:16,442 - INFO - Retrieving data for TGS
2025-04-08 22:38:17,856 - INFO - Inserted/updated 3840 records for TGS
2025-04-08 22:38:18,902 - INFO - Retrieving data for CDMO
2025-04-08 22:38:19,627 - INFO - Inserted/updated 1780 records for CDMO
2025-04-08 22:38:20,628 - INFO - Retrieving data for DDD
2025-04-08 22:38:22,008 - INFO - Inserted/updated 3840 records for DDD
2025-04-08 22:38:23,011 - INFO - Retrieving data for USNA
2025-04-08 22:38:24,389 - INFO - Inserted/updated 3840 records for USNA
2025-04-08 22:38:23,994 - INFO - Retrieving data for KREF
2025-04-08 22:38:24,790 - INFO - Inserted/updated 1993 records for KREF
2025-04-08 22:38:25,791 - INFO - Retrieving data for ENTA
2025-04-08 22:38:26,822 - INFO - Inserted/updated 3032 records for ENTA
2025-04-08 22:38:27,824 - INFO - Retrieving data for KALU
2025-04-08 22:38:29,317 - INFO - Inserted/updated 3840 records for KALU
2025-04-08 22:38:30,320 - INFO - Retrieving data for NBHC
2025-04-08 22:38:31,356 - INFO - Inserted/updated 3155 records for NBHC
2025-04-08 22:38:32,360 - INFO - Retrieving data for FDP
2025-04-08 22:38:33,669 - INFO - Inserted/updated 3840 records for FDP
2025-04-08 22:38:34,672 - INFO - Retrieving data for EVV
2025-04-08 22:38:35,755 - INFO - Inserted/updated 3840 records for EVV
2025-04-08 22:38:36,757 - INFO - Retrieving data for ALX
2025-04-08 22:38:37,919 - INFO - Inserted/updated 3840 records for ALX
2025-04-08 22:38:38,926 - INFO - Retrieving data for FSLY
2025-04-08 22:38:39,605 - INFO - Inserted/updated 1482 records for FSLY
2025-04-08 22:38:40,606 - INFO - Retrieving data for SBR
2025-04-08 22:38:41,969 - INFO - Inserted/updated 3840 records for SBR
2025-04-08 22:38:42,974 - INFO - Retrieving data for MBUU
2025-04-08 22:38:44,010 - INFO - Inserted/updated 2814 records for MBUU
2025-04-08 22:38:45,013 - INFO - Retrieving data for CXW
2025-04-08 22:38:46,654 - INFO - Inserted/updated 3840 records for CXW
2025-04-08 22:38:47,659 - INFO - Retrieving data for RGNX
2025-04-08 22:38:48,745 - INFO - Inserted/updated 2404 records for RGNX
2025-04-08 22:38:49,746 - INFO - Retrieving data for AGYS
2025-04-08 22:38:50,908 - INFO - Inserted/updated 3840 records for AGYS
2025-04-08 22:38:51,916 - INFO - Retrieving data for ZNTL
2025-04-08 22:38:52,481 - INFO - Inserted/updated 1260 records for ZNTL
2025-04-08 22:38:53,487 - INFO - Retrieving data for HLIT
2025-04-08 22:38:54,779 - INFO - Inserted/updated 3840 records for HLIT
2025-04-08 22:38:54,376 - INFO - Retrieving data for HTLD
2025-04-08 22:38:55,755 - INFO - Inserted/updated 3840 records for HTLD
2025-04-08 22:38:56,758 - INFO - Retrieving data for RXT
2025-04-08 22:38:57,358 - INFO - Inserted/updated 1175 records for RXT
2025-04-08 22:38:58,361 - INFO - Retrieving data for GDEN
2025-04-08 22:38:59,243 - INFO - Inserted/updated 2435 records for GDEN
2025-04-08 22:39:00,255 - INFO - Retrieving data for KRP
2025-04-08 22:39:01,165 - INFO - Inserted/updated 2056 records for KRP
2025-04-08 22:39:02,167 - INFO - Retrieving data for CLM
2025-04-08 22:39:04,007 - INFO - Inserted/updated 3840 records for CLM
2025-04-08 22:39:05,008 - INFO - Retrieving data for MCRI
2025-04-08 22:39:06,397 - INFO - Inserted/updated 3840 records for MCRI
2025-04-08 22:39:07,410 - INFO - Retrieving data for GRBK
2025-04-08 22:39:08,687 - INFO - Inserted/updated 3840 records for GRBK
2025-04-08 22:39:09,690 - INFO - Retrieving data for PATK
2025-04-08 22:39:11,156 - INFO - Inserted/updated 3840 records for PATK
2025-04-08 22:39:12,161 - INFO - Retrieving data for TNC
2025-04-08 22:39:14,058 - INFO - Inserted/updated 3840 records for TNC
2025-04-08 22:39:15,060 - INFO - Retrieving data for AVNS
2025-04-08 22:39:16,041 - INFO - Inserted/updated 2632 records for AVNS
2025-04-08 22:39:17,050 - INFO - Retrieving data for FGEN
2025-04-08 22:39:18,152 - INFO - Inserted/updated 2614 records for FGEN
2025-04-08 22:39:19,156 - INFO - Retrieving data for AZUL
2025-04-08 22:39:19,947 - INFO - Inserted/updated 2010 records for AZUL
2025-04-08 22:39:20,949 - INFO - Retrieving data for AGM
2025-04-08 22:39:22,349 - INFO - Inserted/updated 3840 records for AGM
2025-04-08 22:39:23,361 - INFO - Retrieving data for AROC
2025-04-08 22:39:24,254 - INFO - Inserted/updated 2370 records for AROC
2025-04-08 22:39:25,255 - INFO - Retrieving data for HEES
2025-04-08 22:39:25,167 - INFO - Inserted/updated 3840 records for HEES
2025-04-08 22:39:26,169 - INFO - Retrieving data for MHO
2025-04-08 22:39:27,663 - INFO - Inserted/updated 3840 records for MHO
2025-04-08 22:39:28,666 - INFO - Retrieving data for SPNS
2025-04-08 22:39:29,982 - INFO - Inserted/updated 3840 records for SPNS
2025-04-08 22:39:30,995 - INFO - Retrieving data for BST
2025-04-08 22:39:31,962 - INFO - Inserted/updated 2626 records for BST
2025-04-08 22:39:32,964 - INFO - Retrieving data for CCRN
2025-04-08 22:39:34,027 - INFO - Inserted/updated 3840 records for CCRN
2025-04-08 22:39:35,031 - INFO - Retrieving data for NFJ
2025-04-08 22:39:36,369 - INFO - Inserted/updated 3840 records for NFJ
2025-04-08 22:39:37,372 - INFO - Retrieving data for TRS
2025-04-08 22:39:38,636 - INFO - Inserted/updated 3840 records for TRS
2025-04-08 22:39:39,638 - INFO - Retrieving data for IONQ
2025-04-08 22:39:40,252 - INFO - Inserted/updated 1071 records for IONQ
2025-04-08 22:39:41,255 - INFO - Retrieving data for TMP
2025-04-08 22:39:42,612 - INFO - Inserted/updated 3840 records for TMP
2025-04-08 22:39:43,615 - INFO - Retrieving data for HYT
2025-04-08 22:39:44,667 - INFO - Inserted/updated 3840 records for HYT
2025-04-08 22:39:45,671 - INFO - Retrieving data for NSSC
2025-04-08 22:39:46,979 - INFO - Inserted/updated 3840 records for NSSC
2025-04-08 22:39:47,981 - INFO - Retrieving data for LMAT
2025-04-08 22:39:49,221 - INFO - Inserted/updated 3840 records for LMAT
2025-04-08 22:39:50,224 - INFO - Retrieving data for EDIT
2025-04-08 22:39:51,126 - INFO - Inserted/updated 2309 records for EDIT
2025-04-08 22:39:52,129 - INFO - Retrieving data for CLOV
2025-04-08 22:39:52,759 - INFO - Inserted/updated 1212 records for CLOV
2025-04-08 22:39:53,760 - INFO - Retrieving data for FFWM
2025-04-08 22:39:54,737 - INFO - Inserted/updated 2623 records for FFWM
2025-04-08 22:39:55,743 - INFO - Retrieving data for GDOT
2025-04-08 22:39:56,958 - INFO - Inserted/updated 3702 records for GDOT
2025-04-08 22:39:56,565 - INFO - Retrieving data for PRA
2025-04-08 22:39:58,017 - INFO - Inserted/updated 3840 records for PRA
2025-04-08 22:39:59,060 - INFO - Retrieving data for CAMT
2025-04-08 22:40:00,367 - INFO - Inserted/updated 3840 records for CAMT
2025-04-08 22:40:01,371 - INFO - Retrieving data for INDI
2025-04-08 22:40:03,100 - INFO - Inserted/updated 962 records for INDI
2025-04-08 22:40:04,104 - INFO - Retrieving data for SLP
2025-04-08 22:40:06,950 - INFO - Inserted/updated 3840 records for SLP
2025-04-08 22:40:07,958 - INFO - Retrieving data for NMZ
2025-04-08 22:40:09,809 - INFO - Inserted/updated 3840 records for NMZ
2025-04-08 22:40:10,847 - INFO - Retrieving data for CAAP
2025-04-08 22:40:11,563 - INFO - Inserted/updated 1806 records for CAAP
2025-04-08 22:40:12,566 - INFO - Retrieving data for PRG
2025-04-08 22:40:13,697 - INFO - Inserted/updated 3840 records for PRG
2025-04-08 22:40:14,701 - INFO - Retrieving data for FPF
2025-04-08 22:40:15,527 - INFO - Inserted/updated 2987 records for FPF
2025-04-08 22:40:16,529 - INFO - Retrieving data for MAXN
2025-04-08 22:40:17,233 - INFO - Inserted/updated 1160 records for MAXN
2025-04-08 22:40:18,234 - INFO - Retrieving data for STKL
2025-04-08 22:40:19,585 - INFO - Inserted/updated 3840 records for STKL
2025-04-08 22:40:20,588 - INFO - Retrieving data for HBM
2025-04-08 22:40:21,803 - INFO - Inserted/updated 3840 records for HBM
2025-04-08 22:40:22,804 - INFO - Retrieving data for RDNT
2025-04-08 22:40:24,209 - INFO - Inserted/updated 3840 records for RDNT
2025-04-08 22:40:25,211 - INFO - Retrieving data for OFLX
2025-04-08 22:40:26,441 - INFO - Inserted/updated 3840 records for OFLX
2025-04-08 22:40:27,443 - INFO - Retrieving data for AVO
2025-04-08 22:40:26,675 - INFO - Inserted/updated 1135 records for AVO
2025-04-08 22:40:27,687 - INFO - Retrieving data for ANDE
2025-04-08 22:40:29,363 - INFO - Inserted/updated 3840 records for ANDE
2025-04-08 22:40:30,366 - INFO - Retrieving data for SVC
2025-04-08 22:40:31,707 - INFO - Inserted/updated 3840 records for SVC
2025-04-08 22:40:32,712 - INFO - Retrieving data for BANC
2025-04-08 22:40:34,025 - INFO - Inserted/updated 3840 records for BANC
2025-04-08 22:40:35,029 - INFO - Retrieving data for BLFS
2025-04-08 22:40:36,053 - INFO - Inserted/updated 3840 records for BLFS
2025-04-08 22:40:37,120 - INFO - Retrieving data for NBR
2025-04-08 22:40:38,493 - INFO - Inserted/updated 3840 records for NBR
2025-04-08 22:40:39,496 - INFO - Retrieving data for LZB
2025-04-08 22:40:40,855 - INFO - Inserted/updated 3840 records for LZB
2025-04-08 22:40:41,858 - INFO - Retrieving data for SCS
2025-04-08 22:40:43,216 - INFO - Inserted/updated 3840 records for SCS
2025-04-08 22:40:44,227 - INFO - Retrieving data for CUBI
2025-04-08 22:40:45,142 - INFO - Inserted/updated 3303 records for CUBI
2025-04-08 22:40:46,146 - INFO - Retrieving data for DFH
2025-04-08 22:40:46,766 - INFO - Inserted/updated 1059 records for DFH
2025-04-08 22:40:47,773 - INFO - Retrieving data for EPAC
2025-04-08 22:40:49,101 - INFO - Inserted/updated 3840 records for EPAC
2025-04-08 22:40:50,103 - INFO - Retrieving data for RDWR
2025-04-08 22:40:51,390 - INFO - Inserted/updated 3840 records for RDWR
2025-04-08 22:40:52,392 - INFO - Retrieving data for RYI
2025-04-08 22:40:53,327 - INFO - Inserted/updated 2683 records for RYI
2025-04-08 22:40:54,336 - INFO - Retrieving data for RNP
2025-04-08 22:40:55,619 - INFO - Inserted/updated 3840 records for RNP
2025-04-08 22:40:56,621 - INFO - Retrieving data for QRTEA
2025-04-08 22:40:56,850 - ERROR - Error processing ticker QRTEA: 'Time Series (Daily)'
2025-04-08 22:40:57,850 - INFO - Retrieving data for CSR
2025-04-08 22:40:57,553 - INFO - Inserted/updated 3840 records for CSR
2025-04-08 22:40:58,555 - INFO - Retrieving data for PRLB
2025-04-08 22:40:59,654 - INFO - Inserted/updated 3300 records for PRLB
2025-04-08 22:41:00,665 - INFO - Retrieving data for SPTN
2025-04-08 22:41:04,500 - INFO - Inserted/updated 3840 records for SPTN
2025-04-08 22:41:05,562 - INFO - Retrieving data for ERAS
2025-04-08 22:41:06,870 - INFO - Inserted/updated 937 records for ERAS
2025-04-08 22:41:07,874 - INFO - Retrieving data for DMLP
2025-04-08 22:41:09,361 - INFO - Inserted/updated 3840 records for DMLP
2025-04-08 22:41:10,363 - INFO - Retrieving data for NHC
2025-04-08 22:41:11,680 - INFO - Inserted/updated 3840 records for NHC
2025-04-08 22:41:12,681 - INFO - Retrieving data for GIC
2025-04-08 22:41:14,126 - INFO - Inserted/updated 3840 records for GIC
2025-04-08 22:41:15,127 - INFO - Retrieving data for INFN
2025-04-08 22:41:16,524 - INFO - Inserted/updated 3813 records for INFN
2025-04-08 22:41:17,529 - INFO - Retrieving data for DNN
2025-04-08 22:41:18,572 - INFO - Inserted/updated 3840 records for DNN
2025-04-08 22:41:19,577 - INFO - Retrieving data for BRSP
2025-04-08 22:41:20,321 - INFO - Inserted/updated 1806 records for BRSP
2025-04-08 22:41:21,323 - INFO - Retrieving data for GOSS
2025-04-08 22:41:21,979 - INFO - Inserted/updated 1550 records for GOSS
2025-04-08 22:41:22,982 - INFO - Retrieving data for TDW
2025-04-08 22:41:24,132 - INFO - Inserted/updated 3840 records for TDW
2025-04-08 22:41:25,180 - INFO - Retrieving data for SPH
2025-04-08 22:41:26,553 - INFO - Inserted/updated 3840 records for SPH
2025-04-08 22:41:27,601 - INFO - Retrieving data for NYMT
2025-04-08 22:41:28,928 - INFO - Inserted/updated 3840 records for NYMT
2025-04-08 22:41:28,570 - INFO - Retrieving data for AMWL
2025-04-08 22:41:29,178 - INFO - Inserted/updated 1145 records for AMWL
2025-04-08 22:41:30,188 - INFO - Retrieving data for SNCY
2025-04-08 22:41:30,706 - INFO - Inserted/updated 1021 records for SNCY
2025-04-08 22:41:31,708 - INFO - Retrieving data for UUUU
2025-04-08 22:41:33,014 - INFO - Inserted/updated 3840 records for UUUU
2025-04-08 22:41:34,016 - INFO - Retrieving data for DM
2025-04-08 22:41:34,673 - INFO - Inserted/updated 1487 records for DM
2025-04-08 22:41:35,676 - INFO - Retrieving data for PRIM
2025-04-08 22:41:36,866 - INFO - Inserted/updated 3840 records for PRIM
2025-04-08 22:41:37,868 - INFO - Retrieving data for SLDP
2025-04-08 22:41:38,444 - INFO - Inserted/updated 978 records for SLDP
2025-04-08 22:41:39,447 - INFO - Retrieving data for GES
2025-04-08 22:41:40,822 - INFO - Inserted/updated 3840 records for GES
2025-04-08 22:41:41,825 - INFO - Retrieving data for MOMO
2025-04-08 22:41:42,797 - INFO - Inserted/updated 2594 records for MOMO
2025-04-08 22:41:43,799 - INFO - Retrieving data for TGLS
2025-04-08 22:41:44,931 - INFO - Inserted/updated 3247 records for TGLS
2025-04-08 22:41:45,933 - INFO - Retrieving data for BMA
2025-04-08 22:41:47,260 - INFO - Inserted/updated 3840 records for BMA
2025-04-08 22:41:48,265 - INFO - Retrieving data for TGTX
2025-04-08 22:41:49,450 - INFO - Inserted/updated 3758 records for TGTX
2025-04-08 22:41:50,451 - INFO - Retrieving data for SSYS
2025-04-08 22:41:51,771 - INFO - Inserted/updated 3840 records for SSYS
2025-04-08 22:41:52,774 - INFO - Retrieving data for NEGG
2025-04-08 22:41:53,882 - INFO - Inserted/updated 3765 records for NEGG
2025-04-08 22:41:54,887 - INFO - Retrieving data for VLRS
2025-04-08 22:41:55,897 - INFO - Inserted/updated 2907 records for VLRS
2025-04-08 22:41:56,899 - INFO - Retrieving data for FLNC
2025-04-08 22:41:57,404 - INFO - Inserted/updated 864 records for FLNC
2025-04-08 22:41:58,409 - INFO - Retrieving data for PTA
2025-04-08 22:41:58,858 - INFO - Inserted/updated 1116 records for PTA
2025-04-08 22:41:59,861 - INFO - Retrieving data for MYTE
2025-04-08 22:41:59,011 - INFO - Inserted/updated 1059 records for MYTE
2025-04-08 22:42:00,025 - INFO - Retrieving data for HCSG
2025-04-08 22:42:01,500 - INFO - Inserted/updated 3840 records for HCSG
2025-04-08 22:42:02,512 - INFO - Retrieving data for EIG
2025-04-08 22:42:05,726 - INFO - Inserted/updated 3840 records for EIG
2025-04-08 22:42:06,729 - INFO - Retrieving data for WTI
2025-04-08 22:42:07,907 - INFO - Inserted/updated 3840 records for WTI
2025-04-08 22:42:08,914 - INFO - Retrieving data for INTA
2025-04-08 22:42:09,419 - INFO - Inserted/updated 948 records for INTA
2025-04-08 22:42:10,420 - INFO - Retrieving data for BBN
2025-04-08 22:42:11,565 - INFO - Inserted/updated 3675 records for BBN
2025-04-08 22:42:12,572 - INFO - Retrieving data for PLYA
2025-04-08 22:42:13,390 - INFO - Inserted/updated 2058 records for PLYA
2025-04-08 22:42:14,393 - INFO - Retrieving data for LICY
2025-04-08 22:42:15,040 - INFO - Inserted/updated 1074 records for LICY
2025-04-08 22:42:16,047 - INFO - Retrieving data for PARR
2025-04-08 22:42:17,097 - INFO - Inserted/updated 3166 records for PARR
2025-04-08 22:42:18,116 - INFO - Retrieving data for ARQQ
2025-04-08 22:42:18,665 - INFO - Inserted/updated 901 records for ARQQ
2025-04-08 22:42:19,665 - INFO - Retrieving data for ZUO
2025-04-08 22:42:20,448 - INFO - Inserted/updated 1723 records for ZUO
2025-04-08 22:42:21,469 - INFO - Retrieving data for AXL
2025-04-08 22:42:22,784 - INFO - Inserted/updated 3840 records for AXL
2025-04-08 22:42:23,786 - INFO - Retrieving data for UEC
2025-04-08 22:42:24,994 - INFO - Inserted/updated 3840 records for UEC
2025-04-08 22:42:25,999 - INFO - Retrieving data for SXI
2025-04-08 22:42:27,415 - INFO - Inserted/updated 3840 records for SXI
2025-04-08 22:42:28,442 - INFO - Retrieving data for CRNX
2025-04-08 22:42:29,013 - INFO - Inserted/updated 1691 records for CRNX
2025-04-08 22:42:30,014 - INFO - Retrieving data for DDL
2025-04-08 22:42:30,508 - INFO - Inserted/updated 949 records for DDL
2025-04-08 22:42:30,109 - INFO - Retrieving data for NRC
2025-04-08 22:42:31,030 - INFO - Inserted/updated 2988 records for NRC
2025-04-08 22:42:32,035 - INFO - Retrieving data for MRUS
2025-04-08 22:42:32,909 - INFO - Inserted/updated 2235 records for MRUS
2025-04-08 22:42:33,912 - INFO - Retrieving data for AZZ
2025-04-08 22:42:35,519 - INFO - Inserted/updated 3840 records for AZZ
2025-04-08 22:42:36,526 - INFO - Retrieving data for EQX
2025-04-08 22:42:37,205 - INFO - Inserted/updated 1679 records for EQX
2025-04-08 22:42:38,210 - INFO - Retrieving data for APOG
2025-04-08 22:42:39,340 - INFO - Inserted/updated 3840 records for APOG
2025-04-08 22:42:40,342 - INFO - Retrieving data for VECO
2025-04-08 22:42:41,425 - INFO - Inserted/updated 3840 records for VECO
2025-04-08 22:42:42,427 - INFO - Retrieving data for CASH
2025-04-08 22:42:43,810 - INFO - Inserted/updated 3840 records for CASH
2025-04-08 22:42:44,844 - INFO - Retrieving data for OEC
2025-04-08 22:42:45,830 - INFO - Inserted/updated 2693 records for OEC
2025-04-08 22:42:46,832 - INFO - Retrieving data for RCKT
2025-04-08 22:42:47,759 - INFO - Inserted/updated 2551 records for RCKT
2025-04-08 22:42:48,793 - INFO - Retrieving data for PRO
2025-04-08 22:42:50,091 - INFO - Inserted/updated 3840 records for PRO
2025-04-08 22:42:51,092 - INFO - Retrieving data for CCSI
2025-04-08 22:42:51,656 - INFO - Inserted/updated 878 records for CCSI
2025-04-08 22:42:52,660 - INFO - Retrieving data for DCBO
2025-04-08 22:42:53,139 - INFO - Inserted/updated 1194 records for DCBO
2025-04-08 22:42:54,144 - INFO - Retrieving data for PFBC
2025-04-08 22:42:55,226 - INFO - Inserted/updated 3840 records for PFBC
2025-04-08 22:42:56,231 - INFO - Retrieving data for DCGO
2025-04-08 22:42:56,612 - INFO - Inserted/updated 858 records for DCGO
2025-04-08 22:42:57,614 - INFO - Retrieving data for ATEN
2025-04-08 22:42:58,663 - INFO - Inserted/updated 2780 records for ATEN
2025-04-08 22:42:59,672 - INFO - Retrieving data for AMCX
2025-04-08 22:43:00,786 - INFO - Inserted/updated 3474 records for AMCX
2025-04-08 22:43:01,790 - INFO - Retrieving data for CNOB
2025-04-08 22:43:01,496 - INFO - Inserted/updated 3840 records for CNOB
2025-04-08 22:43:02,501 - INFO - Retrieving data for MTTR
2025-04-08 22:43:06,239 - INFO - Inserted/updated 1024 records for MTTR
2025-04-08 22:43:07,306 - INFO - Retrieving data for RNA
2025-04-08 22:43:08,958 - INFO - Inserted/updated 1212 records for RNA
2025-04-08 22:43:09,959 - INFO - Retrieving data for MGNI
2025-04-08 22:43:11,141 - INFO - Inserted/updated 2772 records for MGNI
2025-04-08 22:43:12,143 - INFO - Retrieving data for GEO
2025-04-08 22:43:13,922 - INFO - Inserted/updated 3840 records for GEO
2025-04-08 22:43:14,925 - INFO - Retrieving data for USPH
2025-04-08 22:43:16,224 - INFO - Inserted/updated 3840 records for USPH
2025-04-08 22:43:17,226 - INFO - Retrieving data for GLP
2025-04-08 22:43:18,593 - INFO - Inserted/updated 3840 records for GLP
2025-04-08 22:43:19,616 - INFO - Retrieving data for CDNA
2025-04-08 22:43:20,581 - INFO - Inserted/updated 2699 records for CDNA
2025-04-08 22:43:21,593 - INFO - Retrieving data for KIDS
2025-04-08 22:43:22,394 - INFO - Inserted/updated 1882 records for KIDS
2025-04-08 22:43:23,396 - INFO - Retrieving data for AUPH
2025-04-08 22:43:24,194 - INFO - Inserted/updated 2660 records for AUPH
2025-04-08 22:43:25,196 - INFO - Retrieving data for BTZ
2025-04-08 22:43:26,486 - INFO - Inserted/updated 3840 records for BTZ
2025-04-08 22:43:27,494 - INFO - Retrieving data for BLNK
2025-04-08 22:43:28,206 - INFO - Inserted/updated 1798 records for BLNK
2025-04-08 22:43:29,209 - INFO - Retrieving data for AMTB
2025-04-08 22:43:29,884 - INFO - Inserted/updated 1661 records for AMTB
2025-04-08 22:43:30,886 - INFO - Retrieving data for SNBR
2025-04-08 22:43:32,187 - INFO - Inserted/updated 3840 records for SNBR
2025-04-08 22:43:31,786 - INFO - Retrieving data for PERI
2025-04-08 22:43:33,046 - INFO - Inserted/updated 3840 records for PERI
2025-04-08 22:43:34,053 - INFO - Retrieving data for BRKL
2025-04-08 22:43:35,109 - INFO - Inserted/updated 3840 records for BRKL
2025-04-08 22:43:36,112 - INFO - Retrieving data for KURA
2025-04-08 22:43:36,920 - INFO - Inserted/updated 2369 records for KURA
2025-04-08 22:43:37,922 - INFO - Retrieving data for PFC
2025-04-08 22:43:39,041 - INFO - Inserted/updated 3814 records for PFC
2025-04-08 22:43:40,045 - INFO - Retrieving data for TSE
2025-04-08 22:43:40,993 - INFO - Inserted/updated 2723 records for TSE
2025-04-08 22:43:41,995 - INFO - Retrieving data for BFS
2025-04-08 22:43:43,422 - INFO - Inserted/updated 3840 records for BFS
2025-04-08 22:43:44,426 - INFO - Retrieving data for SA
2025-04-08 22:43:45,479 - INFO - Inserted/updated 3840 records for SA
2025-04-08 22:43:46,484 - INFO - Retrieving data for BKD
2025-04-08 22:43:47,747 - INFO - Inserted/updated 3840 records for BKD
2025-04-08 22:43:48,749 - INFO - Retrieving data for ASIX
2025-04-08 22:43:49,726 - INFO - Inserted/updated 2141 records for ASIX
2025-04-08 22:43:50,730 - INFO - Retrieving data for HIMX
2025-04-08 22:43:51,941 - INFO - Inserted/updated 3840 records for HIMX
2025-04-08 22:43:52,945 - INFO - Retrieving data for TNK
2025-04-08 22:43:54,179 - INFO - Inserted/updated 3840 records for TNK
2025-04-08 22:43:55,181 - INFO - Retrieving data for RLMD
2025-04-08 22:43:55,950 - INFO - Inserted/updated 2639 records for RLMD
2025-04-08 22:43:56,955 - INFO - Retrieving data for PLL
2025-04-08 22:43:57,715 - INFO - Inserted/updated 1827 records for PLL
2025-04-08 22:43:58,720 - INFO - Retrieving data for ASTL
2025-04-08 22:43:59,207 - INFO - Inserted/updated 870 records for ASTL
2025-04-08 22:44:00,211 - INFO - Retrieving data for QQQX
2025-04-08 22:44:01,280 - INFO - Inserted/updated 3840 records for QQQX
2025-04-08 22:44:02,282 - INFO - Retrieving data for ETW
2025-04-08 22:44:03,377 - INFO - Inserted/updated 3840 records for ETW
2025-04-08 22:44:02,979 - INFO - Retrieving data for HESM
2025-04-08 22:44:05,008 - INFO - Inserted/updated 2014 records for HESM
2025-04-08 22:44:06,010 - INFO - Retrieving data for OII
2025-04-08 22:44:07,381 - INFO - Inserted/updated 3840 records for OII
2025-04-08 22:44:08,386 - INFO - Retrieving data for FNKO
2025-04-08 22:44:09,152 - INFO - Inserted/updated 1867 records for FNKO
2025-04-08 22:44:10,153 - INFO - Retrieving data for NOAH
2025-04-08 22:44:11,357 - INFO - Inserted/updated 3624 records for NOAH
2025-04-08 22:44:12,359 - INFO - Retrieving data for HFWA
2025-04-08 22:44:13,768 - INFO - Inserted/updated 3840 records for HFWA
2025-04-08 22:44:14,770 - INFO - Retrieving data for BRBR
2025-04-08 22:44:15,304 - INFO - Inserted/updated 1376 records for BRBR
2025-04-08 22:44:16,306 - INFO - Retrieving data for RA
2025-04-08 22:44:17,222 - INFO - Inserted/updated 2097 records for RA
2025-04-08 22:44:18,223 - INFO - Retrieving data for CAL
2025-04-08 22:44:19,609 - INFO - Inserted/updated 3840 records for CAL
2025-04-08 22:44:20,611 - INFO - Retrieving data for SIGA
2025-04-08 22:44:21,948 - INFO - Inserted/updated 3838 records for SIGA
2025-04-08 22:44:22,951 - INFO - Retrieving data for PLAB
2025-04-08 22:44:24,254 - INFO - Inserted/updated 3840 records for PLAB
2025-04-08 22:44:25,257 - INFO - Retrieving data for RC
2025-04-08 22:44:26,275 - INFO - Inserted/updated 3060 records for RC
2025-04-08 22:44:27,278 - INFO - Retrieving data for ARQT
2025-04-08 22:44:27,878 - INFO - Inserted/updated 1304 records for ARQT
2025-04-08 22:44:28,879 - INFO - Retrieving data for SHEN
2025-04-08 22:44:30,023 - INFO - Inserted/updated 3840 records for SHEN
2025-04-08 22:44:31,029 - INFO - Retrieving data for ASLE
2025-04-08 22:44:31,608 - INFO - Inserted/updated 1537 records for ASLE
2025-04-08 22:44:32,609 - INFO - Retrieving data for MNKD
2025-04-08 22:44:33,878 - INFO - Inserted/updated 3840 records for MNKD
2025-04-08 22:44:33,480 - INFO - Retrieving data for ERO
2025-04-08 22:44:34,090 - INFO - Inserted/updated 1603 records for ERO
2025-04-08 22:44:35,093 - INFO - Retrieving data for CET
2025-04-08 22:44:36,489 - INFO - Inserted/updated 3840 records for CET
2025-04-08 22:44:37,492 - INFO - Retrieving data for IMAX
2025-04-08 22:44:38,603 - INFO - Inserted/updated 3840 records for IMAX
2025-04-08 22:44:39,605 - INFO - Retrieving data for SKYW
2025-04-08 22:44:40,633 - INFO - Inserted/updated 3840 records for SKYW
2025-04-08 22:44:41,635 - INFO - Retrieving data for BCSF
2025-04-08 22:44:42,253 - INFO - Inserted/updated 1606 records for BCSF
2025-04-08 22:44:43,256 - INFO - Retrieving data for QURE
2025-04-08 22:44:44,213 - INFO - Inserted/updated 2811 records for QURE
2025-04-08 22:44:45,219 - INFO - Retrieving data for GBX
2025-04-08 22:44:46,513 - INFO - Inserted/updated 3840 records for GBX
2025-04-08 22:44:47,520 - INFO - Retrieving data for PUBM
2025-04-08 22:44:48,334 - INFO - Inserted/updated 1087 records for PUBM
2025-04-08 22:44:49,336 - INFO - Retrieving data for GERN
2025-04-08 22:44:50,741 - INFO - Inserted/updated 3840 records for GERN
2025-04-08 22:44:51,744 - INFO - Retrieving data for BV
2025-04-08 22:44:52,473 - INFO - Inserted/updated 1704 records for BV
2025-04-08 22:44:53,474 - INFO - Retrieving data for PDFS
2025-04-08 22:44:54,758 - INFO - Inserted/updated 3840 records for PDFS
2025-04-08 22:44:55,762 - INFO - Retrieving data for LWLG
2025-04-08 22:44:56,950 - INFO - Inserted/updated 3833 records for LWLG
2025-04-08 22:44:57,951 - INFO - Retrieving data for KROS
2025-04-08 22:44:58,538 - INFO - Inserted/updated 1257 records for KROS
2025-04-08 22:44:59,539 - INFO - Retrieving data for AGRO
2025-04-08 22:45:00,690 - INFO - Inserted/updated 3570 records for AGRO
2025-04-08 22:45:01,693 - INFO - Retrieving data for AKRO
2025-04-08 22:45:02,423 - INFO - Inserted/updated 1459 records for AKRO
2025-04-08 22:45:03,424 - INFO - Retrieving data for PUMP
2025-04-08 22:45:04,202 - INFO - Inserted/updated 2027 records for PUMP
2025-04-08 22:45:05,210 - INFO - Retrieving data for NVGS
2025-04-08 22:45:06,630 - INFO - Inserted/updated 3840 records for NVGS
2025-04-08 22:45:07,632 - INFO - Retrieving data for RGR
2025-04-08 22:45:09,081 - INFO - Inserted/updated 3840 records for RGR
2025-04-08 22:45:10,082 - INFO - Retrieving data for CDRE
2025-04-08 22:45:10,590 - INFO - Inserted/updated 859 records for CDRE
2025-04-08 22:45:11,595 - INFO - Retrieving data for GENI
2025-04-08 22:45:12,137 - INFO - Inserted/updated 997 records for GENI
2025-04-08 22:45:13,139 - INFO - Retrieving data for JELD
2025-04-08 22:45:14,236 - INFO - Inserted/updated 2061 records for JELD
2025-04-08 22:45:15,237 - INFO - Retrieving data for NRK
2025-04-08 22:45:16,316 - INFO - Inserted/updated 3840 records for NRK
2025-04-08 22:45:17,317 - INFO - Retrieving data for AMSF
2025-04-08 22:45:18,341 - INFO - Inserted/updated 3840 records for AMSF
2025-04-08 22:45:19,343 - INFO - Retrieving data for BHE
2025-04-08 22:45:20,663 - INFO - Inserted/updated 3840 records for BHE
2025-04-08 22:45:21,665 - INFO - Retrieving data for GOF
2025-04-08 22:45:22,719 - INFO - Inserted/updated 3840 records for GOF
2025-04-08 22:45:23,751 - INFO - Retrieving data for CUTR
2025-04-08 22:45:24,810 - INFO - Inserted/updated 3821 records for CUTR
2025-04-08 22:45:25,813 - INFO - Retrieving data for SII
2025-04-08 22:45:26,384 - INFO - Inserted/updated 1201 records for SII
2025-04-08 22:45:27,385 - INFO - Retrieving data for VALN
2025-04-08 22:45:27,939 - INFO - Inserted/updated 987 records for VALN
2025-04-08 22:45:28,940 - INFO - Retrieving data for ULH
2025-04-08 22:45:29,808 - INFO - Inserted/updated 2248 records for ULH
2025-04-08 22:45:30,811 - INFO - Retrieving data for FWRG
2025-04-08 22:45:31,284 - INFO - Inserted/updated 883 records for FWRG
2025-04-08 22:45:32,286 - INFO - Retrieving data for SPLP
2025-04-08 22:45:33,402 - INFO - Inserted/updated 3269 records for SPLP
2025-04-08 22:45:34,404 - INFO - Retrieving data for IMXI
2025-04-08 22:45:35,145 - INFO - Inserted/updated 2021 records for IMXI
2025-04-08 22:45:36,147 - INFO - Retrieving data for CHY
2025-04-08 22:45:36,084 - INFO - Inserted/updated 3840 records for CHY
2025-04-08 22:45:37,086 - INFO - Retrieving data for JRVR
2025-04-08 22:45:37,960 - INFO - Inserted/updated 2595 records for JRVR
2025-04-08 22:45:38,962 - INFO - Retrieving data for GPRO
2025-04-08 22:45:39,959 - INFO - Inserted/updated 2713 records for GPRO
2025-04-08 22:45:40,960 - INFO - Retrieving data for UMH
2025-04-08 22:45:42,337 - INFO - Inserted/updated 3840 records for UMH
2025-04-08 22:45:43,340 - INFO - Retrieving data for VNET
2025-04-08 22:45:44,486 - INFO - Inserted/updated 3512 records for VNET
2025-04-08 22:45:45,488 - INFO - Retrieving data for EOS
2025-04-08 22:45:46,596 - INFO - Inserted/updated 3840 records for EOS
2025-04-08 22:45:47,599 - INFO - Retrieving data for GAM
2025-04-08 22:45:48,644 - INFO - Inserted/updated 3840 records for GAM
2025-04-08 22:45:49,652 - INFO - Retrieving data for ACRS
2025-04-08 22:45:50,546 - INFO - Inserted/updated 2390 records for ACRS
2025-04-08 22:45:51,553 - INFO - Retrieving data for CCO
2025-04-08 22:45:52,905 - INFO - Inserted/updated 3840 records for CCO
2025-04-08 22:45:53,908 - INFO - Retrieving data for VIST
2025-04-08 22:45:54,555 - INFO - Inserted/updated 1434 records for VIST
2025-04-08 22:45:55,559 - INFO - Retrieving data for AOSL
2025-04-08 22:45:56,731 - INFO - Inserted/updated 3760 records for AOSL
2025-04-08 22:45:57,732 - INFO - Retrieving data for MERC
2025-04-08 22:45:59,057 - INFO - Inserted/updated 3840 records for MERC
2025-04-08 22:46:00,060 - INFO - Retrieving data for ATEC
2025-04-08 22:46:01,313 - INFO - Inserted/updated 3840 records for ATEC
2025-04-08 22:46:02,315 - INFO - Retrieving data for PAR
2025-04-08 22:46:03,531 - INFO - Inserted/updated 3840 records for PAR
2025-04-08 22:46:04,534 - INFO - Retrieving data for CHCT
2025-04-08 22:46:05,569 - INFO - Inserted/updated 2486 records for CHCT
2025-04-08 22:46:06,571 - INFO - Retrieving data for AC
2025-04-08 22:46:06,042 - INFO - Inserted/updated 2352 records for AC
2025-04-08 22:46:07,044 - INFO - Retrieving data for VREX
2025-04-08 22:46:07,922 - INFO - Inserted/updated 2066 records for VREX
2025-04-08 22:46:08,925 - INFO - Retrieving data for OM
2025-04-08 22:46:09,558 - INFO - Inserted/updated 1147 records for OM
2025-04-08 22:46:10,559 - INFO - Retrieving data for ADTN
2025-04-08 22:46:11,645 - INFO - Inserted/updated 3840 records for ADTN
2025-04-08 22:46:12,647 - INFO - Retrieving data for NEXT
2025-04-08 22:46:13,577 - INFO - Inserted/updated 2477 records for NEXT
2025-04-08 22:46:14,580 - INFO - Retrieving data for NUVL
2025-04-08 22:46:15,075 - INFO - Inserted/updated 928 records for NUVL
2025-04-08 22:46:16,075 - INFO - Retrieving data for MQY
2025-04-08 22:46:17,375 - INFO - Inserted/updated 3840 records for MQY
2025-04-08 22:46:18,379 - INFO - Retrieving data for INVA
2025-04-08 22:46:19,653 - INFO - Inserted/updated 3840 records for INVA
2025-04-08 22:46:20,678 - INFO - Retrieving data for ACEL
2025-04-08 22:46:21,290 - INFO - Inserted/updated 1351 records for ACEL
2025-04-08 22:46:22,294 - INFO - Retrieving data for JBSS
2025-04-08 22:46:23,420 - INFO - Inserted/updated 3840 records for JBSS
2025-04-08 22:46:24,422 - INFO - Retrieving data for PLRX
2025-04-08 22:46:25,014 - INFO - Inserted/updated 1219 records for PLRX
2025-04-08 22:46:26,015 - INFO - Retrieving data for RIOT
2025-04-08 22:46:27,157 - INFO - Inserted/updated 3840 records for RIOT
2025-04-08 22:46:28,160 - INFO - Retrieving data for LPSN
2025-04-08 22:46:29,689 - INFO - Inserted/updated 3840 records for LPSN
2025-04-08 22:46:30,691 - INFO - Retrieving data for BROG
2025-04-08 22:46:31,391 - INFO - Inserted/updated 1689 records for BROG
2025-04-08 22:46:32,392 - INFO - Retrieving data for WASH
2025-04-08 22:46:33,740 - INFO - Inserted/updated 3840 records for WASH
2025-04-08 22:46:34,743 - INFO - Retrieving data for RDFN
2025-04-08 22:46:35,486 - INFO - Inserted/updated 1935 records for RDFN
2025-04-08 22:46:36,489 - INFO - Retrieving data for ANGO
2025-04-08 22:46:37,825 - INFO - Inserted/updated 3840 records for ANGO
2025-04-08 22:46:37,461 - INFO - Retrieving data for HQH
2025-04-08 22:46:38,930 - INFO - Inserted/updated 3840 records for HQH
2025-04-08 22:46:39,932 - INFO - Retrieving data for THRY
2025-04-08 22:46:40,415 - INFO - Inserted/updated 1135 records for THRY
2025-04-08 22:46:41,416 - INFO - Retrieving data for ANF
2025-04-08 22:46:42,729 - INFO - Inserted/updated 3840 records for ANF
2025-04-08 22:46:43,735 - INFO - Retrieving data for ACCD
2025-04-08 22:46:44,254 - INFO - Inserted/updated 1198 records for ACCD
2025-04-08 22:46:45,256 - INFO - Retrieving data for PTLO
2025-04-08 22:46:45,789 - INFO - Inserted/updated 869 records for PTLO
2025-04-08 22:46:46,789 - INFO - Retrieving data for PRTC
2025-04-08 22:46:47,396 - INFO - Inserted/updated 1103 records for PRTC
2025-04-08 22:46:48,399 - INFO - Retrieving data for OSW
2025-04-08 22:46:48,934 - INFO - Inserted/updated 1523 records for OSW
2025-04-08 22:46:49,936 - INFO - Retrieving data for SGMO
2025-04-08 22:46:51,380 - INFO - Inserted/updated 3840 records for SGMO
2025-04-08 22:46:52,382 - INFO - Retrieving data for ADV
2025-04-08 22:46:53,127 - INFO - Inserted/updated 1611 records for ADV
2025-04-08 22:46:54,128 - INFO - Retrieving data for QCRH
2025-04-08 22:46:55,457 - INFO - Inserted/updated 3840 records for QCRH
2025-04-08 22:46:56,476 - INFO - Retrieving data for GB
2025-04-08 22:46:57,278 - INFO - Inserted/updated 1157 records for GB
2025-04-08 22:46:58,282 - INFO - Retrieving data for VMEO
2025-04-08 22:46:58,942 - INFO - Inserted/updated 973 records for VMEO
2025-04-08 22:46:59,972 - INFO - Retrieving data for DOLE
2025-04-08 22:47:00,375 - INFO - Inserted/updated 927 records for DOLE
2025-04-08 22:47:01,377 - INFO - Retrieving data for HTD
2025-04-08 22:47:02,668 - INFO - Inserted/updated 3840 records for HTD
2025-04-08 22:47:03,672 - INFO - Retrieving data for KRNY
2025-04-08 22:47:05,361 - INFO - Inserted/updated 3840 records for KRNY
2025-04-08 22:47:06,367 - INFO - Retrieving data for CLBT
2025-04-08 22:47:06,992 - INFO - Inserted/updated 905 records for CLBT
2025-04-08 22:47:08,000 - INFO - Retrieving data for ASTE
2025-04-08 22:47:07,768 - INFO - Inserted/updated 3840 records for ASTE
2025-04-08 22:47:08,770 - INFO - Retrieving data for STGW
2025-04-08 22:47:09,270 - INFO - Inserted/updated 925 records for STGW
2025-04-08 22:47:10,273 - INFO - Retrieving data for IGR
2025-04-08 22:47:11,373 - INFO - Inserted/updated 3840 records for IGR
2025-04-08 22:47:12,394 - INFO - Retrieving data for PDS
2025-04-08 22:47:13,900 - INFO - Inserted/updated 3840 records for PDS
2025-04-08 22:47:14,904 - INFO - Retrieving data for MLAB
2025-04-08 22:47:16,285 - INFO - Inserted/updated 3840 records for MLAB
2025-04-08 22:47:17,287 - INFO - Retrieving data for PEBO
2025-04-08 22:47:18,350 - INFO - Inserted/updated 3840 records for PEBO
2025-04-08 22:47:19,355 - INFO - Retrieving data for TWI
2025-04-08 22:47:20,713 - INFO - Inserted/updated 3840 records for TWI
2025-04-08 22:47:21,716 - INFO - Retrieving data for ORGN
2025-04-08 22:47:22,302 - INFO - Inserted/updated 1153 records for ORGN
2025-04-08 22:47:23,311 - INFO - Retrieving data for AWF
2025-04-08 22:47:24,617 - INFO - Inserted/updated 3840 records for AWF
2025-04-08 22:47:25,620 - INFO - Retrieving data for AOD
2025-04-08 22:47:26,899 - INFO - Inserted/updated 3840 records for AOD
2025-04-08 22:47:27,912 - INFO - Retrieving data for OPI
2025-04-08 22:47:29,113 - INFO - Inserted/updated 3840 records for OPI
2025-04-08 22:47:30,115 - INFO - Retrieving data for HFRO
2025-04-08 22:47:30,708 - INFO - Inserted/updated 1865 records for HFRO
2025-04-08 22:47:31,711 - INFO - Retrieving data for RBCAA
2025-04-08 22:47:32,812 - INFO - Inserted/updated 3840 records for RBCAA
2025-04-08 22:47:33,814 - INFO - Retrieving data for ENFN
2025-04-08 22:47:34,245 - INFO - Inserted/updated 869 records for ENFN
2025-04-08 22:47:35,246 - INFO - Retrieving data for CMCO
2025-04-08 22:47:36,332 - INFO - Inserted/updated 3840 records for CMCO
2025-04-08 22:47:37,341 - INFO - Retrieving data for PROC
2025-04-08 22:47:38,333 - INFO - Inserted/updated 839 records for PROC
2025-04-08 22:47:39,335 - INFO - Retrieving data for SLI
2025-04-08 22:47:38,707 - INFO - Inserted/updated 1895 records for SLI
2025-04-08 22:47:39,708 - INFO - Retrieving data for NMM
2025-04-08 22:47:40,773 - INFO - Inserted/updated 3840 records for NMM
2025-04-08 22:47:41,775 - INFO - Retrieving data for CLB
2025-04-08 22:47:43,134 - INFO - Inserted/updated 3840 records for CLB
2025-04-08 22:47:44,136 - INFO - Retrieving data for CNDT
2025-04-08 22:47:44,788 - INFO - Inserted/updated 2078 records for CNDT
2025-04-08 22:47:45,791 - INFO - Retrieving data for HBNC
2025-04-08 22:47:47,155 - INFO - Inserted/updated 3840 records for HBNC
2025-04-08 22:47:48,159 - INFO - Retrieving data for BY
2025-04-08 22:47:48,778 - INFO - Inserted/updated 1954 records for BY
2025-04-08 22:47:49,782 - INFO - Retrieving data for MGIC
2025-04-08 22:47:51,328 - INFO - Inserted/updated 3840 records for MGIC
2025-04-08 22:47:52,330 - INFO - Retrieving data for CHI
2025-04-08 22:47:53,584 - INFO - Inserted/updated 3840 records for CHI
2025-04-08 22:47:54,591 - INFO - Retrieving data for EFC
2025-04-08 22:47:55,810 - INFO - Inserted/updated 3647 records for EFC
2025-04-08 22:47:56,817 - INFO - Retrieving data for RPAY
2025-04-08 22:47:57,534 - INFO - Inserted/updated 1691 records for RPAY
2025-04-08 22:47:58,536 - INFO - Retrieving data for REPL
2025-04-08 22:47:59,218 - INFO - Inserted/updated 1689 records for REPL
2025-04-08 22:48:00,219 - INFO - Retrieving data for CII
2025-04-08 22:48:01,525 - INFO - Inserted/updated 3840 records for CII
2025-04-08 22:48:02,559 - INFO - Retrieving data for WLKP
2025-04-08 22:48:04,711 - INFO - Inserted/updated 2690 records for WLKP
2025-04-08 22:48:05,718 - INFO - Retrieving data for THQ
2025-04-08 22:48:07,621 - INFO - Inserted/updated 2691 records for THQ
2025-04-08 22:48:08,624 - INFO - Retrieving data for ARGO
2025-04-08 22:48:09,591 - INFO - Inserted/updated 3493 records for ARGO
2025-04-08 22:48:09,186 - INFO - Retrieving data for VHI
2025-04-08 22:48:10,587 - INFO - Inserted/updated 3840 records for VHI
2025-04-08 22:48:11,597 - INFO - Retrieving data for CHRS
2025-04-08 22:48:12,605 - INFO - Inserted/updated 2620 records for CHRS
2025-04-08 22:48:13,613 - INFO - Retrieving data for RWT
2025-04-08 22:48:15,026 - INFO - Inserted/updated 3840 records for RWT
2025-04-08 22:48:16,031 - INFO - Retrieving data for HWKN
2025-04-08 22:48:17,536 - INFO - Inserted/updated 3840 records for HWKN
2025-04-08 22:48:18,541 - INFO - Retrieving data for SPNT
2025-04-08 22:48:19,382 - INFO - Inserted/updated 2930 records for SPNT
2025-04-08 22:48:20,384 - INFO - Retrieving data for BCX
2025-04-08 22:48:21,613 - INFO - Inserted/updated 3529 records for BCX
2025-04-08 22:48:22,615 - INFO - Retrieving data for WTTR
2025-04-08 22:48:23,244 - INFO - Inserted/updated 2003 records for WTTR
2025-04-08 22:48:24,246 - INFO - Retrieving data for PBT
2025-04-08 22:48:25,615 - INFO - Inserted/updated 3840 records for PBT
2025-04-08 22:48:26,618 - INFO - Retrieving data for MRC
2025-04-08 22:48:27,611 - INFO - Inserted/updated 3267 records for MRC
2025-04-08 22:48:28,614 - INFO - Retrieving data for FUBO
2025-04-08 22:48:29,194 - INFO - Inserted/updated 1832 records for FUBO
2025-04-08 22:48:30,196 - INFO - Retrieving data for INN
2025-04-08 22:48:31,382 - INFO - Inserted/updated 3562 records for INN
2025-04-08 22:48:32,385 - INFO - Retrieving data for VCSA
2025-04-08 22:48:32,893 - INFO - Inserted/updated 1006 records for VCSA
2025-04-08 22:48:33,899 - INFO - Retrieving data for ALEC
2025-04-08 22:48:34,546 - INFO - Inserted/updated 1551 records for ALEC
2025-04-08 22:48:35,548 - INFO - Retrieving data for AVPT
2025-04-08 22:48:36,154 - INFO - Inserted/updated 1363 records for AVPT
2025-04-08 22:48:37,154 - INFO - Retrieving data for GSBC
2025-04-08 22:48:38,499 - INFO - Inserted/updated 3840 records for GSBC
2025-04-08 22:48:39,503 - INFO - Retrieving data for SHYF
2025-04-08 22:48:40,920 - INFO - Inserted/updated 3840 records for SHYF
2025-04-08 22:48:40,591 - INFO - Retrieving data for CMPR
2025-04-08 22:48:41,660 - INFO - Inserted/updated 3840 records for CMPR
2025-04-08 22:48:42,697 - INFO - Retrieving data for SILV
2025-04-08 22:48:43,609 - INFO - Inserted/updated 2341 records for SILV
2025-04-08 22:48:44,614 - INFO - Retrieving data for VTEX
2025-04-08 22:48:44,995 - INFO - Inserted/updated 934 records for VTEX
2025-04-08 22:48:45,998 - INFO - Retrieving data for MOD
2025-04-08 22:48:47,315 - INFO - Inserted/updated 3840 records for MOD
2025-04-08 22:48:48,317 - INFO - Retrieving data for JPC
2025-04-08 22:48:49,519 - INFO - Inserted/updated 3840 records for JPC
2025-04-08 22:48:50,521 - INFO - Retrieving data for UTL
2025-04-08 22:48:51,569 - INFO - Inserted/updated 3840 records for UTL
2025-04-08 22:48:52,571 - INFO - Retrieving data for CAPL
2025-04-08 22:48:53,561 - INFO - Inserted/updated 3130 records for CAPL
2025-04-08 22:48:54,563 - INFO - Retrieving data for AMWD
2025-04-08 22:48:55,620 - INFO - Inserted/updated 3840 records for AMWD
2025-04-08 22:48:56,626 - INFO - Retrieving data for ICHR
2025-04-08 22:48:57,436 - INFO - Inserted/updated 2093 records for ICHR
2025-04-08 22:48:58,442 - INFO - Retrieving data for RAPT
2025-04-08 22:48:59,023 - INFO - Inserted/updated 1366 records for RAPT
2025-04-08 22:49:00,027 - INFO - Retrieving data for VTOL
2025-04-08 22:49:01,049 - INFO - Inserted/updated 3073 records for VTOL
2025-04-08 22:49:02,052 - INFO - Retrieving data for NTST
2025-04-08 22:49:03,180 - INFO - Inserted/updated 1169 records for NTST
2025-04-08 22:49:04,235 - INFO - Retrieving data for KARO
2025-04-08 22:49:04,774 - INFO - Inserted/updated 1010 records for KARO
2025-04-08 22:49:05,776 - INFO - Retrieving data for MCB
2025-04-08 22:49:06,573 - INFO - Inserted/updated 1863 records for MCB
2025-04-08 22:49:07,576 - INFO - Retrieving data for GPRK
2025-04-08 22:49:08,720 - INFO - Inserted/updated 3642 records for GPRK
2025-04-08 22:49:09,723 - INFO - Retrieving data for INVZ
2025-04-08 22:49:10,275 - INFO - Inserted/updated 1009 records for INVZ
2025-04-08 22:49:11,318 - INFO - Retrieving data for GIII
2025-04-08 22:49:11,233 - INFO - Inserted/updated 3840 records for GIII
2025-04-08 22:49:12,238 - INFO - Retrieving data for PRDO
2025-04-08 22:49:13,576 - INFO - Inserted/updated 3840 records for PRDO
2025-04-08 22:49:14,591 - INFO - Retrieving data for WINA
2025-04-08 22:49:15,904 - INFO - Inserted/updated 3840 records for WINA
2025-04-08 22:49:16,907 - INFO - Retrieving data for WRLD
2025-04-08 22:49:17,960 - INFO - Inserted/updated 3840 records for WRLD
2025-04-08 22:49:18,964 - INFO - Retrieving data for CRBU
2025-04-08 22:49:19,350 - INFO - Inserted/updated 932 records for CRBU
2025-04-08 22:49:20,350 - INFO - Retrieving data for VEON
2025-04-08 22:49:21,707 - INFO - Inserted/updated 3840 records for VEON
2025-04-08 22:49:22,709 - INFO - Retrieving data for RPT
2025-04-08 22:49:23,563 - INFO - Inserted/updated 2553 records for RPT
2025-04-08 22:49:24,565 - INFO - Retrieving data for CARS
2025-04-08 22:49:25,354 - INFO - Inserted/updated 1975 records for CARS
2025-04-08 22:49:26,363 - INFO - Retrieving data for AHH
2025-04-08 22:49:27,194 - INFO - Inserted/updated 2999 records for AHH
2025-04-08 22:49:28,196 - INFO - Retrieving data for SCWX
2025-04-08 22:49:29,080 - INFO - Inserted/updated 2209 records for SCWX
2025-04-08 22:49:30,093 - INFO - Retrieving data for NRDS
2025-04-08 22:49:30,616 - INFO - Inserted/updated 859 records for NRDS
2025-04-08 22:49:31,618 - INFO - Retrieving data for IMOS
2025-04-08 22:49:32,882 - INFO - Inserted/updated 3840 records for IMOS
2025-04-08 22:49:33,884 - INFO - Retrieving data for WNC
2025-04-08 22:49:34,939 - INFO - Inserted/updated 3840 records for WNC
2025-04-08 22:49:35,946 - INFO - Retrieving data for ORLA
2025-04-08 22:49:36,671 - INFO - Inserted/updated 1534 records for ORLA
2025-04-08 22:49:37,674 - INFO - Retrieving data for REVG
2025-04-08 22:49:38,501 - INFO - Inserted/updated 2061 records for REVG
2025-04-08 22:49:39,504 - INFO - Retrieving data for DLX
2025-04-08 22:49:40,617 - INFO - Inserted/updated 3840 records for DLX
2025-04-08 22:49:41,620 - INFO - Retrieving data for MATW
2025-04-08 22:49:43,065 - INFO - Inserted/updated 3840 records for MATW
2025-04-08 22:49:42,662 - INFO - Retrieving data for UFCS
2025-04-08 22:49:44,021 - INFO - Inserted/updated 3840 records for UFCS
2025-04-08 22:49:45,069 - INFO - Retrieving data for TLS
2025-04-08 22:49:45,681 - INFO - Inserted/updated 1100 records for TLS
2025-04-08 22:49:46,686 - INFO - Retrieving data for SMP
2025-04-08 22:49:48,050 - INFO - Inserted/updated 3840 records for SMP
2025-04-08 22:49:49,052 - INFO - Retrieving data for ACHR
2025-04-08 22:49:49,584 - INFO - Inserted/updated 1080 records for ACHR
2025-04-08 22:49:50,646 - INFO - Retrieving data for JMIA
2025-04-08 22:49:51,278 - INFO - Inserted/updated 1506 records for JMIA
2025-04-08 22:49:52,280 - INFO - Retrieving data for PHAR
2025-04-08 22:49:52,876 - INFO - Inserted/updated 1077 records for PHAR
2025-04-08 22:49:53,878 - INFO - Retrieving data for CTBI
2025-04-08 22:49:54,913 - INFO - Inserted/updated 3840 records for CTBI
2025-04-08 22:49:55,917 - INFO - Retrieving data for CGBD
2025-04-08 22:49:56,541 - INFO - Inserted/updated 1966 records for CGBD
2025-04-08 22:49:57,546 - INFO - Retrieving data for RSKD
2025-04-08 22:49:58,039 - INFO - Inserted/updated 928 records for RSKD
2025-04-08 22:49:59,042 - INFO - Retrieving data for MYI
2025-04-08 22:50:00,068 - INFO - Inserted/updated 3840 records for MYI
2025-04-08 22:50:01,070 - INFO - Retrieving data for LAND
2025-04-08 22:50:02,117 - INFO - Inserted/updated 3068 records for LAND
2025-04-08 22:50:03,119 - INFO - Retrieving data for TBPH
2025-04-08 22:50:05,262 - INFO - Inserted/updated 2741 records for TBPH
2025-04-08 22:50:06,268 - INFO - Retrieving data for FORR
2025-04-08 22:50:07,631 - INFO - Inserted/updated 3840 records for FORR
2025-04-08 22:50:08,651 - INFO - Retrieving data for YSG
2025-04-08 22:50:09,213 - INFO - Inserted/updated 1100 records for YSG
2025-04-08 22:50:10,214 - INFO - Retrieving data for HAFC
2025-04-08 22:50:11,560 - INFO - Inserted/updated 3840 records for HAFC
2025-04-08 22:50:12,566 - INFO - Retrieving data for COCO
2025-04-08 22:50:12,978 - INFO - Inserted/updated 869 records for COCO
2025-04-08 22:50:12,584 - INFO - Retrieving data for LAW
2025-04-08 22:50:13,325 - INFO - Inserted/updated 934 records for LAW
2025-04-08 22:50:14,333 - INFO - Retrieving data for MBIN
2025-04-08 22:50:14,982 - INFO - Inserted/updated 1871 records for MBIN
2025-04-08 22:50:15,984 - INFO - Retrieving data for HONE
2025-04-08 22:50:16,913 - INFO - Inserted/updated 2206 records for HONE
2025-04-08 22:50:17,914 - INFO - Retrieving data for TCPC
2025-04-08 22:50:18,946 - INFO - Inserted/updated 3272 records for TCPC
2025-04-08 22:50:19,974 - INFO - Retrieving data for NFBK
2025-04-08 22:50:21,399 - INFO - Inserted/updated 3840 records for NFBK
2025-04-08 22:50:22,404 - INFO - Retrieving data for EIM
2025-04-08 22:50:23,441 - INFO - Inserted/updated 3840 records for EIM
2025-04-08 22:50:24,446 - INFO - Retrieving data for NRIX
2025-04-08 22:50:24,904 - INFO - Inserted/updated 1183 records for NRIX
2025-04-08 22:50:25,907 - INFO - Retrieving data for CDE
2025-04-08 22:50:26,988 - INFO - Inserted/updated 3840 records for CDE
2025-04-08 22:50:27,990 - INFO - Retrieving data for AUDC
2025-04-08 22:50:29,062 - INFO - Inserted/updated 3840 records for AUDC
2025-04-08 22:50:30,069 - INFO - Retrieving data for FFC
2025-04-08 22:50:31,119 - INFO - Inserted/updated 3840 records for FFC
2025-04-08 22:50:32,123 - INFO - Retrieving data for LUNG
2025-04-08 22:50:32,741 - INFO - Inserted/updated 1135 records for LUNG
2025-04-08 22:50:33,745 - INFO - Retrieving data for CRNC
2025-04-08 22:50:34,302 - INFO - Inserted/updated 1399 records for CRNC
2025-04-08 22:50:35,305 - INFO - Retrieving data for TIL
2025-04-08 22:50:35,843 - INFO - Inserted/updated 1019 records for TIL
2025-04-08 22:50:36,844 - INFO - Retrieving data for EB
2025-04-08 22:50:37,382 - INFO - Inserted/updated 1646 records for EB
2025-04-08 22:50:38,384 - INFO - Retrieving data for AVXL
2025-04-08 22:50:39,483 - INFO - Inserted/updated 3840 records for AVXL
2025-04-08 22:50:40,496 - INFO - Retrieving data for BCYC
2025-04-08 22:50:41,007 - INFO - Inserted/updated 1478 records for BCYC
2025-04-08 22:50:42,010 - INFO - Retrieving data for OXLC
2025-04-08 22:50:42,963 - INFO - Inserted/updated 3575 records for OXLC
2025-04-08 22:50:43,966 - INFO - Retrieving data for AMAL
2025-04-08 22:50:44,488 - INFO - Inserted/updated 1677 records for AMAL
2025-04-08 22:50:44,093 - INFO - Retrieving data for DYN
2025-04-08 22:50:44,536 - INFO - Inserted/updated 1145 records for DYN
2025-04-08 22:50:45,560 - INFO - Retrieving data for IGMS
2025-04-08 22:50:46,186 - INFO - Inserted/updated 1397 records for IGMS
2025-04-08 22:50:47,187 - INFO - Retrieving data for KNSA
2025-04-08 22:50:47,967 - INFO - Inserted/updated 1728 records for KNSA
2025-04-08 22:50:48,969 - INFO - Retrieving data for UVSP
2025-04-08 22:50:50,252 - INFO - Inserted/updated 3840 records for UVSP
2025-04-08 22:50:51,253 - INFO - Retrieving data for TBI
2025-04-08 22:50:52,375 - INFO - Inserted/updated 3840 records for TBI
2025-04-08 22:50:53,382 - INFO - Retrieving data for CSTL
2025-04-08 22:50:53,890 - INFO - Inserted/updated 1435 records for CSTL
2025-04-08 22:50:54,894 - INFO - Retrieving data for PDT
2025-04-08 22:50:55,938 - INFO - Inserted/updated 3840 records for PDT
2025-04-08 22:50:56,941 - INFO - Retrieving data for CEPU
2025-04-08 22:50:57,528 - INFO - Inserted/updated 1805 records for CEPU
2025-04-08 22:50:58,530 - INFO - Retrieving data for ITOS
2025-04-08 22:50:59,087 - INFO - Inserted/updated 1183 records for ITOS
2025-04-08 22:51:00,105 - INFO - Retrieving data for BRY
2025-04-08 22:51:00,645 - INFO - Inserted/updated 1691 records for BRY
2025-04-08 22:51:01,652 - INFO - Retrieving data for DAO
2025-04-08 22:51:04,020 - INFO - Inserted/updated 1370 records for DAO
2025-04-08 22:51:05,022 - INFO - Retrieving data for PLYM
2025-04-08 22:51:07,551 - INFO - Inserted/updated 1969 records for PLYM
2025-04-08 22:51:08,564 - INFO - Retrieving data for SCSC
2025-04-08 22:51:10,154 - INFO - Inserted/updated 3840 records for SCSC
2025-04-08 22:51:11,157 - INFO - Retrieving data for ANAB
2025-04-08 22:51:11,815 - INFO - Inserted/updated 2062 records for ANAB
2025-04-08 22:51:12,822 - INFO - Retrieving data for FC
2025-04-08 22:51:14,003 - INFO - Inserted/updated 3840 records for FC
2025-04-08 22:51:15,020 - INFO - Retrieving data for JQC
2025-04-08 22:51:14,682 - INFO - Inserted/updated 3840 records for JQC
2025-04-08 22:51:15,684 - INFO - Retrieving data for HMST
2025-04-08 22:51:16,854 - INFO - Inserted/updated 3309 records for HMST
2025-04-08 22:51:17,867 - INFO - Retrieving data for MIRM
2025-04-08 22:51:18,558 - INFO - Inserted/updated 1440 records for MIRM
2025-04-08 22:51:19,559 - INFO - Retrieving data for BLND
2025-04-08 22:51:19,979 - INFO - Inserted/updated 937 records for BLND
2025-04-08 22:51:20,979 - INFO - Retrieving data for MVIS
2025-04-08 22:51:22,259 - INFO - Inserted/updated 3840 records for MVIS
2025-04-08 22:51:23,261 - INFO - Retrieving data for NEXA
2025-04-08 22:51:23,849 - INFO - Inserted/updated 1871 records for NEXA
2025-04-08 22:51:24,851 - INFO - Retrieving data for KRUS
2025-04-08 22:51:25,462 - INFO - Inserted/updated 1430 records for KRUS
2025-04-08 22:51:26,464 - INFO - Retrieving data for EVGO
2025-04-08 22:51:26,907 - INFO - Inserted/updated 1099 records for EVGO
2025-04-08 22:51:27,913 - INFO - Retrieving data for NVTS
2025-04-08 22:51:28,450 - INFO - Inserted/updated 1057 records for NVTS
2025-04-08 22:51:29,452 - INFO - Retrieving data for HTBK
2025-04-08 22:51:30,755 - INFO - Inserted/updated 3840 records for HTBK
2025-04-08 22:51:31,757 - INFO - Retrieving data for TRTX
2025-04-08 22:51:32,498 - INFO - Inserted/updated 1941 records for TRTX
2025-04-08 22:51:33,499 - INFO - Retrieving data for SENS
2025-04-08 22:51:34,371 - INFO - Inserted/updated 2279 records for SENS
2025-04-08 22:51:35,441 - INFO - Retrieving data for STRL
2025-04-08 22:51:36,857 - INFO - Inserted/updated 3840 records for STRL
2025-04-08 22:51:37,858 - INFO - Retrieving data for INNV
2025-04-08 22:51:38,439 - INFO - Inserted/updated 1030 records for INNV
2025-04-08 22:51:39,441 - INFO - Retrieving data for BW
2025-04-08 22:51:40,199 - INFO - Inserted/updated 2458 records for BW
2025-04-08 22:51:41,200 - INFO - Retrieving data for CRESY
2025-04-08 22:51:42,254 - INFO - Inserted/updated 3840 records for CRESY
2025-04-08 22:51:43,256 - INFO - Retrieving data for CERS
2025-04-08 22:51:44,360 - INFO - Inserted/updated 3840 records for CERS
2025-04-08 22:51:45,397 - INFO - Retrieving data for HUYA
2025-04-08 22:51:45,976 - INFO - Inserted/updated 1737 records for HUYA
2025-04-08 22:51:45,575 - INFO - Retrieving data for HSTM
2025-04-08 22:51:46,585 - INFO - Inserted/updated 3840 records for HSTM
2025-04-08 22:51:47,603 - INFO - Retrieving data for HZO
2025-04-08 22:51:48,662 - INFO - Inserted/updated 3840 records for HZO
2025-04-08 22:51:49,664 - INFO - Retrieving data for UFPT
2025-04-08 22:51:50,981 - INFO - Inserted/updated 3840 records for UFPT
2025-04-08 22:51:51,984 - INFO - Retrieving data for GWH
2025-04-08 22:51:52,427 - INFO - Inserted/updated 1071 records for GWH
2025-04-08 22:51:53,432 - INFO - Retrieving data for DOMO
2025-04-08 22:51:54,105 - INFO - Inserted/updated 1703 records for DOMO
2025-04-08 22:51:55,106 - INFO - Retrieving data for SD
2025-04-08 22:51:55,944 - INFO - Inserted/updated 2140 records for SD
2025-04-08 22:51:56,947 - INFO - Retrieving data for TGI
2025-04-08 22:51:58,001 - INFO - Inserted/updated 3840 records for TGI
2025-04-08 22:51:59,004 - INFO - Retrieving data for HLX
2025-04-08 22:52:00,078 - INFO - Inserted/updated 3840 records for HLX
2025-04-08 22:52:01,081 - INFO - Retrieving data for SOHU
2025-04-08 22:52:02,496 - INFO - Inserted/updated 3840 records for SOHU
2025-04-08 22:52:03,499 - INFO - Retrieving data for BRW
2025-04-08 22:52:03,920 - INFO - Inserted/updated 967 records for BRW
2025-04-08 22:52:04,925 - INFO - Retrieving data for MOV
2025-04-08 22:52:06,092 - INFO - Inserted/updated 3840 records for MOV
2025-04-08 22:52:07,143 - INFO - Retrieving data for MVST
2025-04-08 22:52:07,652 - INFO - Inserted/updated 1518 records for MVST
2025-04-08 22:52:08,659 - INFO - Retrieving data for PHK
2025-04-08 22:52:09,688 - INFO - Inserted/updated 3840 records for PHK
2025-04-08 22:52:10,689 - INFO - Retrieving data for FAX
2025-04-08 22:52:11,811 - INFO - Inserted/updated 3840 records for FAX
2025-04-08 22:52:12,815 - INFO - Retrieving data for PLOW
2025-04-08 22:52:14,072 - INFO - Inserted/updated 3756 records for PLOW
2025-04-08 22:52:15,074 - INFO - Retrieving data for CRGY
2025-04-08 22:52:15,456 - INFO - Inserted/updated 836 records for CRGY
2025-04-08 22:52:16,459 - INFO - Retrieving data for IMTX
2025-04-08 22:52:17,003 - INFO - Inserted/updated 1198 records for IMTX
2025-04-08 22:52:16,600 - INFO - Retrieving data for GOOD
2025-04-08 22:52:17,711 - INFO - Inserted/updated 3840 records for GOOD
2025-04-08 22:52:18,713 - INFO - Retrieving data for ATEX
2025-04-08 22:52:19,438 - INFO - Inserted/updated 2561 records for ATEX
2025-04-08 22:52:20,440 - INFO - Retrieving data for DLY
2025-04-08 22:52:20,938 - INFO - Inserted/updated 1287 records for DLY
2025-04-08 22:52:21,942 - INFO - Retrieving data for NESR
2025-04-08 22:52:22,574 - INFO - Inserted/updated 1973 records for NESR
2025-04-08 22:52:23,581 - INFO - Retrieving data for FSM
2025-04-08 22:52:24,577 - INFO - Inserted/updated 3840 records for FSM
2025-04-08 22:52:25,579 - INFO - Retrieving data for NKTR
2025-04-08 22:52:26,923 - INFO - Inserted/updated 3840 records for NKTR
2025-04-08 22:52:27,925 - INFO - Retrieving data for CAC
2025-04-08 22:52:29,033 - INFO - Inserted/updated 3840 records for CAC
2025-04-08 22:52:30,035 - INFO - Retrieving data for GSL
2025-04-08 22:52:31,041 - INFO - Inserted/updated 3840 records for GSL
2025-04-08 22:52:32,043 - INFO - Retrieving data for MTLS
2025-04-08 22:52:32,946 - INFO - Inserted/updated 2714 records for MTLS
2025-04-08 22:52:33,950 - INFO - Retrieving data for BTO
2025-04-08 22:52:35,005 - INFO - Inserted/updated 3840 records for BTO
2025-04-08 22:52:36,007 - INFO - Retrieving data for GMRE
2025-04-08 22:52:36,726 - INFO - Inserted/updated 2207 records for GMRE
2025-04-08 22:52:37,750 - INFO - Retrieving data for RICK
2025-04-08 22:52:39,052 - INFO - Inserted/updated 3840 records for RICK
2025-04-08 22:52:40,059 - INFO - Retrieving data for ACET
2025-04-08 22:52:40,599 - INFO - Inserted/updated 1810 records for ACET
2025-04-08 22:52:41,600 - INFO - Retrieving data for BRFH
2025-04-08 22:52:42,438 - INFO - Inserted/updated 3266 records for BRFH
2025-04-08 22:52:43,440 - INFO - Retrieving data for UHT
2025-04-08 22:52:44,833 - INFO - Inserted/updated 3840 records for UHT
2025-04-08 22:52:45,835 - INFO - Retrieving data for CLW
2025-04-08 22:52:46,935 - INFO - Inserted/updated 3840 records for CLW
2025-04-08 22:52:47,952 - INFO - Retrieving data for ZH
2025-04-08 22:52:47,072 - INFO - Inserted/updated 1014 records for ZH
2025-04-08 22:52:48,074 - INFO - Retrieving data for CFB
2025-04-08 22:52:48,571 - INFO - Inserted/updated 1394 records for CFB
2025-04-08 22:52:49,618 - INFO - Retrieving data for BASE
2025-04-08 22:52:50,007 - INFO - Inserted/updated 933 records for BASE
2025-04-08 22:52:51,021 - INFO - Retrieving data for CENX
2025-04-08 22:52:52,125 - INFO - Inserted/updated 3840 records for CENX
2025-04-08 22:52:53,129 - INFO - Retrieving data for GRC
2025-04-08 22:52:54,173 - INFO - Inserted/updated 3840 records for GRC
2025-04-08 22:52:55,174 - INFO - Retrieving data for GHLD
2025-04-08 22:52:55,612 - INFO - Inserted/updated 1120 records for GHLD
2025-04-08 22:52:56,614 - INFO - Retrieving data for TITN
2025-04-08 22:52:57,593 - INFO - Inserted/updated 3840 records for TITN
2025-04-08 22:52:58,675 - INFO - Retrieving data for ATNI
2025-04-08 22:52:59,731 - INFO - Inserted/updated 3840 records for ATNI
2025-04-08 22:53:00,733 - INFO - Retrieving data for ATAI
2025-04-08 22:53:01,522 - INFO - Inserted/updated 956 records for ATAI
2025-04-08 22:53:02,525 - INFO - Retrieving data for AMBC
2025-04-08 22:53:03,924 - INFO - Inserted/updated 3004 records for AMBC
2025-04-08 22:53:04,926 - INFO - Retrieving data for GCO
2025-04-08 22:53:06,270 - INFO - Inserted/updated 3840 records for GCO
2025-04-08 22:53:07,295 - INFO - Retrieving data for VALU
2025-04-08 22:53:08,783 - INFO - Inserted/updated 3840 records for VALU
2025-04-08 22:53:09,798 - INFO - Retrieving data for MCRB
2025-04-08 22:53:10,720 - INFO - Inserted/updated 2461 records for MCRB
2025-04-08 22:53:11,721 - INFO - Retrieving data for BJRI
2025-04-08 22:53:12,746 - INFO - Inserted/updated 3840 records for BJRI
2025-04-08 22:53:13,748 - INFO - Retrieving data for YEXT
2025-04-08 22:53:14,355 - INFO - Inserted/updated 2008 records for YEXT
2025-04-08 22:53:15,357 - INFO - Retrieving data for VMO
2025-04-08 22:53:16,404 - INFO - Inserted/updated 3840 records for VMO
2025-04-08 22:53:17,422 - INFO - Retrieving data for NX
2025-04-08 22:53:18,760 - INFO - Inserted/updated 3840 records for NX
2025-04-08 22:53:18,358 - INFO - Retrieving data for LEU
2025-04-08 22:53:19,406 - INFO - Inserted/updated 3840 records for LEU
2025-04-08 22:53:20,408 - INFO - Retrieving data for FBMS
2025-04-08 22:53:21,430 - INFO - Inserted/updated 3834 records for FBMS
2025-04-08 22:53:22,494 - INFO - Retrieving data for COGT
2025-04-08 22:53:23,125 - INFO - Inserted/updated 1767 records for COGT
2025-04-08 22:53:24,132 - INFO - Retrieving data for NTGR
2025-04-08 22:53:25,394 - INFO - Inserted/updated 3840 records for NTGR
2025-04-08 22:53:26,400 - INFO - Retrieving data for FEDU
2025-04-08 22:53:26,978 - INFO - Inserted/updated 1864 records for FEDU
2025-04-08 22:53:27,980 - INFO - Retrieving data for GHRS
2025-04-08 22:53:28,429 - INFO - Inserted/updated 951 records for GHRS
2025-04-08 22:53:29,431 - INFO - Retrieving data for SEAT
2025-04-08 22:53:29,978 - INFO - Inserted/updated 1128 records for SEAT
2025-04-08 22:53:30,988 - INFO - Retrieving data for NNDM
2025-04-08 22:53:31,662 - INFO - Inserted/updated 2327 records for NNDM
2025-04-08 22:53:32,664 - INFO - Retrieving data for VINP
2025-04-08 22:53:33,217 - INFO - Inserted/updated 1054 records for VINP
2025-04-08 22:53:34,219 - INFO - Retrieving data for FPI
2025-04-08 22:53:35,012 - INFO - Inserted/updated 2765 records for FPI
2025-04-08 22:53:36,016 - INFO - Retrieving data for MHD
2025-04-08 22:53:37,035 - INFO - Inserted/updated 3840 records for MHD
2025-04-08 22:53:38,039 - INFO - Retrieving data for VRNA
2025-04-08 22:53:38,787 - INFO - Inserted/updated 1999 records for VRNA
2025-04-08 22:53:39,790 - INFO - Retrieving data for AGEN
2025-04-08 22:53:40,875 - INFO - Inserted/updated 3840 records for AGEN
2025-04-08 22:53:41,881 - INFO - Retrieving data for NDMO
2025-04-08 22:53:42,469 - INFO - Inserted/updated 1159 records for NDMO
2025-04-08 22:53:43,469 - INFO - Retrieving data for TRST
2025-04-08 22:53:44,799 - INFO - Inserted/updated 3840 records for TRST
2025-04-08 22:53:45,801 - INFO - Retrieving data for PML
2025-04-08 22:53:46,815 - INFO - Inserted/updated 3840 records for PML
2025-04-08 22:53:47,817 - INFO - Retrieving data for GLDD
2025-04-08 22:53:48,782 - INFO - Inserted/updated 3840 records for GLDD
2025-04-08 22:53:49,784 - INFO - Retrieving data for IDT
2025-04-08 22:53:49,683 - INFO - Inserted/updated 3840 records for IDT
2025-04-08 22:53:50,691 - INFO - Retrieving data for MYE
2025-04-08 22:53:52,036 - INFO - Inserted/updated 3840 records for MYE
2025-04-08 22:53:53,039 - INFO - Retrieving data for BBAR
2025-04-08 22:53:54,100 - INFO - Inserted/updated 3840 records for BBAR
2025-04-08 22:53:55,106 - INFO - Retrieving data for SLRC
2025-04-08 22:53:56,121 - INFO - Inserted/updated 3815 records for SLRC
2025-04-08 22:53:57,124 - INFO - Retrieving data for HLLY
2025-04-08 22:53:57,511 - INFO - Inserted/updated 648 records for HLLY
2025-04-08 22:53:58,513 - INFO - Retrieving data for CEVA
2025-04-08 22:53:59,571 - INFO - Inserted/updated 3840 records for CEVA
2025-04-08 22:54:00,575 - INFO - Retrieving data for SCVL
2025-04-08 22:54:02,338 - INFO - Inserted/updated 3840 records for SCVL
2025-04-08 22:54:03,380 - INFO - Retrieving data for DENN
2025-04-08 22:54:05,473 - INFO - Inserted/updated 3840 records for DENN
2025-04-08 22:54:06,477 - INFO - Retrieving data for BBDC
2025-04-08 22:54:06,971 - INFO - Inserted/updated 1679 records for BBDC
2025-04-08 22:54:07,981 - INFO - Retrieving data for OSBC
2025-04-08 22:54:09,305 - INFO - Inserted/updated 3840 records for OSBC
2025-04-08 22:54:10,351 - INFO - Retrieving data for COLL
2025-04-08 22:54:11,123 - INFO - Inserted/updated 2496 records for COLL
2025-04-08 22:54:12,124 - INFO - Retrieving data for FFIC
2025-04-08 22:54:13,213 - INFO - Inserted/updated 3840 records for FFIC
2025-04-08 22:54:14,215 - INFO - Retrieving data for YMAB
2025-04-08 22:54:14,781 - INFO - Inserted/updated 1645 records for YMAB
2025-04-08 22:54:15,783 - INFO - Retrieving data for CPF
2025-04-08 22:54:16,774 - INFO - Inserted/updated 3840 records for CPF
2025-04-08 22:54:17,777 - INFO - Retrieving data for PGC
2025-04-08 22:54:18,772 - INFO - Inserted/updated 3840 records for PGC
2025-04-08 22:54:19,793 - INFO - Retrieving data for CURV
2025-04-08 22:54:20,209 - INFO - Inserted/updated 947 records for CURV
2025-04-08 22:54:19,803 - INFO - Retrieving data for MBI
2025-04-08 22:54:21,143 - INFO - Inserted/updated 3840 records for MBI
2025-04-08 22:54:22,146 - INFO - Retrieving data for RERE
2025-04-08 22:54:22,673 - INFO - Inserted/updated 956 records for RERE
2025-04-08 22:54:23,677 - INFO - Retrieving data for SIBN
2025-04-08 22:54:24,394 - INFO - Inserted/updated 1627 records for SIBN
2025-04-08 22:54:25,399 - INFO - Retrieving data for INGN
2025-04-08 22:54:26,170 - INFO - Inserted/updated 2804 records for INGN
2025-04-08 22:54:27,172 - INFO - Retrieving data for AVD
2025-04-08 22:54:28,212 - INFO - Inserted/updated 3840 records for AVD
2025-04-08 22:54:29,222 - INFO - Retrieving data for CRAI
2025-04-08 22:54:30,246 - INFO - Inserted/updated 3840 records for CRAI
2025-04-08 22:54:31,256 - INFO - Retrieving data for BXC
2025-04-08 22:54:32,227 - INFO - Inserted/updated 3840 records for BXC
2025-04-08 22:54:33,231 - INFO - Retrieving data for QNST
2025-04-08 22:54:34,210 - INFO - Inserted/updated 3813 records for QNST
2025-04-08 22:54:35,220 - INFO - Retrieving data for EOI
2025-04-08 22:54:36,184 - INFO - Inserted/updated 3840 records for EOI
2025-04-08 22:54:37,188 - INFO - Retrieving data for WIW
2025-04-08 22:54:38,201 - INFO - Inserted/updated 3840 records for WIW
2025-04-08 22:54:39,208 - INFO - Retrieving data for FMBH
2025-04-08 22:54:40,293 - INFO - Inserted/updated 3840 records for FMBH
2025-04-08 22:54:41,300 - INFO - Retrieving data for ACRE
2025-04-08 22:54:42,225 - INFO - Inserted/updated 3256 records for ACRE
2025-04-08 22:54:43,227 - INFO - Retrieving data for CVGW
2025-04-08 22:54:44,402 - INFO - Inserted/updated 3840 records for CVGW
2025-04-08 22:54:45,404 - INFO - Retrieving data for SWIM
2025-04-08 22:54:45,904 - INFO - Inserted/updated 995 records for SWIM
2025-04-08 22:54:46,907 - INFO - Retrieving data for CLDT
2025-04-08 22:54:47,878 - INFO - Inserted/updated 3769 records for CLDT
2025-04-08 22:54:48,880 - INFO - Retrieving data for RGP
2025-04-08 22:54:50,189 - INFO - Inserted/updated 3840 records for RGP
2025-04-08 22:54:51,192 - INFO - Retrieving data for CMPS
2025-04-08 22:54:50,291 - INFO - Inserted/updated 1144 records for CMPS
2025-04-08 22:54:51,291 - INFO - Retrieving data for TUYA
2025-04-08 22:54:51,840 - INFO - Inserted/updated 1020 records for TUYA
2025-04-08 22:54:52,846 - INFO - Retrieving data for BBSI
2025-04-08 22:54:53,880 - INFO - Inserted/updated 3840 records for BBSI
2025-04-08 22:54:54,883 - INFO - Retrieving data for BFC
2025-04-08 22:54:56,001 - INFO - Inserted/updated 3839 records for BFC
2025-04-08 22:54:57,006 - INFO - Retrieving data for ANIP
2025-04-08 22:54:58,029 - INFO - Inserted/updated 3840 records for ANIP
2025-04-08 22:54:59,035 - INFO - Retrieving data for STOK
2025-04-08 22:54:59,642 - INFO - Inserted/updated 1460 records for STOK
2025-04-08 22:55:00,643 - INFO - Retrieving data for NKX
2025-04-08 22:55:01,852 - INFO - Inserted/updated 3840 records for NKX
2025-04-08 22:55:02,862 - INFO - Retrieving data for MXCT
2025-04-08 22:55:03,716 - INFO - Inserted/updated 1188 records for MXCT
2025-04-08 22:55:04,721 - INFO - Retrieving data for NNOX
2025-04-08 22:55:05,295 - INFO - Inserted/updated 1163 records for NNOX
2025-04-08 22:55:06,298 - INFO - Retrieving data for BOE
2025-04-08 22:55:07,363 - INFO - Inserted/updated 3840 records for BOE
2025-04-08 22:55:08,375 - INFO - Retrieving data for NIE
2025-04-08 22:55:09,379 - INFO - Inserted/updated 3840 records for NIE
2025-04-08 22:55:10,452 - INFO - Retrieving data for EWCZ
2025-04-08 22:55:10,849 - INFO - Inserted/updated 923 records for EWCZ
2025-04-08 22:55:11,894 - INFO - Retrieving data for NFGC
2025-04-08 22:55:12,475 - INFO - Inserted/updated 1147 records for NFGC
2025-04-08 22:55:13,475 - INFO - Retrieving data for BLX
2025-04-08 22:55:14,663 - INFO - Inserted/updated 3840 records for BLX
2025-04-08 22:55:15,667 - INFO - Retrieving data for FOR
2025-04-08 22:55:16,666 - INFO - Inserted/updated 3840 records for FOR
2025-04-08 22:55:17,668 - INFO - Retrieving data for PMVP
2025-04-08 22:55:18,273 - INFO - Inserted/updated 1139 records for PMVP
2025-04-08 22:55:19,274 - INFO - Retrieving data for USLM
2025-04-08 22:55:20,537 - INFO - Inserted/updated 3840 records for USLM
2025-04-08 22:55:21,540 - INFO - Retrieving data for ABEO
2025-04-08 22:55:21,206 - INFO - Inserted/updated 3840 records for ABEO
2025-04-08 22:55:22,256 - INFO - Retrieving data for BIOX
2025-04-08 22:55:22,842 - INFO - Inserted/updated 1767 records for BIOX
2025-04-08 22:55:23,845 - INFO - Retrieving data for BIT
2025-04-08 22:55:24,719 - INFO - Inserted/updated 3049 records for BIT
2025-04-08 22:55:25,721 - INFO - Retrieving data for UIS
2025-04-08 22:55:26,771 - INFO - Inserted/updated 3840 records for UIS
2025-04-08 22:55:27,772 - INFO - Retrieving data for ETJ
2025-04-08 22:55:28,752 - INFO - Inserted/updated 3840 records for ETJ
2025-04-08 22:55:29,754 - INFO - Retrieving data for IPI
2025-04-08 22:55:30,759 - INFO - Inserted/updated 3840 records for IPI
2025-04-08 22:55:31,761 - INFO - Retrieving data for YORW
2025-04-08 22:55:32,817 - INFO - Inserted/updated 3840 records for YORW
2025-04-08 22:55:33,831 - INFO - Retrieving data for BORR
2025-04-08 22:55:34,343 - INFO - Inserted/updated 1517 records for BORR
2025-04-08 22:55:35,347 - INFO - Retrieving data for THFF
2025-04-08 22:55:36,401 - INFO - Inserted/updated 3840 records for THFF
2025-04-08 22:55:37,405 - INFO - Retrieving data for ARR
2025-04-08 22:55:38,432 - INFO - Inserted/updated 3840 records for ARR
2025-04-08 22:55:39,436 - INFO - Retrieving data for CCAP
2025-04-08 22:55:39,902 - INFO - Inserted/updated 1303 records for CCAP
2025-04-08 22:55:40,904 - INFO - Retrieving data for CASI
2025-04-08 22:55:42,065 - INFO - Inserted/updated 3840 records for CASI
2025-04-08 22:55:43,068 - INFO - Retrieving data for LPG
2025-04-08 22:55:43,835 - INFO - Inserted/updated 2747 records for LPG
2025-04-08 22:55:44,837 - INFO - Retrieving data for IESC
2025-04-08 22:55:45,852 - INFO - Inserted/updated 3840 records for IESC
2025-04-08 22:55:46,860 - INFO - Retrieving data for GNK
2025-04-08 22:55:47,612 - INFO - Inserted/updated 2677 records for GNK
2025-04-08 22:55:48,613 - INFO - Retrieving data for CION
2025-04-08 22:55:49,003 - INFO - Inserted/updated 881 records for CION
2025-04-08 22:55:50,004 - INFO - Retrieving data for CBL
2025-04-08 22:55:50,432 - INFO - Inserted/updated 861 records for CBL
2025-04-08 22:55:51,435 - INFO - Retrieving data for NAT
2025-04-08 22:55:52,518 - INFO - Inserted/updated 3840 records for NAT
2025-04-08 22:55:52,122 - INFO - Retrieving data for IIM
2025-04-08 22:55:53,162 - INFO - Inserted/updated 3840 records for IIM
2025-04-08 22:55:54,165 - INFO - Retrieving data for NRP
2025-04-08 22:55:55,179 - INFO - Inserted/updated 3840 records for NRP
2025-04-08 22:55:56,183 - INFO - Retrieving data for BHK
2025-04-08 22:55:57,191 - INFO - Inserted/updated 3840 records for BHK
2025-04-08 22:55:58,194 - INFO - Retrieving data for AIO
2025-04-08 22:55:58,662 - INFO - Inserted/updated 1368 records for AIO
2025-04-08 22:55:59,690 - INFO - Retrieving data for TILE
2025-04-08 22:56:00,836 - INFO - Inserted/updated 3840 records for TILE
2025-04-08 22:56:01,837 - INFO - Retrieving data for EDN
2025-04-08 22:56:03,316 - INFO - Inserted/updated 3840 records for EDN
2025-04-08 22:56:04,318 - INFO - Retrieving data for CCD
2025-04-08 22:56:05,610 - INFO - Inserted/updated 2524 records for CCD
2025-04-08 22:56:06,611 - INFO - Retrieving data for IMVT
2025-04-08 22:56:07,143 - INFO - Inserted/updated 1332 records for IMVT
2025-04-08 22:56:08,145 - INFO - Retrieving data for CRF
2025-04-08 22:56:09,192 - INFO - Inserted/updated 3840 records for CRF
2025-04-08 22:56:10,194 - INFO - Retrieving data for TIGR
2025-04-08 22:56:10,777 - INFO - Inserted/updated 1523 records for TIGR
2025-04-08 22:56:11,780 - INFO - Retrieving data for NGD
2025-04-08 22:56:12,824 - INFO - Inserted/updated 3840 records for NGD
2025-04-08 22:56:13,828 - INFO - Retrieving data for LQDT
2025-04-08 22:56:14,838 - INFO - Inserted/updated 3840 records for LQDT
2025-04-08 22:56:15,847 - INFO - Retrieving data for LDP
2025-04-08 22:56:16,778 - INFO - Inserted/updated 3192 records for LDP
2025-04-08 22:56:17,781 - INFO - Retrieving data for AEVA
2025-04-08 22:56:18,322 - INFO - Inserted/updated 1286 records for AEVA
2025-04-08 22:56:19,323 - INFO - Retrieving data for PAHC
2025-04-08 22:56:20,141 - INFO - Inserted/updated 2765 records for PAHC
2025-04-08 22:56:21,155 - INFO - Retrieving data for FARO
2025-04-08 22:56:22,172 - INFO - Inserted/updated 3840 records for FARO
2025-04-08 22:56:23,174 - INFO - Retrieving data for ETD
2025-04-08 22:56:22,811 - INFO - Inserted/updated 3840 records for ETD
2025-04-08 22:56:23,815 - INFO - Retrieving data for PFN
2025-04-08 22:56:24,791 - INFO - Inserted/updated 3840 records for PFN
2025-04-08 22:56:25,793 - INFO - Retrieving data for SMWB
2025-04-08 22:56:26,313 - INFO - Inserted/updated 982 records for SMWB
2025-04-08 22:56:27,333 - INFO - Retrieving data for IPSC
2025-04-08 22:56:27,728 - INFO - Inserted/updated 956 records for IPSC
2025-04-08 22:56:28,728 - INFO - Retrieving data for KELYA
2025-04-08 22:56:29,882 - INFO - Inserted/updated 3840 records for KELYA
2025-04-08 22:56:30,885 - INFO - Retrieving data for CSV
2025-04-08 22:56:31,918 - INFO - Inserted/updated 3840 records for CSV
2025-04-08 22:56:32,920 - INFO - Retrieving data for VVR
2025-04-08 22:56:33,946 - INFO - Inserted/updated 3840 records for VVR
2025-04-08 22:56:34,949 - INFO - Retrieving data for IAG
2025-04-08 22:56:35,944 - INFO - Inserted/updated 3840 records for IAG
2025-04-08 22:56:36,948 - INFO - Retrieving data for ALT
2025-04-08 22:56:37,974 - INFO - Inserted/updated 3840 records for ALT
2025-04-08 22:56:38,976 - INFO - Retrieving data for CGEM
2025-04-08 22:56:39,420 - INFO - Inserted/updated 1067 records for CGEM
2025-04-08 22:56:40,422 - INFO - Retrieving data for SWBI
2025-04-08 22:56:41,760 - INFO - Inserted/updated 3840 records for SWBI
2025-04-08 22:56:42,763 - INFO - Retrieving data for AVIR
2025-04-08 22:56:43,243 - INFO - Inserted/updated 1114 records for AVIR
2025-04-08 22:56:44,244 - INFO - Retrieving data for HCAT
2025-04-08 22:56:44,731 - INFO - Inserted/updated 1435 records for HCAT
2025-04-08 22:56:45,732 - INFO - Retrieving data for BIRD
2025-04-08 22:56:46,099 - INFO - Inserted/updated 860 records for BIRD
2025-04-08 22:56:47,100 - INFO - Retrieving data for THR
2025-04-08 22:56:48,013 - INFO - Inserted/updated 3503 records for THR
2025-04-08 22:56:49,018 - INFO - Retrieving data for HCKT
2025-04-08 22:56:50,017 - INFO - Inserted/updated 3840 records for HCKT
2025-04-08 22:56:51,028 - INFO - Retrieving data for VNDA
2025-04-08 22:56:52,269 - INFO - Inserted/updated 3840 records for VNDA
2025-04-08 22:56:53,271 - INFO - Retrieving data for EOLS
2025-04-08 22:56:53,821 - INFO - Inserted/updated 1801 records for EOLS
2025-04-08 22:56:54,824 - INFO - Retrieving data for PGEN
2025-04-08 22:56:54,224 - INFO - Inserted/updated 2935 records for PGEN
2025-04-08 22:56:55,236 - INFO - Retrieving data for LND
2025-04-08 22:56:56,124 - INFO - Inserted/updated 3244 records for LND
2025-04-08 22:56:57,129 - INFO - Retrieving data for CAN
2025-04-08 22:56:57,671 - INFO - Inserted/updated 1352 records for CAN
2025-04-08 22:56:58,675 - INFO - Retrieving data for JOUT
2025-04-08 22:56:59,708 - INFO - Inserted/updated 3840 records for JOUT
2025-04-08 22:57:00,715 - INFO - Retrieving data for TRNS
2025-04-08 22:57:02,338 - INFO - Inserted/updated 3840 records for TRNS
2025-04-08 22:57:03,351 - INFO - Retrieving data for INBX
2025-04-08 22:57:04,108 - INFO - Inserted/updated 216 records for INBX
2025-04-08 22:57:05,117 - INFO - Retrieving data for NXDT
2025-04-08 22:57:05,491 - INFO - Inserted/updated 857 records for NXDT
2025-04-08 22:57:06,501 - INFO - Retrieving data for SJT
2025-04-08 22:57:08,468 - INFO - Inserted/updated 3840 records for SJT
2025-04-08 22:57:09,471 - INFO - Retrieving data for ONL
2025-04-08 22:57:10,014 - INFO - Inserted/updated 852 records for ONL
2025-04-08 22:57:11,015 - INFO - Retrieving data for SMRT
2025-04-08 22:57:11,637 - INFO - Inserted/updated 1048 records for SMRT
2025-04-08 22:57:12,638 - INFO - Retrieving data for TPIC
2025-04-08 22:57:14,055 - INFO - Inserted/updated 2191 records for TPIC
2025-04-08 22:57:15,059 - INFO - Retrieving data for NOTV
2025-04-08 22:57:16,097 - INFO - Inserted/updated 3840 records for NOTV
2025-04-08 22:57:17,100 - INFO - Retrieving data for CCCC
2025-04-08 22:57:17,533 - INFO - Inserted/updated 1134 records for CCCC
2025-04-08 22:57:18,541 - INFO - Retrieving data for CARA
2025-04-08 22:57:19,367 - INFO - Inserted/updated 2814 records for CARA
2025-04-08 22:57:20,371 - INFO - Retrieving data for DIAX
2025-04-08 22:57:21,078 - INFO - Inserted/updated 2601 records for DIAX
2025-04-08 22:57:22,091 - INFO - Retrieving data for MSBI
2025-04-08 22:57:22,768 - INFO - Inserted/updated 2232 records for MSBI
2025-04-08 22:57:23,778 - INFO - Retrieving data for DPG
2025-04-08 22:57:24,692 - INFO - Inserted/updated 3443 records for DPG
2025-04-08 22:57:25,695 - INFO - Retrieving data for JANX
2025-04-08 22:57:24,697 - INFO - Inserted/updated 961 records for JANX
2025-04-08 22:57:25,698 - INFO - Retrieving data for IRS
2025-04-08 22:57:26,787 - INFO - Inserted/updated 3840 records for IRS
2025-04-08 22:57:27,792 - INFO - Retrieving data for MRSN
2025-04-08 22:57:28,399 - INFO - Inserted/updated 1956 records for MRSN
2025-04-08 22:57:29,405 - INFO - Retrieving data for THW
2025-04-08 22:57:30,166 - INFO - Inserted/updated 2461 records for THW
2025-04-08 22:57:31,262 - INFO - Retrieving data for TTI
2025-04-08 22:57:32,531 - INFO - Inserted/updated 3840 records for TTI
2025-04-08 22:57:33,534 - INFO - Retrieving data for DX
2025-04-08 22:57:34,593 - INFO - Inserted/updated 3840 records for DX
2025-04-08 22:57:35,622 - INFO - Retrieving data for ALVR
2025-04-08 22:57:36,088 - INFO - Inserted/updated 1179 records for ALVR
2025-04-08 22:57:37,111 - INFO - Retrieving data for CCBG
2025-04-08 22:57:38,239 - INFO - Inserted/updated 3840 records for CCBG
2025-04-08 22:57:39,241 - INFO - Retrieving data for RPTX
2025-04-08 22:57:39,711 - INFO - Inserted/updated 1207 records for RPTX
2025-04-08 22:57:40,720 - INFO - Retrieving data for IIIN
2025-04-08 22:57:41,851 - INFO - Inserted/updated 3840 records for IIIN
2025-04-08 22:57:42,856 - INFO - Retrieving data for FCBC
2025-04-08 22:57:43,881 - INFO - Inserted/updated 3840 records for FCBC
2025-04-08 22:57:44,883 - INFO - Retrieving data for TRVG
2025-04-08 22:57:45,546 - INFO - Inserted/updated 2088 records for TRVG
2025-04-08 22:57:46,548 - INFO - Retrieving data for EMD
2025-04-08 22:57:47,626 - INFO - Inserted/updated 3840 records for EMD
2025-04-08 22:57:48,629 - INFO - Retrieving data for HYLN
2025-04-08 22:57:49,129 - INFO - Inserted/updated 1499 records for HYLN
2025-04-08 22:57:50,131 - INFO - Retrieving data for YALA
2025-04-08 22:57:50,580 - INFO - Inserted/updated 1136 records for YALA
2025-04-08 22:57:51,592 - INFO - Retrieving data for PCN
2025-04-08 22:57:52,627 - INFO - Inserted/updated 3840 records for PCN
2025-04-08 22:57:53,629 - INFO - Retrieving data for DHIL
2025-04-08 22:57:54,647 - INFO - Inserted/updated 3840 records for DHIL
2025-04-08 22:57:55,649 - INFO - Retrieving data for CLAR
2025-04-08 22:57:55,294 - INFO - Inserted/updated 3840 records for CLAR
2025-04-08 22:57:56,296 - INFO - Retrieving data for FTHY
2025-04-08 22:57:56,765 - INFO - Inserted/updated 1202 records for FTHY
2025-04-08 22:57:57,779 - INFO - Retrieving data for KC
2025-04-08 22:57:58,237 - INFO - Inserted/updated 1236 records for KC
2025-04-08 22:57:59,238 - INFO - Retrieving data for ZUMZ
2025-04-08 22:58:00,281 - INFO - Inserted/updated 3840 records for ZUMZ
2025-04-08 22:58:01,284 - INFO - Retrieving data for BME
2025-04-08 22:58:03,391 - INFO - Inserted/updated 3840 records for BME
2025-04-08 22:58:04,392 - INFO - Retrieving data for VGM
2025-04-08 22:58:06,586 - INFO - Inserted/updated 3840 records for VGM
2025-04-08 22:58:07,592 - INFO - Retrieving data for BZUN
2025-04-08 22:58:08,418 - INFO - Inserted/updated 2486 records for BZUN
2025-04-08 22:58:09,419 - INFO - Retrieving data for MX
2025-04-08 22:58:10,349 - INFO - Inserted/updated 3541 records for MX
2025-04-08 22:58:11,351 - INFO - Retrieving data for SFIX
2025-04-08 22:58:11,938 - INFO - Inserted/updated 1856 records for SFIX
2025-04-08 22:58:13,253 - INFO - Retrieving data for VKQ
2025-04-08 22:58:14,322 - INFO - Inserted/updated 3840 records for VKQ
2025-04-08 22:58:15,326 - INFO - Retrieving data for CCB
2025-04-08 22:58:16,128 - INFO - Inserted/updated 1691 records for CCB
2025-04-08 22:58:17,165 - INFO - Retrieving data for GTE
2025-04-08 22:58:18,297 - INFO - Inserted/updated 3840 records for GTE
2025-04-08 22:58:19,301 - INFO - Retrieving data for AGX
2025-04-08 22:58:20,557 - INFO - Inserted/updated 3840 records for AGX
2025-04-08 22:58:21,559 - INFO - Retrieving data for ADMA
2025-04-08 22:58:22,355 - INFO - Inserted/updated 2886 records for ADMA
2025-04-08 22:58:23,358 - INFO - Retrieving data for HSII
2025-04-08 22:58:24,534 - INFO - Inserted/updated 3840 records for HSII
2025-04-08 22:58:25,539 - INFO - Retrieving data for FRPH
2025-04-08 22:58:26,557 - INFO - Inserted/updated 3840 records for FRPH
2025-04-08 22:58:26,158 - INFO - Retrieving data for SEER
2025-04-08 22:58:26,659 - INFO - Inserted/updated 1090 records for SEER
2025-04-08 22:58:27,661 - INFO - Retrieving data for KNOP
2025-04-08 22:58:28,505 - INFO - Inserted/updated 3019 records for KNOP
2025-04-08 22:58:29,507 - INFO - Retrieving data for CDXS
2025-04-08 22:58:30,468 - INFO - Inserted/updated 3765 records for CDXS
2025-04-08 22:58:31,470 - INFO - Retrieving data for GGN
2025-04-08 22:58:32,514 - INFO - Inserted/updated 3840 records for GGN
2025-04-08 22:58:33,517 - INFO - Retrieving data for EBF
2025-04-08 22:58:34,590 - INFO - Inserted/updated 3840 records for EBF
2025-04-08 22:58:35,593 - INFO - Retrieving data for SRG
2025-04-08 22:58:36,399 - INFO - Inserted/updated 2456 records for SRG
2025-04-08 22:58:37,403 - INFO - Retrieving data for DESP
2025-04-08 22:58:38,032 - INFO - Inserted/updated 1898 records for DESP
2025-04-08 22:58:39,036 - INFO - Retrieving data for KZR
2025-04-08 22:58:39,652 - INFO - Inserted/updated 1709 records for KZR
2025-04-08 22:58:40,654 - INFO - Retrieving data for AROW
2025-04-08 22:58:41,764 - INFO - Inserted/updated 3840 records for AROW
2025-04-08 22:58:42,767 - INFO - Retrieving data for TBLA
2025-04-08 22:58:43,158 - INFO - Inserted/updated 948 records for TBLA
2025-04-08 22:58:44,160 - INFO - Retrieving data for MASS
2025-04-08 22:58:44,632 - INFO - Inserted/updated 1080 records for MASS
2025-04-08 22:58:45,639 - INFO - Retrieving data for ARTNA
2025-04-08 22:58:46,716 - INFO - Inserted/updated 3840 records for ARTNA
2025-04-08 22:58:47,726 - INFO - Retrieving data for HBT
2025-04-08 22:58:48,216 - INFO - Inserted/updated 1380 records for HBT
2025-04-08 22:58:49,218 - INFO - Retrieving data for HCI
2025-04-08 22:58:50,239 - INFO - Inserted/updated 3840 records for HCI
2025-04-08 22:58:51,243 - INFO - Retrieving data for DCO
2025-04-08 22:58:52,362 - INFO - Inserted/updated 3840 records for DCO
2025-04-08 22:58:53,364 - INFO - Retrieving data for OPRA
2025-04-08 22:58:53,987 - INFO - Inserted/updated 1684 records for OPRA
2025-04-08 22:58:55,009 - INFO - Retrieving data for LIND
2025-04-08 22:58:55,691 - INFO - Inserted/updated 2453 records for LIND
2025-04-08 22:58:56,693 - INFO - Retrieving data for FBRT
2025-04-08 22:58:57,105 - INFO - Inserted/updated 871 records for FBRT
2025-04-08 22:58:58,107 - INFO - Retrieving data for SXC
2025-04-08 22:58:57,579 - INFO - Inserted/updated 3450 records for SXC
2025-04-08 22:58:58,582 - INFO - Retrieving data for ACCO
2025-04-08 22:58:59,679 - INFO - Inserted/updated 3840 records for ACCO
2025-04-08 22:59:00,686 - INFO - Retrieving data for PEO
2025-04-08 22:59:01,719 - INFO - Inserted/updated 3840 records for PEO
2025-04-08 22:59:02,721 - INFO - Retrieving data for NUVB
2025-04-08 22:59:03,349 - INFO - Inserted/updated 1162 records for NUVB
2025-04-08 22:59:04,350 - INFO - Retrieving data for IQI
2025-04-08 22:59:05,450 - INFO - Inserted/updated 3839 records for IQI
2025-04-08 22:59:06,456 - INFO - Retrieving data for BLE
2025-04-08 22:59:07,524 - INFO - Inserted/updated 3840 records for BLE
2025-04-08 22:59:08,528 - INFO - Retrieving data for ALXO
2025-04-08 22:59:09,083 - INFO - Inserted/updated 1188 records for ALXO
2025-04-08 22:59:10,087 - INFO - Retrieving data for OLP
2025-04-08 22:59:11,332 - INFO - Inserted/updated 3840 records for OLP
2025-04-08 22:59:12,334 - INFO - Retrieving data for VIVK
2025-04-08 22:59:13,010 - INFO - Inserted/updated 2214 records for VIVK
2025-04-08 22:59:14,012 - INFO - Retrieving data for WKHS
2025-04-08 22:59:14,758 - INFO - Inserted/updated 2679 records for WKHS
2025-04-08 22:59:15,764 - INFO - Retrieving data for SKLZ
2025-04-08 22:59:16,232 - INFO - Inserted/updated 1245 records for SKLZ
2025-04-08 22:59:17,234 - INFO - Retrieving data for BHIL
2025-04-08 22:59:17,667 - INFO - Inserted/updated 875 records for BHIL
2025-04-08 22:59:18,668 - INFO - Retrieving data for PLCE
2025-04-08 22:59:19,627 - INFO - Inserted/updated 3840 records for PLCE
2025-04-08 22:59:20,630 - INFO - Retrieving data for MCBS
2025-04-08 22:59:21,229 - INFO - Inserted/updated 2067 records for MCBS
2025-04-08 22:59:22,232 - INFO - Retrieving data for BGB
2025-04-08 22:59:23,111 - INFO - Inserted/updated 3151 records for BGB
2025-04-08 22:59:24,113 - INFO - Retrieving data for GEVO
2025-04-08 22:59:25,087 - INFO - Inserted/updated 3562 records for GEVO
2025-04-08 22:59:26,091 - INFO - Retrieving data for CASS
2025-04-08 22:59:26,993 - INFO - Inserted/updated 3840 records for CASS
2025-04-08 22:59:27,995 - INFO - Retrieving data for MBWM
2025-04-08 22:59:29,065 - INFO - Inserted/updated 3840 records for MBWM
2025-04-08 22:59:28,666 - INFO - Retrieving data for HIPO
2025-04-08 22:59:29,118 - INFO - Inserted/updated 925 records for HIPO
2025-04-08 22:59:30,118 - INFO - Retrieving data for FSBC
2025-04-08 22:59:30,546 - INFO - Inserted/updated 988 records for FSBC
2025-04-08 22:59:31,549 - INFO - Retrieving data for MCS
2025-04-08 22:59:32,524 - INFO - Inserted/updated 3840 records for MCS
2025-04-08 22:59:33,526 - INFO - Retrieving data for EXK
2025-04-08 22:59:34,546 - INFO - Inserted/updated 3840 records for EXK
2025-04-08 22:59:35,548 - INFO - Retrieving data for SBFM
2025-04-08 22:59:36,468 - INFO - Inserted/updated 3809 records for SBFM
2025-04-08 22:59:37,471 - INFO - Retrieving data for HY
2025-04-08 22:59:38,292 - INFO - Inserted/updated 3148 records for HY
2025-04-08 22:59:39,297 - INFO - Retrieving data for SRI
2025-04-08 22:59:40,325 - INFO - Inserted/updated 3840 records for SRI
2025-04-08 22:59:41,327 - INFO - Retrieving data for EQBK
2025-04-08 22:59:42,009 - INFO - Inserted/updated 2365 records for EQBK
2025-04-08 22:59:43,010 - INFO - Retrieving data for BGY
2025-04-08 22:59:44,041 - INFO - Inserted/updated 3840 records for BGY
2025-04-08 22:59:45,045 - INFO - Retrieving data for BLUE
2025-04-08 22:59:45,897 - INFO - Inserted/updated 2969 records for BLUE
2025-04-08 22:59:46,900 - INFO - Retrieving data for BMRC
2025-04-08 22:59:47,942 - INFO - Inserted/updated 3840 records for BMRC
2025-04-08 22:59:48,945 - INFO - Retrieving data for VRDN
2025-04-08 22:59:49,716 - INFO - Inserted/updated 2719 records for VRDN
2025-04-08 22:59:50,729 - INFO - Retrieving data for RWAY
2025-04-08 22:59:51,092 - INFO - Inserted/updated 869 records for RWAY
2025-04-08 22:59:52,093 - INFO - Retrieving data for ITRN
2025-04-08 22:59:53,080 - INFO - Inserted/updated 3840 records for ITRN
2025-04-08 22:59:54,086 - INFO - Retrieving data for HRTX
2025-04-08 22:59:55,107 - INFO - Inserted/updated 3840 records for HRTX
2025-04-08 22:59:56,116 - INFO - Retrieving data for DXPE
2025-04-08 22:59:57,166 - INFO - Inserted/updated 3840 records for DXPE
2025-04-08 22:59:58,170 - INFO - Retrieving data for MAX
2025-04-08 22:59:58,648 - INFO - Inserted/updated 1116 records for MAX
2025-04-08 22:59:59,758 - INFO - Retrieving data for GCBC
2025-04-08 22:59:59,345 - INFO - Inserted/updated 3840 records for GCBC
2025-04-08 23:00:00,350 - INFO - Retrieving data for LDI
2025-04-08 23:00:00,809 - INFO - Inserted/updated 1044 records for LDI
2025-04-08 23:00:01,816 - INFO - Retrieving data for MMD
2025-04-08 23:00:03,233 - INFO - Inserted/updated 3188 records for MMD
2025-04-08 23:00:04,234 - INFO - Retrieving data for SPFI
2025-04-08 23:00:04,790 - INFO - Inserted/updated 1488 records for SPFI
2025-04-08 23:00:05,794 - INFO - Retrieving data for RBOT
2025-04-08 23:00:07,316 - INFO - Inserted/updated 1153 records for RBOT
2025-04-08 23:00:08,319 - INFO - Retrieving data for VITL
2025-04-08 23:00:08,765 - INFO - Inserted/updated 1178 records for VITL
2025-04-08 23:00:09,783 - INFO - Retrieving data for AMRN
2025-04-08 23:00:10,992 - INFO - Inserted/updated 3840 records for AMRN
2025-04-08 23:00:12,040 - INFO - Retrieving data for NXJ
2025-04-08 23:00:13,103 - INFO - Inserted/updated 3840 records for NXJ
2025-04-08 23:00:14,117 - INFO - Retrieving data for HPS
2025-04-08 23:00:15,118 - INFO - Inserted/updated 3840 records for HPS
2025-04-08 23:00:16,123 - INFO - Retrieving data for BWB
2025-04-08 23:00:16,693 - INFO - Inserted/updated 1778 records for BWB
2025-04-08 23:00:17,699 - INFO - Retrieving data for MYD
2025-04-08 23:00:19,573 - INFO - Inserted/updated 3840 records for MYD
2025-04-08 23:00:20,575 - INFO - Retrieving data for KOD
2025-04-08 23:00:21,114 - INFO - Inserted/updated 1636 records for KOD
2025-04-08 23:00:22,122 - INFO - Retrieving data for UK
2025-04-08 23:00:22,577 - INFO - Inserted/updated 1101 records for UK
2025-04-08 23:00:23,577 - INFO - Retrieving data for CIO
2025-04-08 23:00:24,404 - INFO - Inserted/updated 2763 records for CIO
2025-04-08 23:00:25,405 - INFO - Retrieving data for VSEC
2025-04-08 23:00:26,430 - INFO - Inserted/updated 3840 records for VSEC
2025-04-08 23:00:27,432 - INFO - Retrieving data for AXGN
2025-04-08 23:00:28,456 - INFO - Inserted/updated 3840 records for AXGN
2025-04-08 23:00:29,526 - INFO - Retrieving data for KE
2025-04-08 23:00:30,259 - INFO - Inserted/updated 2623 records for KE
2025-04-08 23:00:29,973 - INFO - Retrieving data for GUT
2025-04-08 23:00:31,075 - INFO - Inserted/updated 3840 records for GUT
2025-04-08 23:00:32,232 - INFO - Retrieving data for NEWT
2025-04-08 23:00:33,309 - INFO - Inserted/updated 3840 records for NEWT
2025-04-08 23:00:34,337 - INFO - Retrieving data for WSR
2025-04-08 23:00:35,273 - INFO - Inserted/updated 3677 records for WSR
2025-04-08 23:00:36,274 - INFO - Retrieving data for CVLG
2025-04-08 23:00:37,355 - INFO - Inserted/updated 3840 records for CVLG
2025-04-08 23:00:38,362 - INFO - Retrieving data for NBB
2025-04-08 23:00:39,356 - INFO - Inserted/updated 3761 records for NBB
2025-04-08 23:00:40,358 - INFO - Retrieving data for ONEW
2025-04-08 23:00:40,825 - INFO - Inserted/updated 1299 records for ONEW
2025-04-08 23:00:41,838 - INFO - Retrieving data for VUZI
2025-04-08 23:00:42,841 - INFO - Inserted/updated 3778 records for VUZI
2025-04-08 23:00:43,843 - INFO - Retrieving data for LASR
2025-04-08 23:00:44,463 - INFO - Inserted/updated 1748 records for LASR
2025-04-08 23:00:45,464 - INFO - Retrieving data for DDI
2025-04-08 23:00:45,891 - INFO - Inserted/updated 905 records for DDI
2025-04-08 23:00:46,893 - INFO - Retrieving data for API
2025-04-08 23:00:47,344 - INFO - Inserted/updated 1202 records for API
2025-04-08 23:00:48,398 - INFO - Retrieving data for AKYA
2025-04-08 23:00:48,808 - INFO - Inserted/updated 1000 records for AKYA
2025-04-08 23:00:49,820 - INFO - Retrieving data for BUI
2025-04-08 23:00:50,665 - INFO - Inserted/updated 3362 records for BUI
2025-04-08 23:00:51,720 - INFO - Retrieving data for NKTX
2025-04-08 23:00:52,176 - INFO - Inserted/updated 1193 records for NKTX
2025-04-08 23:00:53,178 - INFO - Retrieving data for JFR
2025-04-08 23:00:54,222 - INFO - Inserted/updated 3840 records for JFR
2025-04-08 23:00:55,224 - INFO - Retrieving data for OCUL
2025-04-08 23:00:55,941 - INFO - Inserted/updated 2693 records for OCUL
2025-04-08 23:00:56,948 - INFO - Retrieving data for XPOF
2025-04-08 23:00:57,342 - INFO - Inserted/updated 932 records for XPOF
2025-04-08 23:00:58,344 - INFO - Retrieving data for KOP
2025-04-08 23:00:59,367 - INFO - Inserted/updated 3840 records for KOP
2025-04-08 23:01:00,374 - INFO - Retrieving data for BLW
2025-04-08 23:01:01,397 - INFO - Inserted/updated 3840 records for BLW
2025-04-08 23:01:01,000 - INFO - Retrieving data for FMNB
2025-04-08 23:01:03,442 - INFO - Inserted/updated 3840 records for FMNB
2025-04-08 23:01:04,452 - INFO - Retrieving data for PFLT
2025-04-08 23:01:06,276 - INFO - Inserted/updated 3521 records for PFLT
2025-04-08 23:01:07,419 - INFO - Retrieving data for CMBM
2025-04-08 23:01:07,918 - INFO - Inserted/updated 1455 records for CMBM
2025-04-08 23:01:08,919 - INFO - Retrieving data for AVTX
2025-04-08 23:01:09,609 - INFO - Inserted/updated 2362 records for AVTX
2025-04-08 23:01:10,611 - INFO - Retrieving data for IFN
2025-04-08 23:01:11,853 - INFO - Inserted/updated 3840 records for IFN
2025-04-08 23:01:12,855 - INFO - Retrieving data for MKFG
2025-04-08 23:01:13,339 - INFO - Inserted/updated 1130 records for MKFG
2025-04-08 23:01:14,341 - INFO - Retrieving data for OCGN
2025-04-08 23:01:15,057 - INFO - Inserted/updated 2602 records for OCGN
2025-04-08 23:01:16,063 - INFO - Retrieving data for AIRS
2025-04-08 23:01:16,554 - INFO - Inserted/updated 863 records for AIRS
2025-04-08 23:01:17,557 - INFO - Retrieving data for HVT
2025-04-08 23:01:18,773 - INFO - Inserted/updated 3840 records for HVT
2025-04-08 23:01:19,776 - INFO - Retrieving data for MOFG
2025-04-08 23:01:20,768 - INFO - Inserted/updated 3840 records for MOFG
2025-04-08 23:01:21,804 - INFO - Retrieving data for DRD
2025-04-08 23:01:22,849 - INFO - Inserted/updated 3840 records for DRD
2025-04-08 23:01:23,853 - INFO - Retrieving data for ESPR
2025-04-08 23:01:24,682 - INFO - Inserted/updated 2965 records for ESPR
2025-04-08 23:01:25,686 - INFO - Retrieving data for MUC
2025-04-08 23:01:26,742 - INFO - Inserted/updated 3840 records for MUC
2025-04-08 23:01:27,745 - INFO - Retrieving data for ASTS
2025-04-08 23:01:28,238 - INFO - Inserted/updated 1365 records for ASTS
2025-04-08 23:01:29,239 - INFO - Retrieving data for WDH
2025-04-08 23:01:29,681 - INFO - Inserted/updated 985 records for WDH
2025-04-08 23:01:30,684 - INFO - Retrieving data for PBI
2025-04-08 23:01:31,685 - INFO - Inserted/updated 3840 records for PBI
2025-04-08 23:01:31,287 - INFO - Retrieving data for GAIN
2025-04-08 23:01:32,328 - INFO - Inserted/updated 3840 records for GAIN
2025-04-08 23:01:33,331 - INFO - Retrieving data for MPB
2025-04-08 23:01:34,362 - INFO - Inserted/updated 3840 records for MPB
2025-04-08 23:01:35,405 - INFO - Retrieving data for GPMT
2025-04-08 23:01:36,002 - INFO - Inserted/updated 1959 records for GPMT
2025-04-08 23:01:37,002 - INFO - Retrieving data for EZPW
2025-04-08 23:01:38,032 - INFO - Inserted/updated 3840 records for EZPW
2025-04-08 23:01:39,035 - INFO - Retrieving data for GHY
2025-04-08 23:01:39,846 - INFO - Inserted/updated 3091 records for GHY
2025-04-08 23:01:40,848 - INFO - Retrieving data for CRMT
2025-04-08 23:01:41,929 - INFO - Inserted/updated 3840 records for CRMT
2025-04-08 23:01:42,930 - INFO - Retrieving data for BFST
2025-04-08 23:01:43,538 - INFO - Inserted/updated 1759 records for BFST
2025-04-08 23:01:44,540 - INFO - Retrieving data for SMBC
2025-04-08 23:01:45,761 - INFO - Inserted/updated 3840 records for SMBC
2025-04-08 23:01:46,763 - INFO - Retrieving data for VCV
2025-04-08 23:01:47,859 - INFO - Inserted/updated 3840 records for VCV
2025-04-08 23:01:48,863 - INFO - Retrieving data for NPK
2025-04-08 23:01:49,918 - INFO - Inserted/updated 3840 records for NPK
2025-04-08 23:01:50,920 - INFO - Retrieving data for HPI
2025-04-08 23:01:52,053 - INFO - Inserted/updated 3840 records for HPI
2025-04-08 23:01:53,057 - INFO - Retrieving data for ORGO
2025-04-08 23:01:53,705 - INFO - Inserted/updated 2076 records for ORGO
2025-04-08 23:01:54,708 - INFO - Retrieving data for BFK
2025-04-08 23:01:55,748 - INFO - Inserted/updated 3840 records for BFK
2025-04-08 23:01:56,750 - INFO - Retrieving data for FDUS
2025-04-08 23:01:57,662 - INFO - Inserted/updated 3471 records for FDUS
2025-04-08 23:01:58,664 - INFO - Retrieving data for VERA
2025-04-08 23:01:59,075 - INFO - Inserted/updated 980 records for VERA
2025-04-08 23:02:00,079 - INFO - Retrieving data for CARE
2025-04-08 23:02:00,941 - INFO - Inserted/updated 3156 records for CARE
2025-04-08 23:02:01,952 - INFO - Retrieving data for IIIV
2025-04-08 23:02:02,527 - INFO - Inserted/updated 1709 records for IIIV
2025-04-08 23:02:02,162 - INFO - Retrieving data for DSX
2025-04-08 23:02:03,304 - INFO - Inserted/updated 3840 records for DSX
2025-04-08 23:02:04,307 - INFO - Retrieving data for IDYA
2025-04-08 23:02:05,480 - INFO - Inserted/updated 1478 records for IDYA
2025-04-08 23:02:06,483 - INFO - Retrieving data for TCX
2025-04-08 23:02:07,549 - INFO - Inserted/updated 3840 records for TCX
2025-04-08 23:02:08,554 - INFO - Retrieving data for BVS
2025-04-08 23:02:09,025 - INFO - Inserted/updated 1044 records for BVS
2025-04-08 23:02:10,028 - INFO - Retrieving data for ARLO
2025-04-08 23:02:10,596 - INFO - Inserted/updated 1679 records for ARLO
2025-04-08 23:02:11,598 - INFO - Retrieving data for JPI
2025-04-08 23:02:12,458 - INFO - Inserted/updated 3193 records for JPI
2025-04-08 23:02:13,469 - INFO - Retrieving data for TRDA
2025-04-08 23:02:13,837 - INFO - Inserted/updated 863 records for TRDA
2025-04-08 23:02:14,838 - INFO - Retrieving data for EWTX
2025-04-08 23:02:15,243 - INFO - Inserted/updated 1014 records for EWTX
2025-04-08 23:02:16,307 - INFO - Retrieving data for AEHR
2025-04-08 23:02:17,436 - INFO - Inserted/updated 3840 records for AEHR
2025-04-08 23:02:18,438 - INFO - Retrieving data for AVK
2025-04-08 23:02:19,585 - INFO - Inserted/updated 3840 records for AVK
2025-04-08 23:02:20,601 - INFO - Retrieving data for ATLC
2025-04-08 23:02:21,700 - INFO - Inserted/updated 3840 records for ATLC
2025-04-08 23:02:22,701 - INFO - Retrieving data for MVF
2025-04-08 23:02:23,740 - INFO - Inserted/updated 3840 records for MVF
2025-04-08 23:02:24,861 - INFO - Retrieving data for PETS
2025-04-08 23:02:25,901 - INFO - Inserted/updated 3840 records for PETS
2025-04-08 23:02:26,903 - INFO - Retrieving data for DGICA
2025-04-08 23:02:27,887 - INFO - Inserted/updated 3840 records for DGICA
2025-04-08 23:02:28,889 - INFO - Retrieving data for PNTG
2025-04-08 23:02:29,394 - INFO - Inserted/updated 1388 records for PNTG
2025-04-08 23:02:30,396 - INFO - Retrieving data for VSTA
2025-04-08 23:02:30,855 - INFO - Inserted/updated 1178 records for VSTA
2025-04-08 23:02:31,862 - INFO - Retrieving data for FCUV
2025-04-08 23:02:32,337 - INFO - Inserted/updated 1324 records for FCUV
2025-04-08 23:02:33,371 - INFO - Retrieving data for MMU
2025-04-08 23:02:33,053 - INFO - Inserted/updated 3840 records for MMU
2025-04-08 23:02:34,096 - INFO - Retrieving data for ASPN
2025-04-08 23:02:34,895 - INFO - Inserted/updated 2722 records for ASPN
2025-04-08 23:02:35,931 - INFO - Retrieving data for INO
2025-04-08 23:02:36,958 - INFO - Inserted/updated 3840 records for INO
2025-04-08 23:02:37,972 - INFO - Retrieving data for RGC
2025-04-08 23:02:38,387 - INFO - Inserted/updated 937 records for RGC
2025-04-08 23:02:39,410 - INFO - Retrieving data for ILPT
2025-04-08 23:02:39,979 - INFO - Inserted/updated 1819 records for ILPT
2025-04-08 23:02:40,980 - INFO - Retrieving data for CCNE
2025-04-08 23:02:41,990 - INFO - Inserted/updated 3840 records for CCNE
2025-04-08 23:02:42,994 - INFO - Retrieving data for RBBN
2025-04-08 23:02:43,542 - INFO - Inserted/updated 1849 records for RBBN
2025-04-08 23:02:44,549 - INFO - Retrieving data for VPG
2025-04-08 23:02:45,516 - INFO - Inserted/updated 3722 records for VPG
2025-04-08 23:02:46,525 - INFO - Retrieving data for RMNI
2025-04-08 23:02:47,209 - INFO - Inserted/updated 2417 records for RMNI
2025-04-08 23:02:48,210 - INFO - Retrieving data for MUI
2025-04-08 23:02:49,236 - INFO - Inserted/updated 3804 records for MUI
2025-04-08 23:02:50,253 - INFO - Retrieving data for DOYU
2025-04-08 23:02:50,740 - INFO - Inserted/updated 1441 records for DOYU
2025-04-08 23:02:51,801 - INFO - Retrieving data for RLYB
2025-04-08 23:02:52,177 - INFO - Inserted/updated 928 records for RLYB
2025-04-08 23:02:53,181 - INFO - Retrieving data for TPB
2025-04-08 23:02:53,866 - INFO - Inserted/updated 2241 records for TPB
2025-04-08 23:02:54,899 - INFO - Retrieving data for PNNT
2025-04-08 23:02:55,873 - INFO - Inserted/updated 3840 records for PNNT
2025-04-08 23:02:56,875 - INFO - Retrieving data for TREE
2025-04-08 23:02:57,819 - INFO - Inserted/updated 3840 records for TREE
2025-04-08 23:02:58,829 - INFO - Retrieving data for ARCT
2025-04-08 23:02:59,652 - INFO - Inserted/updated 2989 records for ARCT
2025-04-08 23:03:00,655 - INFO - Retrieving data for NQP
2025-04-08 23:03:01,783 - INFO - Inserted/updated 3840 records for NQP
2025-04-08 23:03:02,785 - INFO - Retrieving data for SRDX
2025-04-08 23:03:03,797 - INFO - Inserted/updated 3840 records for SRDX
2025-04-08 23:03:04,946 - INFO - Retrieving data for DSU
2025-04-08 23:03:05,312 - INFO - Inserted/updated 3840 records for DSU
2025-04-08 23:03:06,314 - INFO - Retrieving data for ETB
2025-04-08 23:03:07,365 - INFO - Inserted/updated 3840 records for ETB
2025-04-08 23:03:08,391 - INFO - Retrieving data for SENEA
2025-04-08 23:03:09,471 - INFO - Inserted/updated 3840 records for SENEA
2025-04-08 23:03:10,473 - INFO - Retrieving data for RMR
2025-04-08 23:03:11,256 - INFO - Inserted/updated 2342 records for RMR
2025-04-08 23:03:12,260 - INFO - Retrieving data for MUA
2025-04-08 23:03:13,328 - INFO - Inserted/updated 3840 records for MUA
2025-04-08 23:03:14,391 - INFO - Retrieving data for CHW
2025-04-08 23:03:15,464 - INFO - Inserted/updated 3840 records for CHW
2025-04-08 23:03:16,467 - INFO - Retrieving data for IGD
2025-04-08 23:03:17,445 - INFO - Inserted/updated 3840 records for IGD
2025-04-08 23:03:18,450 - INFO - Retrieving data for FLIC
2025-04-08 23:03:19,515 - INFO - Inserted/updated 3840 records for FLIC
2025-04-08 23:03:20,551 - INFO - Retrieving data for GTX
2025-04-08 23:03:21,085 - INFO - Inserted/updated 1649 records for GTX
2025-04-08 23:03:22,089 - INFO - Retrieving data for LXFR
2025-04-08 23:03:22,941 - INFO - Inserted/updated 3146 records for LXFR
2025-04-08 23:03:23,955 - INFO - Retrieving data for TRC
2025-04-08 23:03:24,970 - INFO - Inserted/updated 3840 records for TRC
2025-04-08 23:03:25,987 - INFO - Retrieving data for ONTF
2025-04-08 23:03:26,419 - INFO - Inserted/updated 1050 records for ONTF
2025-04-08 23:03:27,421 - INFO - Retrieving data for IBCP
2025-04-08 23:03:28,429 - INFO - Inserted/updated 3840 records for IBCP
2025-04-08 23:03:29,433 - INFO - Retrieving data for TNXP
2025-04-08 23:03:30,294 - INFO - Inserted/updated 3247 records for TNXP
2025-04-08 23:03:31,299 - INFO - Retrieving data for CNTA
2025-04-08 23:03:31,756 - INFO - Inserted/updated 970 records for CNTA
2025-04-08 23:03:32,759 - INFO - Retrieving data for FACT
2025-04-08 23:03:33,023 - INFO - Inserted/updated 73 records for FACT
2025-04-08 23:03:34,026 - INFO - Retrieving data for CSWC
2025-04-08 23:03:35,137 - INFO - Inserted/updated 3840 records for CSWC
2025-04-08 23:03:34,740 - INFO - Retrieving data for STK
2025-04-08 23:03:35,754 - INFO - Inserted/updated 3840 records for STK
2025-04-08 23:03:36,760 - INFO - Retrieving data for WSBF
2025-04-08 23:03:37,815 - INFO - Inserted/updated 3840 records for WSBF
2025-04-08 23:03:38,822 - INFO - Retrieving data for REPX
2025-04-08 23:03:39,832 - INFO - Inserted/updated 3840 records for REPX
2025-04-08 23:03:40,835 - INFO - Retrieving data for OFIX
2025-04-08 23:03:41,933 - INFO - Inserted/updated 3840 records for OFIX
2025-04-08 23:03:42,935 - INFO - Retrieving data for MITK
2025-04-08 23:03:43,969 - INFO - Inserted/updated 3840 records for MITK
2025-04-08 23:03:44,971 - INFO - Retrieving data for GNTY
2025-04-08 23:03:45,579 - INFO - Inserted/updated 1991 records for GNTY
2025-04-08 23:03:46,583 - INFO - Retrieving data for SOL
2025-04-08 23:03:47,640 - INFO - Inserted/updated 3840 records for SOL
2025-04-08 23:03:48,642 - INFO - Retrieving data for MYPS
2025-04-08 23:03:49,133 - INFO - Inserted/updated 1079 records for MYPS
2025-04-08 23:03:50,135 - INFO - Retrieving data for IMAB
2025-04-08 23:03:50,601 - INFO - Inserted/updated 1313 records for IMAB
2025-04-08 23:03:51,602 - INFO - Retrieving data for ATRA
2025-04-08 23:03:52,314 - INFO - Inserted/updated 2635 records for ATRA
2025-04-08 23:03:53,318 - INFO - Retrieving data for QSI
2025-04-08 23:03:53,780 - INFO - Inserted/updated 1104 records for QSI
2025-04-08 23:03:54,781 - INFO - Retrieving data for HUMA
2025-04-08 23:03:55,156 - INFO - Inserted/updated 908 records for HUMA
2025-04-08 23:03:56,160 - INFO - Retrieving data for VLN
2025-04-08 23:03:56,527 - INFO - Inserted/updated 883 records for VLN
2025-04-08 23:03:57,620 - INFO - Retrieving data for SMBK
2025-04-08 23:03:58,658 - INFO - Inserted/updated 3840 records for SMBK
2025-04-08 23:03:59,660 - INFO - Retrieving data for AURA
2025-04-08 23:04:00,019 - INFO - Inserted/updated 863 records for AURA
2025-04-08 23:04:01,020 - INFO - Retrieving data for MESO
2025-04-08 23:04:01,682 - INFO - Inserted/updated 2363 records for MESO
2025-04-08 23:04:02,683 - INFO - Retrieving data for EVN
2025-04-08 23:04:03,906 - INFO - Inserted/updated 3840 records for EVN
2025-04-08 23:04:04,912 - INFO - Retrieving data for KODK
2025-04-08 23:04:05,624 - INFO - Inserted/updated 2904 records for KODK
2025-04-08 23:04:06,627 - INFO - Retrieving data for BRDG
2025-04-08 23:04:05,745 - INFO - Inserted/updated 937 records for BRDG
2025-04-08 23:04:06,746 - INFO - Retrieving data for ADCT
2025-04-08 23:04:07,703 - INFO - Inserted/updated 1231 records for ADCT
2025-04-08 23:04:08,704 - INFO - Retrieving data for CMCM
2025-04-08 23:04:09,587 - INFO - Inserted/updated 2747 records for CMCM
2025-04-08 23:04:10,593 - INFO - Retrieving data for MCFT
2025-04-08 23:04:11,274 - INFO - Inserted/updated 2447 records for MCFT
2025-04-08 23:04:12,276 - INFO - Retrieving data for CPAC
2025-04-08 23:04:13,136 - INFO - Inserted/updated 3302 records for CPAC
2025-04-08 23:04:14,141 - INFO - Retrieving data for BHB
2025-04-08 23:04:15,274 - INFO - Inserted/updated 3840 records for BHB
2025-04-08 23:04:16,279 - INFO - Retrieving data for POWW
2025-04-08 23:04:17,054 - INFO - Inserted/updated 2080 records for POWW
2025-04-08 23:04:18,055 - INFO - Retrieving data for FRA
2025-04-08 23:04:19,036 - INFO - Inserted/updated 3840 records for FRA
2025-04-08 23:04:20,054 - INFO - Retrieving data for BEST
2025-04-08 23:04:20,607 - INFO - Inserted/updated 1876 records for BEST
2025-04-08 23:04:21,611 - INFO - Retrieving data for LEGH
2025-04-08 23:04:22,129 - INFO - Inserted/updated 1587 records for LEGH
2025-04-08 23:04:23,130 - INFO - Retrieving data for CIFR
2025-04-08 23:04:23,561 - INFO - Inserted/updated 1089 records for CIFR
2025-04-08 23:04:24,563 - INFO - Retrieving data for PACK
2025-04-08 23:04:25,071 - INFO - Inserted/updated 1472 records for PACK
2025-04-08 23:04:26,075 - INFO - Retrieving data for TYG
2025-04-08 23:04:27,120 - INFO - Inserted/updated 3840 records for TYG
2025-04-08 23:04:28,123 - INFO - Retrieving data for ADSE
2025-04-08 23:04:28,510 - INFO - Inserted/updated 825 records for ADSE
2025-04-08 23:04:29,512 - INFO - Retrieving data for RBB
2025-04-08 23:04:30,075 - INFO - Inserted/updated 1937 records for RBB
2025-04-08 23:04:31,080 - INFO - Retrieving data for GHG
2025-04-08 23:04:31,623 - INFO - Inserted/updated 1769 records for GHG
2025-04-08 23:04:32,627 - INFO - Retrieving data for ISD
2025-04-08 23:04:33,507 - INFO - Inserted/updated 3256 records for ISD
2025-04-08 23:04:34,566 - INFO - Retrieving data for ALTG
2025-04-08 23:04:35,101 - INFO - Inserted/updated 1498 records for ALTG
2025-04-08 23:04:36,102 - INFO - Retrieving data for CDLX
2025-04-08 23:04:36,654 - INFO - Inserted/updated 1800 records for CDLX
2025-04-08 23:04:37,655 - INFO - Retrieving data for FHTX
2025-04-08 23:04:36,733 - INFO - Inserted/updated 1119 records for FHTX
2025-04-08 23:04:37,748 - INFO - Retrieving data for RSVR
2025-04-08 23:04:38,176 - INFO - Inserted/updated 1070 records for RSVR
2025-04-08 23:04:39,178 - INFO - Retrieving data for TRIN
2025-04-08 23:04:39,602 - INFO - Inserted/updated 1053 records for TRIN
2025-04-08 23:04:40,603 - INFO - Retrieving data for FLWS
2025-04-08 23:04:41,602 - INFO - Inserted/updated 3840 records for FLWS
2025-04-08 23:04:42,604 - INFO - Retrieving data for ADTX
2025-04-08 23:04:43,062 - INFO - Inserted/updated 1200 records for ADTX
2025-04-08 23:04:44,063 - INFO - Retrieving data for ALRS
2025-04-08 23:04:45,078 - INFO - Inserted/updated 3832 records for ALRS
2025-04-08 23:04:46,133 - INFO - Retrieving data for BRT
2025-04-08 23:04:47,131 - INFO - Inserted/updated 3840 records for BRT
2025-04-08 23:04:48,133 - INFO - Retrieving data for UP
2025-04-08 23:04:48,570 - INFO - Inserted/updated 1104 records for UP
2025-04-08 23:04:49,656 - INFO - Retrieving data for EAD
2025-04-08 23:04:50,698 - INFO - Inserted/updated 3840 records for EAD
2025-04-08 23:04:51,701 - INFO - Retrieving data for OPY
2025-04-08 23:04:52,727 - INFO - Inserted/updated 3840 records for OPY
2025-04-08 23:04:53,728 - INFO - Retrieving data for AWP
2025-04-08 23:04:54,777 - INFO - Inserted/updated 3840 records for AWP
2025-04-08 23:04:55,792 - INFO - Retrieving data for NML
2025-04-08 23:04:56,629 - INFO - Inserted/updated 3029 records for NML
2025-04-08 23:04:57,639 - INFO - Retrieving data for METC
2025-04-08 23:04:58,313 - INFO - Inserted/updated 2056 records for METC
2025-04-08 23:04:59,320 - INFO - Retrieving data for DFP
2025-04-08 23:05:00,163 - INFO - Inserted/updated 2987 records for DFP
2025-04-08 23:05:01,180 - INFO - Retrieving data for CVEO
2025-04-08 23:05:02,191 - INFO - Inserted/updated 2740 records for CVEO
2025-04-08 23:05:03,200 - INFO - Retrieving data for MGTX
2025-04-08 23:05:04,865 - INFO - Inserted/updated 1718 records for MGTX
2025-04-08 23:05:05,867 - INFO - Retrieving data for NL
2025-04-08 23:05:07,951 - INFO - Inserted/updated 3840 records for NL
2025-04-08 23:05:07,555 - INFO - Retrieving data for LXRX
2025-04-08 23:05:08,769 - INFO - Inserted/updated 3840 records for LXRX
2025-04-08 23:05:09,775 - INFO - Retrieving data for MYN
2025-04-08 23:05:10,855 - INFO - Inserted/updated 3840 records for MYN
2025-04-08 23:05:11,859 - INFO - Retrieving data for RMAX
2025-04-08 23:05:12,624 - INFO - Inserted/updated 2897 records for RMAX
2025-04-08 23:05:13,626 - INFO - Retrieving data for LGO
2025-04-08 23:05:14,675 - INFO - Inserted/updated 3833 records for LGO
2025-04-08 23:05:15,812 - INFO - Retrieving data for WW
2025-04-08 23:05:16,861 - INFO - Inserted/updated 3840 records for WW
2025-04-08 23:05:17,913 - INFO - Retrieving data for BBCP
2025-04-08 23:05:18,577 - INFO - Inserted/updated 1918 records for BBCP
2025-04-08 23:05:19,628 - INFO - Retrieving data for ECC
2025-04-08 23:05:20,365 - INFO - Inserted/updated 2641 records for ECC
2025-04-08 23:05:21,418 - INFO - Retrieving data for SVM
2025-04-08 23:05:22,433 - INFO - Inserted/updated 3840 records for SVM
2025-04-08 23:05:23,443 - INFO - Retrieving data for FISI
2025-04-08 23:05:24,507 - INFO - Inserted/updated 3840 records for FISI
2025-04-08 23:05:25,511 - INFO - Retrieving data for PTGX
2025-04-08 23:05:26,155 - INFO - Inserted/updated 2177 records for PTGX
2025-04-08 23:05:27,250 - INFO - Retrieving data for EVC
2025-04-08 23:05:28,311 - INFO - Inserted/updated 3840 records for EVC
2025-04-08 23:05:29,323 - INFO - Retrieving data for SB
2025-04-08 23:05:30,307 - INFO - Inserted/updated 3840 records for SB
2025-04-08 23:05:31,310 - INFO - Retrieving data for TPVG
2025-04-08 23:05:32,220 - INFO - Inserted/updated 2791 records for TPVG
2025-04-08 23:05:33,222 - INFO - Retrieving data for IRMD
2025-04-08 23:05:34,037 - INFO - Inserted/updated 2700 records for IRMD
2025-04-08 23:05:35,042 - INFO - Retrieving data for LEO
2025-04-08 23:05:36,104 - INFO - Inserted/updated 3840 records for LEO
2025-04-08 23:05:37,106 - INFO - Retrieving data for CYH
2025-04-08 23:05:38,117 - INFO - Inserted/updated 3840 records for CYH
2025-04-08 23:05:39,125 - INFO - Retrieving data for KPTI
2025-04-08 23:05:38,586 - INFO - Inserted/updated 2872 records for KPTI
2025-04-08 23:05:39,610 - INFO - Retrieving data for NIU
2025-04-08 23:05:40,125 - INFO - Inserted/updated 1625 records for NIU
2025-04-08 23:05:41,129 - INFO - Retrieving data for GOTU
2025-04-08 23:05:41,644 - INFO - Inserted/updated 1469 records for GOTU
2025-04-08 23:05:42,645 - INFO - Retrieving data for BAND
2025-04-08 23:05:43,245 - INFO - Inserted/updated 1861 records for BAND
2025-04-08 23:05:44,323 - INFO - Retrieving data for NERV
2025-04-08 23:05:45,093 - INFO - Inserted/updated 2710 records for NERV
2025-04-08 23:05:46,097 - INFO - Retrieving data for AVTE
2025-04-08 23:05:46,486 - INFO - Inserted/updated 948 records for AVTE
2025-04-08 23:05:47,504 - INFO - Retrieving data for MDXG
2025-04-08 23:05:48,563 - INFO - Inserted/updated 3840 records for MDXG
2025-04-08 23:05:49,565 - INFO - Retrieving data for MIY
2025-04-08 23:05:50,592 - INFO - Inserted/updated 3840 records for MIY
2025-04-08 23:05:51,596 - INFO - Retrieving data for TK
2025-04-08 23:05:52,623 - INFO - Inserted/updated 3840 records for TK
2025-04-08 23:05:53,637 - INFO - Retrieving data for MVBF
2025-04-08 23:05:54,634 - INFO - Inserted/updated 3825 records for MVBF
2025-04-08 23:05:55,638 - INFO - Retrieving data for SLN
2025-04-08 23:05:56,110 - INFO - Inserted/updated 1152 records for SLN
2025-04-08 23:05:57,111 - INFO - Retrieving data for EMO
2025-04-08 23:05:58,014 - INFO - Inserted/updated 3476 records for EMO
2025-04-08 23:05:59,016 - INFO - Retrieving data for ALDX
2025-04-08 23:05:59,800 - INFO - Inserted/updated 2751 records for ALDX
2025-04-08 23:06:00,815 - INFO - Retrieving data for VKI
2025-04-08 23:06:01,868 - INFO - Inserted/updated 3840 records for VKI
2025-04-08 23:06:02,869 - INFO - Retrieving data for SPWH
2025-04-08 23:06:03,624 - INFO - Inserted/updated 2761 records for SPWH
2025-04-08 23:06:04,630 - INFO - Retrieving data for RMT
2025-04-08 23:06:06,289 - INFO - Inserted/updated 3840 records for RMT
2025-04-08 23:06:07,291 - INFO - Retrieving data for MUJ
2025-04-08 23:06:08,484 - INFO - Inserted/updated 3840 records for MUJ
2025-04-08 23:06:09,486 - INFO - Retrieving data for VEL
2025-04-08 23:06:09,960 - INFO - Inserted/updated 1313 records for VEL
2025-04-08 23:06:09,564 - INFO - Retrieving data for SIFY
2025-04-08 23:06:10,572 - INFO - Inserted/updated 3840 records for SIFY
2025-04-08 23:06:11,575 - INFO - Retrieving data for PLPC
2025-04-08 23:06:12,615 - INFO - Inserted/updated 3840 records for PLPC
2025-04-08 23:06:13,650 - INFO - Retrieving data for QTRX
2025-04-08 23:06:14,233 - INFO - Inserted/updated 1843 records for QTRX
2025-04-08 23:06:15,234 - INFO - Retrieving data for PPT
2025-04-08 23:06:16,336 - INFO - Inserted/updated 3840 records for PPT
2025-04-08 23:06:17,339 - INFO - Retrieving data for DXLG
2025-04-08 23:06:18,390 - INFO - Inserted/updated 3840 records for DXLG
2025-04-08 23:06:19,402 - INFO - Retrieving data for BZH
2025-04-08 23:06:20,426 - INFO - Inserted/updated 3840 records for BZH
2025-04-08 23:06:21,439 - INFO - Retrieving data for HPF
2025-04-08 23:06:22,537 - INFO - Inserted/updated 3840 records for HPF
2025-04-08 23:06:23,549 - INFO - Retrieving data for PMO
2025-04-08 23:06:24,552 - INFO - Inserted/updated 3840 records for PMO
2025-04-08 23:06:25,553 - INFO - Retrieving data for WTBA
2025-04-08 23:06:26,664 - INFO - Inserted/updated 3840 records for WTBA
2025-04-08 23:06:27,680 - INFO - Retrieving data for OSPN
2025-04-08 23:06:28,736 - INFO - Inserted/updated 3840 records for OSPN
2025-04-08 23:06:29,737 - INFO - Retrieving data for HIO
2025-04-08 23:06:30,876 - INFO - Inserted/updated 3840 records for HIO
2025-04-08 23:06:31,888 - INFO - Retrieving data for BEDU
2025-04-08 23:06:32,471 - INFO - Inserted/updated 1984 records for BEDU
2025-04-08 23:06:33,474 - INFO - Retrieving data for ETO
2025-04-08 23:06:34,388 - INFO - Inserted/updated 3840 records for ETO
2025-04-08 23:06:35,390 - INFO - Retrieving data for HNST
2025-04-08 23:06:35,805 - INFO - Inserted/updated 988 records for HNST
2025-04-08 23:06:36,813 - INFO - Retrieving data for ZYXI
2025-04-08 23:06:37,687 - INFO - Inserted/updated 3190 records for ZYXI
2025-04-08 23:06:38,692 - INFO - Retrieving data for OCFT
2025-04-08 23:06:39,166 - INFO - Inserted/updated 1336 records for OCFT
2025-04-08 23:06:40,168 - INFO - Retrieving data for ARBE
2025-04-08 23:06:40,540 - INFO - Inserted/updated 878 records for ARBE
2025-04-08 23:06:40,137 - INFO - Retrieving data for IGIC
2025-04-08 23:06:40,594 - INFO - Inserted/updated 1272 records for IGIC
2025-04-08 23:06:41,598 - INFO - Retrieving data for CZNC
2025-04-08 23:06:42,671 - INFO - Inserted/updated 3840 records for CZNC
2025-04-08 23:06:43,822 - INFO - Retrieving data for COOK
2025-04-08 23:06:44,223 - INFO - Inserted/updated 928 records for COOK
2025-04-08 23:06:45,238 - INFO - Retrieving data for TIPT
2025-04-08 23:06:46,174 - INFO - Inserted/updated 3642 records for TIPT
2025-04-08 23:06:47,248 - INFO - Retrieving data for WALD
2025-04-08 23:06:47,635 - INFO - Inserted/updated 982 records for WALD
2025-04-08 23:06:48,636 - INFO - Retrieving data for TYRA
2025-04-08 23:06:49,213 - INFO - Inserted/updated 895 records for TYRA
2025-04-08 23:06:50,228 - INFO - Retrieving data for TSVT
2025-04-08 23:06:50,586 - INFO - Inserted/updated 860 records for TSVT
2025-04-08 23:06:51,586 - INFO - Retrieving data for HUDI
2025-04-08 23:06:52,018 - INFO - Inserted/updated 1058 records for HUDI
2025-04-08 23:06:53,022 - INFO - Retrieving data for BTAI
2025-04-08 23:06:53,615 - INFO - Inserted/updated 1782 records for BTAI
2025-04-08 23:06:54,617 - INFO - Retrieving data for GLUE
2025-04-08 23:06:55,023 - INFO - Inserted/updated 952 records for GLUE
2025-04-08 23:06:56,024 - INFO - Retrieving data for ABSI
2025-04-08 23:06:56,462 - INFO - Inserted/updated 933 records for ABSI
2025-04-08 23:06:57,467 - INFO - Retrieving data for HTBI
2025-04-08 23:06:58,294 - INFO - Inserted/updated 3173 records for HTBI
2025-04-08 23:06:59,302 - INFO - Retrieving data for WEAV
2025-04-08 23:06:59,671 - INFO - Inserted/updated 854 records for WEAV
2025-04-08 23:07:00,676 - INFO - Retrieving data for FULC
2025-04-08 23:07:01,175 - INFO - Inserted/updated 1440 records for FULC
2025-04-08 23:07:02,182 - INFO - Retrieving data for NC
2025-04-08 23:07:04,059 - INFO - Inserted/updated 3840 records for NC
2025-04-08 23:07:05,062 - INFO - Retrieving data for SDHY
2025-04-08 23:07:05,493 - INFO - Inserted/updated 1096 records for SDHY
2025-04-08 23:07:06,496 - INFO - Retrieving data for NEWP
2025-04-08 23:07:07,063 - INFO - Inserted/updated 1865 records for NEWP
2025-04-08 23:07:08,079 - INFO - Retrieving data for UVE
2025-04-08 23:07:09,124 - INFO - Inserted/updated 3840 records for UVE
2025-04-08 23:07:10,130 - INFO - Retrieving data for FENG
2025-04-08 23:07:11,148 - INFO - Inserted/updated 3496 records for FENG
2025-04-08 23:07:10,789 - INFO - Retrieving data for GRVY
2025-04-08 23:07:11,854 - INFO - Inserted/updated 3840 records for GRVY
2025-04-08 23:07:12,858 - INFO - Retrieving data for ITRM
2025-04-08 23:07:13,446 - INFO - Inserted/updated 1727 records for ITRM
2025-04-08 23:07:14,449 - INFO - Retrieving data for HQL
2025-04-08 23:07:15,466 - INFO - Inserted/updated 3840 records for HQL
2025-04-08 23:07:16,470 - INFO - Retrieving data for EBTC
2025-04-08 23:07:17,645 - INFO - Inserted/updated 3840 records for EBTC
2025-04-08 23:07:18,659 - INFO - Retrieving data for SHBI
2025-04-08 23:07:19,747 - INFO - Inserted/updated 3840 records for SHBI
2025-04-08 23:07:20,751 - INFO - Retrieving data for KALV
2025-04-08 23:07:21,489 - INFO - Inserted/updated 2516 records for KALV
2025-04-08 23:07:22,494 - INFO - Retrieving data for SCWO
2025-04-08 23:07:23,344 - INFO - Inserted/updated 3186 records for SCWO
2025-04-08 23:07:24,426 - INFO - Retrieving data for BOOM
2025-04-08 23:07:25,459 - INFO - Inserted/updated 3840 records for BOOM
2025-04-08 23:07:26,460 - INFO - Retrieving data for DOUG
2025-04-08 23:07:26,836 - INFO - Inserted/updated 821 records for DOUG
2025-04-08 23:07:27,838 - INFO - Retrieving data for BMEA
2025-04-08 23:07:28,274 - INFO - Inserted/updated 1000 records for BMEA
2025-04-08 23:07:29,279 - INFO - Retrieving data for REE
2025-04-08 23:07:29,651 - INFO - Inserted/updated 932 records for REE
2025-04-08 23:07:30,654 - INFO - Retrieving data for DJCO
2025-04-08 23:07:31,681 - INFO - Inserted/updated 3840 records for DJCO
2025-04-08 23:07:32,684 - INFO - Retrieving data for RRBI
2025-04-08 23:07:33,173 - INFO - Inserted/updated 1492 records for RRBI
2025-04-08 23:07:34,177 - INFO - Retrieving data for SKE
2025-04-08 23:07:34,845 - INFO - Inserted/updated 1836 records for SKE
2025-04-08 23:07:35,858 - INFO - Retrieving data for RFI
2025-04-08 23:07:36,995 - INFO - Inserted/updated 3840 records for RFI
2025-04-08 23:07:37,997 - INFO - Retrieving data for AOMR
2025-04-08 23:07:38,412 - INFO - Inserted/updated 957 records for AOMR
2025-04-08 23:07:39,415 - INFO - Retrieving data for AVAH
2025-04-08 23:07:39,818 - INFO - Inserted/updated 992 records for AVAH
2025-04-08 23:07:40,818 - INFO - Retrieving data for PRLD
2025-04-08 23:07:41,263 - INFO - Inserted/updated 1139 records for PRLD
2025-04-08 23:07:42,299 - INFO - Retrieving data for PFIS
2025-04-08 23:07:41,904 - INFO - Inserted/updated 3840 records for PFIS
2025-04-08 23:07:42,993 - INFO - Retrieving data for AVNW
2025-04-08 23:07:44,062 - INFO - Inserted/updated 3840 records for AVNW
2025-04-08 23:07:45,065 - INFO - Retrieving data for HUT
2025-04-08 23:07:45,618 - INFO - Inserted/updated 1748 records for HUT
2025-04-08 23:07:46,624 - INFO - Retrieving data for JRI
2025-04-08 23:07:47,463 - INFO - Inserted/updated 3256 records for JRI
2025-04-08 23:07:48,465 - INFO - Retrieving data for INBK
2025-04-08 23:07:49,482 - INFO - Inserted/updated 3840 records for INBK
2025-04-08 23:07:50,490 - INFO - Retrieving data for TPC
2025-04-08 23:07:51,533 - INFO - Inserted/updated 3840 records for TPC
2025-04-08 23:07:52,544 - INFO - Retrieving data for HEPS
2025-04-08 23:07:52,960 - INFO - Inserted/updated 947 records for HEPS
2025-04-08 23:07:53,962 - INFO - Retrieving data for AMRX
2025-04-08 23:07:54,954 - INFO - Inserted/updated 3839 records for AMRX
2025-04-08 23:07:55,966 - INFO - Retrieving data for RXST
2025-04-08 23:07:56,376 - INFO - Inserted/updated 927 records for RXST
2025-04-08 23:07:57,377 - INFO - Retrieving data for AVDL
2025-04-08 23:07:58,415 - INFO - Inserted/updated 3840 records for AVDL
2025-04-08 23:07:59,419 - INFO - Retrieving data for CGNT
2025-04-08 23:07:59,943 - INFO - Inserted/updated 1051 records for CGNT
2025-04-08 23:08:00,944 - INFO - Retrieving data for SKYT
2025-04-08 23:08:01,453 - INFO - Inserted/updated 997 records for SKYT
2025-04-08 23:08:02,666 - INFO - Retrieving data for GROY
2025-04-08 23:08:04,536 - INFO - Inserted/updated 1027 records for GROY
2025-04-08 23:08:05,544 - INFO - Retrieving data for LX
2025-04-08 23:08:06,127 - INFO - Inserted/updated 1833 records for LX
2025-04-08 23:08:07,141 - INFO - Retrieving data for KRT
2025-04-08 23:08:07,596 - INFO - Inserted/updated 1001 records for KRT
2025-04-08 23:08:08,597 - INFO - Retrieving data for KTF
2025-04-08 23:08:09,622 - INFO - Inserted/updated 3840 records for KTF
2025-04-08 23:08:10,627 - INFO - Retrieving data for FMAO
2025-04-08 23:08:11,613 - INFO - Inserted/updated 3836 records for FMAO
2025-04-08 23:08:12,660 - INFO - Retrieving data for GBAB
2025-04-08 23:08:13,624 - INFO - Inserted/updated 3633 records for GBAB
2025-04-08 23:08:13,218 - INFO - Retrieving data for ZTR
2025-04-08 23:08:14,258 - INFO - Inserted/updated 3840 records for ZTR
2025-04-08 23:08:15,262 - INFO - Retrieving data for VXRT
2025-04-08 23:08:15,845 - INFO - Inserted/updated 1799 records for VXRT
2025-04-08 23:08:16,846 - INFO - Retrieving data for GBLI
2025-04-08 23:08:17,912 - INFO - Inserted/updated 3840 records for GBLI
2025-04-08 23:08:18,933 - INFO - Retrieving data for RMBL
2025-04-08 23:08:19,536 - INFO - Inserted/updated 2069 records for RMBL
2025-04-08 23:08:20,537 - INFO - Retrieving data for TDF
2025-04-08 23:08:21,536 - INFO - Inserted/updated 3840 records for TDF
2025-04-08 23:08:22,538 - INFO - Retrieving data for SUPV
2025-04-08 23:08:23,172 - INFO - Inserted/updated 2235 records for SUPV
2025-04-08 23:08:24,199 - INFO - Retrieving data for BNR
2025-04-08 23:08:24,695 - INFO - Inserted/updated 1212 records for BNR
2025-04-08 23:08:25,699 - INFO - Retrieving data for TCI
2025-04-08 23:08:26,735 - INFO - Inserted/updated 3840 records for TCI
2025-04-08 23:08:27,743 - INFO - Retrieving data for TOI
2025-04-08 23:08:28,120 - INFO - Inserted/updated 852 records for TOI
2025-04-08 23:08:29,154 - INFO - Retrieving data for FFIE
2025-04-08 23:08:29,595 - INFO - Inserted/updated 1155 records for FFIE
2025-04-08 23:08:30,597 - INFO - Retrieving data for ASC
2025-04-08 23:08:31,379 - INFO - Inserted/updated 2940 records for ASC
2025-04-08 23:08:32,397 - INFO - Retrieving data for BARK
2025-04-08 23:08:32,828 - INFO - Inserted/updated 1080 records for BARK
2025-04-08 23:08:33,829 - INFO - Retrieving data for RFMZ
2025-04-08 23:08:34,238 - INFO - Inserted/updated 1036 records for RFMZ
2025-04-08 23:08:35,239 - INFO - Retrieving data for NCV
2025-04-08 23:08:36,323 - INFO - Inserted/updated 3840 records for NCV
2025-04-08 23:08:37,434 - INFO - Retrieving data for EH
2025-04-08 23:08:37,911 - INFO - Inserted/updated 1337 records for EH
2025-04-08 23:08:38,921 - INFO - Retrieving data for TGB
2025-04-08 23:08:40,009 - INFO - Inserted/updated 3840 records for TGB
2025-04-08 23:08:41,074 - INFO - Retrieving data for NAN
2025-04-08 23:08:42,047 - INFO - Inserted/updated 3840 records for NAN
2025-04-08 23:08:43,050 - INFO - Retrieving data for SGU
2025-04-08 23:08:44,149 - INFO - Inserted/updated 3840 records for SGU
2025-04-08 23:08:43,771 - INFO - Retrieving data for SFST
2025-04-08 23:08:44,803 - INFO - Inserted/updated 3840 records for SFST
2025-04-08 23:08:45,805 - INFO - Retrieving data for BFZ
2025-04-08 23:08:46,872 - INFO - Inserted/updated 3840 records for BFZ
2025-04-08 23:08:47,875 - INFO - Retrieving data for BGR
2025-04-08 23:08:48,840 - INFO - Inserted/updated 3840 records for BGR
2025-04-08 23:08:49,843 - INFO - Retrieving data for AXTI
2025-04-08 23:08:50,856 - INFO - Inserted/updated 3840 records for AXTI
2025-04-08 23:08:51,863 - INFO - Retrieving data for EFT
2025-04-08 23:08:52,879 - INFO - Inserted/updated 3840 records for EFT
2025-04-08 23:08:53,892 - INFO - Retrieving data for GLAD
2025-04-08 23:08:54,904 - INFO - Inserted/updated 3840 records for GLAD
2025-04-08 23:08:55,906 - INFO - Retrieving data for CPZ
2025-04-08 23:08:56,372 - INFO - Inserted/updated 1348 records for CPZ
2025-04-08 23:08:57,375 - INFO - Retrieving data for TG
2025-04-08 23:08:58,427 - INFO - Inserted/updated 3840 records for TG
2025-04-08 23:08:59,429 - INFO - Retrieving data for RLGT
2025-04-08 23:09:00,403 - INFO - Inserted/updated 3840 records for RLGT
2025-04-08 23:09:01,408 - INFO - Retrieving data for CBNK
2025-04-08 23:09:02,064 - INFO - Inserted/updated 1642 records for CBNK
2025-04-08 23:09:03,073 - INFO - Retrieving data for CYD
2025-04-08 23:09:04,211 - INFO - Inserted/updated 3840 records for CYD
2025-04-08 23:09:05,264 - INFO - Retrieving data for LOCO
2025-04-08 23:09:06,150 - INFO - Inserted/updated 2693 records for LOCO
2025-04-08 23:09:07,151 - INFO - Retrieving data for BLDE
2025-04-08 23:09:07,620 - INFO - Inserted/updated 1363 records for BLDE
2025-04-08 23:09:08,624 - INFO - Retrieving data for EVLV
2025-04-08 23:09:09,101 - INFO - Inserted/updated 1142 records for EVLV
2025-04-08 23:09:10,103 - INFO - Retrieving data for GILT
2025-04-08 23:09:11,254 - INFO - Inserted/updated 3840 records for GILT
2025-04-08 23:09:12,256 - INFO - Retrieving data for HDSN
2025-04-08 23:09:13,692 - INFO - Inserted/updated 3840 records for HDSN
2025-04-08 23:09:14,695 - INFO - Retrieving data for BELFA
2025-04-08 23:09:14,452 - INFO - Inserted/updated 3840 records for BELFA
2025-04-08 23:09:15,459 - INFO - Retrieving data for ISRL
2025-04-08 23:09:15,770 - INFO - Inserted/updated 530 records for ISRL
2025-04-08 23:09:16,775 - INFO - Retrieving data for NMG
2025-04-08 23:09:17,318 - INFO - Inserted/updated 1671 records for NMG
2025-04-08 23:09:18,321 - INFO - Retrieving data for FFA
2025-04-08 23:09:19,316 - INFO - Inserted/updated 3840 records for FFA
2025-04-08 23:09:20,318 - INFO - Retrieving data for BHR
2025-04-08 23:09:21,209 - INFO - Inserted/updated 2872 records for BHR
2025-04-08 23:09:22,217 - INFO - Retrieving data for TARS
2025-04-08 23:09:22,723 - INFO - Inserted/updated 1124 records for TARS
2025-04-08 23:09:23,725 - INFO - Retrieving data for ANIK
2025-04-08 23:09:24,764 - INFO - Inserted/updated 3840 records for ANIK
2025-04-08 23:09:25,779 - INFO - Retrieving data for FSP
2025-04-08 23:09:26,749 - INFO - Inserted/updated 3840 records for FSP
2025-04-08 23:09:27,753 - INFO - Retrieving data for GRPN
2025-04-08 23:09:28,713 - INFO - Inserted/updated 3375 records for GRPN
2025-04-08 23:09:29,715 - INFO - Retrieving data for OPAD
2025-04-08 23:09:30,125 - INFO - Inserted/updated 1085 records for OPAD
2025-04-08 23:09:31,127 - INFO - Retrieving data for PWP
2025-04-08 23:09:31,548 - INFO - Inserted/updated 1099 records for PWP
2025-04-08 23:09:32,549 - INFO - Retrieving data for MIN
2025-04-08 23:09:33,564 - INFO - Inserted/updated 3840 records for MIN
2025-04-08 23:09:34,577 - INFO - Retrieving data for CSTE
2025-04-08 23:09:35,427 - INFO - Inserted/updated 3281 records for CSTE
2025-04-08 23:09:36,442 - INFO - Retrieving data for RSI
2025-04-08 23:09:36,914 - INFO - Inserted/updated 1246 records for RSI
2025-04-08 23:09:37,916 - INFO - Retrieving data for SGHT
2025-04-08 23:09:38,311 - INFO - Inserted/updated 938 records for SGHT
2025-04-08 23:09:39,313 - INFO - Retrieving data for BPT
2025-04-08 23:09:40,348 - INFO - Inserted/updated 3840 records for BPT
2025-04-08 23:09:41,370 - INFO - Retrieving data for MHN
2025-04-08 23:09:42,423 - INFO - Inserted/updated 3840 records for MHN
2025-04-08 23:09:43,426 - INFO - Retrieving data for UTMD
2025-04-08 23:09:44,455 - INFO - Inserted/updated 3840 records for UTMD
2025-04-08 23:09:45,458 - INFO - Retrieving data for CTV
2025-04-08 23:09:45,618 - INFO - Inserted/updated 6 records for CTV
2025-04-08 23:09:45,273 - INFO - Retrieving data for SRRK
2025-04-08 23:09:45,834 - INFO - Inserted/updated 1728 records for SRRK
2025-04-08 23:09:46,842 - INFO - Retrieving data for GLOP
2025-04-08 23:09:47,724 - INFO - Inserted/updated 2311 records for GLOP
2025-04-08 23:09:48,729 - INFO - Retrieving data for EFR
2025-04-08 23:09:49,695 - INFO - Inserted/updated 3840 records for EFR
2025-04-08 23:09:50,700 - INFO - Retrieving data for CTLP
2025-04-08 23:09:51,766 - INFO - Inserted/updated 3840 records for CTLP
2025-04-08 23:09:52,769 - INFO - Retrieving data for MPX
2025-04-08 23:09:53,770 - INFO - Inserted/updated 3840 records for MPX
2025-04-08 23:09:54,806 - INFO - Retrieving data for MTAL
2025-04-08 23:09:55,168 - INFO - Inserted/updated 892 records for MTAL
2025-04-08 23:09:56,339 - INFO - Retrieving data for BLFY
2025-04-08 23:09:56,743 - INFO - Inserted/updated 937 records for BLFY
2025-04-08 23:09:57,746 - INFO - Retrieving data for BLBD
2025-04-08 23:09:58,639 - INFO - Inserted/updated 2776 records for BLBD
2025-04-08 23:09:59,640 - INFO - Retrieving data for ARIS
2025-04-08 23:10:00,013 - INFO - Inserted/updated 868 records for ARIS
2025-04-08 23:10:01,015 - INFO - Retrieving data for OGI
2025-04-08 23:10:01,863 - INFO - Inserted/updated 2670 records for OGI
2025-04-08 23:10:02,931 - INFO - Retrieving data for DTC
2025-04-08 23:10:04,428 - INFO - Inserted/updated 864 records for DTC
2025-04-08 23:10:05,434 - INFO - Retrieving data for JMSB
2025-04-08 23:10:06,212 - INFO - Inserted/updated 2857 records for JMSB
2025-04-08 23:10:07,214 - INFO - Retrieving data for NOA
2025-04-08 23:10:08,328 - INFO - Inserted/updated 3840 records for NOA
2025-04-08 23:10:09,330 - INFO - Retrieving data for REAX
2025-04-08 23:10:09,931 - INFO - Inserted/updated 1201 records for REAX
2025-04-08 23:10:10,933 - INFO - Retrieving data for ORMP
2025-04-08 23:10:12,045 - INFO - Inserted/updated 3840 records for ORMP
2025-04-08 23:10:13,047 - INFO - Retrieving data for FTCI
2025-04-08 23:10:13,611 - INFO - Inserted/updated 992 records for FTCI
2025-04-08 23:10:14,615 - INFO - Retrieving data for CAF
2025-04-08 23:10:15,645 - INFO - Inserted/updated 3840 records for CAF
2025-04-08 23:10:16,723 - INFO - Retrieving data for HBCP
2025-04-08 23:10:16,340 - INFO - Inserted/updated 3840 records for HBCP
2025-04-08 23:10:17,342 - INFO - Retrieving data for CIVB
2025-04-08 23:10:18,392 - INFO - Inserted/updated 3840 records for CIVB
2025-04-08 23:10:19,412 - INFO - Retrieving data for SSTI
2025-04-08 23:10:20,043 - INFO - Inserted/updated 1971 records for SSTI
2025-04-08 23:10:21,044 - INFO - Retrieving data for ELLO
2025-04-08 23:10:22,071 - INFO - Inserted/updated 3840 records for ELLO
2025-04-08 23:10:23,074 - INFO - Retrieving data for BSRR
2025-04-08 23:10:24,239 - INFO - Inserted/updated 3840 records for BSRR
2025-04-08 23:10:25,242 - INFO - Retrieving data for MTW
2025-04-08 23:10:26,285 - INFO - Inserted/updated 3840 records for MTW
2025-04-08 23:10:27,288 - INFO - Retrieving data for IMRX
2025-04-08 23:10:27,676 - INFO - Inserted/updated 927 records for IMRX
2025-04-08 23:10:28,678 - INFO - Retrieving data for PHAT
2025-04-08 23:10:29,174 - INFO - Inserted/updated 1370 records for PHAT
2025-04-08 23:10:30,221 - INFO - Retrieving data for CANG
2025-04-08 23:10:30,816 - INFO - Inserted/updated 1684 records for CANG
2025-04-08 23:10:31,817 - INFO - Retrieving data for BCAB
2025-04-08 23:10:32,356 - INFO - Inserted/updated 1082 records for BCAB
2025-04-08 23:10:33,357 - INFO - Retrieving data for HIX
2025-04-08 23:10:34,422 - INFO - Inserted/updated 3840 records for HIX
2025-04-08 23:10:35,425 - INFO - Retrieving data for AFB
2025-04-08 23:10:36,583 - INFO - Inserted/updated 3840 records for AFB
2025-04-08 23:10:37,604 - INFO - Retrieving data for BYM
2025-04-08 23:10:38,630 - INFO - Inserted/updated 3840 records for BYM
2025-04-08 23:10:39,654 - INFO - Retrieving data for TNGX
2025-04-08 23:10:40,167 - INFO - Inserted/updated 1154 records for TNGX
2025-04-08 23:10:41,169 - INFO - Retrieving data for RM
2025-04-08 23:10:42,009 - INFO - Inserted/updated 3277 records for RM
2025-04-08 23:10:43,014 - INFO - Retrieving data for ABUS
2025-04-08 23:10:43,714 - INFO - Inserted/updated 2436 records for ABUS
2025-04-08 23:10:44,716 - INFO - Retrieving data for CMTL
2025-04-08 23:10:45,831 - INFO - Inserted/updated 3840 records for CMTL
2025-04-08 23:10:46,866 - INFO - Retrieving data for FNLC
2025-04-08 23:10:46,570 - INFO - Inserted/updated 3840 records for FNLC
2025-04-08 23:10:47,576 - INFO - Retrieving data for WHF
2025-04-08 23:10:48,424 - INFO - Inserted/updated 3103 records for WHF
2025-04-08 23:10:49,616 - INFO - Retrieving data for FRST
2025-04-08 23:10:50,816 - INFO - Inserted/updated 3840 records for FRST
2025-04-08 23:10:51,820 - INFO - Retrieving data for SOR
2025-04-08 23:10:52,855 - INFO - Inserted/updated 3840 records for SOR
2025-04-08 23:10:53,858 - INFO - Retrieving data for DHC
2025-04-08 23:10:54,935 - INFO - Inserted/updated 3840 records for DHC
2025-04-08 23:10:55,936 - INFO - Retrieving data for NWPX
2025-04-08 23:10:57,049 - INFO - Inserted/updated 3840 records for NWPX
2025-04-08 23:10:58,054 - INFO - Retrieving data for GBIO
2025-04-08 23:10:58,507 - INFO - Inserted/updated 1212 records for GBIO
2025-04-08 23:10:59,515 - INFO - Retrieving data for LQDA
2025-04-08 23:11:00,059 - INFO - Inserted/updated 1685 records for LQDA
2025-04-08 23:11:01,060 - INFO - Retrieving data for AHT
2025-04-08 23:11:02,095 - INFO - Inserted/updated 3840 records for AHT
2025-04-08 23:11:03,097 - INFO - Retrieving data for IBEX
2025-04-08 23:11:03,587 - INFO - Inserted/updated 1173 records for IBEX
2025-04-08 23:11:04,607 - INFO - Retrieving data for PMM
2025-04-08 23:11:06,622 - INFO - Inserted/updated 3840 records for PMM
2025-04-08 23:11:07,628 - INFO - Retrieving data for PHVS
2025-04-08 23:11:08,068 - INFO - Inserted/updated 1048 records for PHVS
2025-04-08 23:11:09,071 - INFO - Retrieving data for VLGEA
2025-04-08 23:11:10,164 - INFO - Inserted/updated 3840 records for VLGEA
2025-04-08 23:11:11,169 - INFO - Retrieving data for BCBP
2025-04-08 23:11:12,138 - INFO - Inserted/updated 3840 records for BCBP
2025-04-08 23:11:13,144 - INFO - Retrieving data for ACMR
2025-04-08 23:11:13,703 - INFO - Inserted/updated 1866 records for ACMR
2025-04-08 23:11:14,710 - INFO - Retrieving data for CMPX
2025-04-08 23:11:15,106 - INFO - Inserted/updated 1009 records for CMPX
2025-04-08 23:11:16,107 - INFO - Retrieving data for ACB
2025-04-08 23:11:16,962 - INFO - Inserted/updated 2703 records for ACB
2025-04-08 23:11:17,964 - INFO - Retrieving data for FOF
2025-04-08 23:11:17,661 - INFO - Inserted/updated 3840 records for FOF
2025-04-08 23:11:18,669 - INFO - Retrieving data for RGLS
2025-04-08 23:11:19,530 - INFO - Inserted/updated 3142 records for RGLS
2025-04-08 23:11:20,534 - INFO - Retrieving data for GCI
2025-04-08 23:11:21,296 - INFO - Inserted/updated 2812 records for GCI
2025-04-08 23:11:22,298 - INFO - Retrieving data for ESQ
2025-04-08 23:11:23,019 - INFO - Inserted/updated 1957 records for ESQ
2025-04-08 23:11:24,038 - INFO - Retrieving data for OOMA
2025-04-08 23:11:24,733 - INFO - Inserted/updated 2447 records for OOMA
2025-04-08 23:11:25,736 - INFO - Retrieving data for RMM
2025-04-08 23:11:26,228 - INFO - Inserted/updated 1434 records for RMM
2025-04-08 23:11:27,238 - INFO - Retrieving data for AMRK
2025-04-08 23:11:28,040 - INFO - Inserted/updated 2784 records for AMRK
2025-04-08 23:11:29,044 - INFO - Retrieving data for PRTH
2025-04-08 23:11:29,667 - INFO - Inserted/updated 2096 records for PRTH
2025-04-08 23:11:30,672 - INFO - Retrieving data for MSB
2025-04-08 23:11:31,704 - INFO - Inserted/updated 3840 records for MSB
2025-04-08 23:11:32,706 - INFO - Retrieving data for OIA
2025-04-08 23:11:33,768 - INFO - Inserted/updated 3840 records for OIA
2025-04-08 23:11:34,770 - INFO - Retrieving data for ASG
2025-04-08 23:11:35,869 - INFO - Inserted/updated 3840 records for ASG
2025-04-08 23:11:36,874 - INFO - Retrieving data for GECC
2025-04-08 23:11:37,572 - INFO - Inserted/updated 2117 records for GECC
2025-04-08 23:11:38,575 - INFO - Retrieving data for CZFS
2025-04-08 23:11:39,684 - INFO - Inserted/updated 3837 records for CZFS
2025-04-08 23:11:40,724 - INFO - Retrieving data for AFMD
2025-04-08 23:11:41,455 - INFO - Inserted/updated 2659 records for AFMD
2025-04-08 23:11:42,457 - INFO - Retrieving data for PRTS
2025-04-08 23:11:43,403 - INFO - Inserted/updated 3840 records for PRTS
2025-04-08 23:11:44,407 - INFO - Retrieving data for GWRS
2025-04-08 23:11:45,068 - INFO - Inserted/updated 2250 records for GWRS
2025-04-08 23:11:46,070 - INFO - Retrieving data for DSM
2025-04-08 23:11:47,162 - INFO - Inserted/updated 3840 records for DSM
2025-04-08 23:11:48,173 - INFO - Retrieving data for OSUR
2025-04-08 23:11:49,295 - INFO - Inserted/updated 3840 records for OSUR
2025-04-08 23:11:48,893 - INFO - Retrieving data for PFL
2025-04-08 23:11:49,909 - INFO - Inserted/updated 3840 records for PFL
2025-04-08 23:11:50,913 - INFO - Retrieving data for ZVIA
2025-04-08 23:11:51,292 - INFO - Inserted/updated 933 records for ZVIA
2025-04-08 23:11:52,294 - INFO - Retrieving data for BWMX
2025-04-08 23:11:52,739 - INFO - Inserted/updated 1274 records for BWMX
2025-04-08 23:11:53,742 - INFO - Retrieving data for PETZ
2025-04-08 23:11:54,335 - INFO - Inserted/updated 1897 records for PETZ
2025-04-08 23:11:55,336 - INFO - Retrieving data for FDMT
2025-04-08 23:11:55,765 - INFO - Inserted/updated 1085 records for FDMT
2025-04-08 23:11:56,766 - INFO - Retrieving data for SKIL
2025-04-08 23:11:57,316 - INFO - Inserted/updated 1434 records for SKIL
2025-04-08 23:11:58,319 - INFO - Retrieving data for STRS
2025-04-08 23:11:59,442 - INFO - Inserted/updated 3840 records for STRS
2025-04-08 23:12:00,446 - INFO - Retrieving data for NCA
2025-04-08 23:12:01,538 - INFO - Inserted/updated 3840 records for NCA
2025-04-08 23:12:02,539 - INFO - Retrieving data for ML
2025-04-08 23:12:03,009 - INFO - Inserted/updated 1168 records for ML
2025-04-08 23:12:04,013 - INFO - Retrieving data for UPLD
2025-04-08 23:12:05,838 - INFO - Inserted/updated 2620 records for UPLD
2025-04-08 23:12:06,839 - INFO - Retrieving data for OMGA
2025-04-08 23:12:07,284 - INFO - Inserted/updated 896 records for OMGA
2025-04-08 23:12:08,285 - INFO - Retrieving data for PMX
2025-04-08 23:12:09,469 - INFO - Inserted/updated 3840 records for PMX
2025-04-08 23:12:10,471 - INFO - Retrieving data for RYAM
2025-04-08 23:12:11,220 - INFO - Inserted/updated 2721 records for RYAM
2025-04-08 23:12:12,276 - INFO - Retrieving data for DMRC
2025-04-08 23:12:13,421 - INFO - Inserted/updated 3840 records for DMRC
2025-04-08 23:12:14,424 - INFO - Retrieving data for SBT
2025-04-08 23:12:15,003 - INFO - Inserted/updated 1857 records for SBT
2025-04-08 23:12:16,007 - INFO - Retrieving data for OPTN
2025-04-08 23:12:16,607 - INFO - Inserted/updated 1881 records for OPTN
2025-04-08 23:12:17,623 - INFO - Retrieving data for AMPY
2025-04-08 23:12:18,562 - INFO - Inserted/updated 3261 records for AMPY
2025-04-08 23:12:19,565 - INFO - Retrieving data for CLRB
2025-04-08 23:12:19,235 - INFO - Inserted/updated 3840 records for CLRB
2025-04-08 23:12:20,310 - INFO - Retrieving data for ARDC
2025-04-08 23:12:21,313 - INFO - Inserted/updated 3109 records for ARDC
2025-04-08 23:12:22,314 - INFO - Retrieving data for SAR
2025-04-08 23:12:23,303 - INFO - Inserted/updated 3840 records for SAR
2025-04-08 23:12:24,304 - INFO - Retrieving data for INSE
2025-04-08 23:12:25,005 - INFO - Inserted/updated 2080 records for INSE
2025-04-08 23:12:26,058 - INFO - Retrieving data for DHX
2025-04-08 23:12:27,060 - INFO - Inserted/updated 3840 records for DHX
2025-04-08 23:12:28,061 - INFO - Retrieving data for INVE
2025-04-08 23:12:29,097 - INFO - Inserted/updated 3840 records for INVE
2025-04-08 23:12:30,098 - INFO - Retrieving data for NEN
2025-04-08 23:12:31,131 - INFO - Inserted/updated 3840 records for NEN
2025-04-08 23:12:32,134 - INFO - Retrieving data for EDD
2025-04-08 23:12:33,186 - INFO - Inserted/updated 3840 records for EDD
2025-04-08 23:12:34,187 - INFO - Retrieving data for REI
2025-04-08 23:12:35,168 - INFO - Inserted/updated 3840 records for REI
2025-04-08 23:12:36,169 - INFO - Retrieving data for ACNB
2025-04-08 23:12:37,173 - INFO - Inserted/updated 3840 records for ACNB
2025-04-08 23:12:38,175 - INFO - Retrieving data for AFCG
2025-04-08 23:12:38,592 - INFO - Inserted/updated 1019 records for AFCG
2025-04-08 23:12:39,595 - INFO - Retrieving data for NGVC
2025-04-08 23:12:40,447 - INFO - Inserted/updated 3195 records for NGVC
2025-04-08 23:12:41,485 - INFO - Retrieving data for PRCH
2025-04-08 23:12:41,981 - INFO - Inserted/updated 1317 records for PRCH
2025-04-08 23:12:42,983 - INFO - Retrieving data for UNTY
2025-04-08 23:12:43,998 - INFO - Inserted/updated 3840 records for UNTY
2025-04-08 23:12:45,005 - INFO - Retrieving data for ALLK
2025-04-08 23:12:45,563 - INFO - Inserted/updated 1690 records for ALLK
2025-04-08 23:12:46,602 - INFO - Retrieving data for ZEUS
2025-04-08 23:12:47,671 - INFO - Inserted/updated 3840 records for ZEUS
2025-04-08 23:12:48,701 - INFO - Retrieving data for ORRF
2025-04-08 23:12:49,742 - INFO - Inserted/updated 3840 records for ORRF
2025-04-08 23:12:50,761 - INFO - Retrieving data for IIF
2025-04-08 23:12:50,378 - INFO - Inserted/updated 3840 records for IIF
2025-04-08 23:12:51,393 - INFO - Retrieving data for NN
2025-04-08 23:12:51,843 - INFO - Inserted/updated 864 records for NN
2025-04-08 23:12:52,843 - INFO - Retrieving data for FBIZ
2025-04-08 23:12:53,904 - INFO - Inserted/updated 3840 records for FBIZ
2025-04-08 23:12:55,120 - INFO - Retrieving data for MCR
2025-04-08 23:12:56,181 - INFO - Inserted/updated 3840 records for MCR
2025-04-08 23:12:57,184 - INFO - Retrieving data for HYI
2025-04-08 23:12:58,142 - INFO - Inserted/updated 3634 records for HYI
2025-04-08 23:12:59,144 - INFO - Retrieving data for PMF
2025-04-08 23:13:00,276 - INFO - Inserted/updated 3840 records for PMF
2025-04-08 23:13:01,278 - INFO - Retrieving data for CLPT
2025-04-08 23:13:01,923 - INFO - Inserted/updated 2180 records for CLPT
2025-04-08 23:13:02,924 - INFO - Retrieving data for PSTL
2025-04-08 23:13:03,663 - INFO - Inserted/updated 1484 records for PSTL
2025-04-08 23:13:04,665 - INFO - Retrieving data for PCQ
2025-04-08 23:13:06,706 - INFO - Inserted/updated 3840 records for PCQ
2025-04-08 23:13:07,710 - INFO - Retrieving data for EEX
2025-04-08 23:13:08,526 - INFO - Inserted/updated 1998 records for EEX
2025-04-08 23:13:09,561 - INFO - Retrieving data for SPXX
2025-04-08 23:13:10,555 - INFO - Inserted/updated 3840 records for SPXX
2025-04-08 23:13:11,557 - INFO - Retrieving data for AMTX
2025-04-08 23:13:12,355 - INFO - Inserted/updated 2737 records for AMTX
2025-04-08 23:13:13,357 - INFO - Retrieving data for NATH
2025-04-08 23:13:14,415 - INFO - Inserted/updated 3840 records for NATH
2025-04-08 23:13:15,417 - INFO - Retrieving data for ALTO
2025-04-08 23:13:16,506 - INFO - Inserted/updated 3840 records for ALTO
2025-04-08 23:13:17,508 - INFO - Retrieving data for SMLR
2025-04-08 23:13:19,247 - INFO - Inserted/updated 2798 records for SMLR
2025-04-08 23:13:20,248 - INFO - Retrieving data for LE
2025-04-08 23:13:21,082 - INFO - Inserted/updated 2781 records for LE
2025-04-08 23:13:22,085 - INFO - Retrieving data for TDUP
2025-04-08 23:13:21,101 - INFO - Inserted/updated 1014 records for TDUP
2025-04-08 23:13:22,107 - INFO - Retrieving data for OPRX
2025-04-08 23:13:23,099 - INFO - Inserted/updated 3821 records for OPRX
2025-04-08 23:13:24,101 - INFO - Retrieving data for PCB
2025-04-08 23:13:24,888 - INFO - Inserted/updated 2729 records for PCB
2025-04-08 23:13:25,894 - INFO - Retrieving data for OIS
2025-04-08 23:13:26,992 - INFO - Inserted/updated 3840 records for OIS
2025-04-08 23:13:27,994 - INFO - Retrieving data for EGY
2025-04-08 23:13:29,050 - INFO - Inserted/updated 3840 records for EGY
2025-04-08 23:13:30,054 - INFO - Retrieving data for CWCO
2025-04-08 23:13:31,087 - INFO - Inserted/updated 3840 records for CWCO
2025-04-08 23:13:32,089 - INFO - Retrieving data for URG
2025-04-08 23:13:33,099 - INFO - Inserted/updated 3840 records for URG
2025-04-08 23:13:34,102 - INFO - Retrieving data for MPAA
2025-04-08 23:13:35,224 - INFO - Inserted/updated 3840 records for MPAA
2025-04-08 23:13:36,227 - INFO - Retrieving data for EDAP
2025-04-08 23:13:37,259 - INFO - Inserted/updated 3840 records for EDAP
2025-04-08 23:13:38,263 - INFO - Retrieving data for NAUT
2025-04-08 23:13:38,643 - INFO - Inserted/updated 962 records for NAUT
2025-04-08 23:13:39,645 - INFO - Retrieving data for BKT
2025-04-08 23:13:40,715 - INFO - Inserted/updated 3840 records for BKT
2025-04-08 23:13:41,720 - INFO - Retrieving data for DIBS
2025-04-08 23:13:42,143 - INFO - Inserted/updated 962 records for DIBS
2025-04-08 23:13:43,145 - INFO - Retrieving data for POWL
2025-04-08 23:13:44,253 - INFO - Inserted/updated 3840 records for POWL
2025-04-08 23:13:45,255 - INFO - Retrieving data for MIST
2025-04-08 23:13:45,750 - INFO - Inserted/updated 1488 records for MIST
2025-04-08 23:13:46,751 - INFO - Retrieving data for FF
2025-04-08 23:13:47,721 - INFO - Inserted/updated 3533 records for FF
2025-04-08 23:13:48,741 - INFO - Retrieving data for NODK
2025-04-08 23:13:49,353 - INFO - Inserted/updated 2028 records for NODK
2025-04-08 23:13:50,353 - INFO - Retrieving data for MCI
2025-04-08 23:13:51,368 - INFO - Inserted/updated 3840 records for MCI
2025-04-08 23:13:52,400 - INFO - Retrieving data for INSG
2025-04-08 23:13:52,064 - INFO - Inserted/updated 3840 records for INSG
2025-04-08 23:13:53,067 - INFO - Retrieving data for UXIN
2025-04-08 23:13:53,697 - INFO - Inserted/updated 1705 records for UXIN
2025-04-08 23:13:54,753 - INFO - Retrieving data for GLO
2025-04-08 23:13:55,765 - INFO - Inserted/updated 3840 records for GLO
2025-04-08 23:13:56,771 - INFO - Retrieving data for ITIC
2025-04-08 23:13:57,865 - INFO - Inserted/updated 3840 records for ITIC
2025-04-08 23:13:58,868 - INFO - Retrieving data for GLRE
2025-04-08 23:13:59,874 - INFO - Inserted/updated 3840 records for GLRE
2025-04-08 23:14:00,878 - INFO - Retrieving data for ATRO
2025-04-08 23:14:02,019 - INFO - Inserted/updated 3840 records for ATRO
2025-04-08 23:14:03,021 - INFO - Retrieving data for BCOV
2025-04-08 23:14:04,246 - INFO - Inserted/updated 3260 records for BCOV
2025-04-08 23:14:05,439 - INFO - Retrieving data for EYPT
2025-04-08 23:14:06,470 - INFO - Inserted/updated 3840 records for EYPT
2025-04-08 23:14:07,471 - INFO - Retrieving data for KRON
2025-04-08 23:14:07,934 - INFO - Inserted/updated 1129 records for KRON
2025-04-08 23:14:08,944 - INFO - Retrieving data for CISO
2025-04-08 23:14:09,441 - INFO - Inserted/updated 1186 records for CISO
2025-04-08 23:14:10,442 - INFO - Retrieving data for MMT
2025-04-08 23:14:11,485 - INFO - Inserted/updated 3840 records for MMT
2025-04-08 23:14:12,533 - INFO - Retrieving data for EPM
2025-04-08 23:14:13,522 - INFO - Inserted/updated 3840 records for EPM
2025-04-08 23:14:14,544 - INFO - Retrieving data for USCB
2025-04-08 23:14:14,987 - INFO - Inserted/updated 932 records for USCB
2025-04-08 23:14:15,989 - INFO - Retrieving data for ERC
2025-04-08 23:14:17,116 - INFO - Inserted/updated 3840 records for ERC
2025-04-08 23:14:18,119 - INFO - Retrieving data for BGFV
2025-04-08 23:14:19,088 - INFO - Inserted/updated 3840 records for BGFV
2025-04-08 23:14:20,090 - INFO - Retrieving data for BGH
2025-04-08 23:14:20,907 - INFO - Inserted/updated 3129 records for BGH
2025-04-08 23:14:21,910 - INFO - Retrieving data for AADI
2025-04-08 23:14:22,557 - INFO - Inserted/updated 1895 records for AADI
2025-04-08 23:14:23,562 - INFO - Retrieving data for STRO
2025-04-08 23:14:22,676 - INFO - Inserted/updated 1641 records for STRO
2025-04-08 23:14:23,678 - INFO - Retrieving data for CELU
2025-04-08 23:14:24,285 - INFO - Inserted/updated 1409 records for CELU
2025-04-08 23:14:25,288 - INFO - Retrieving data for YI
2025-04-08 23:14:25,807 - INFO - Inserted/updated 1652 records for YI
2025-04-08 23:14:26,810 - INFO - Retrieving data for AIMD
2025-04-08 23:14:27,591 - INFO - Inserted/updated 2733 records for AIMD
2025-04-08 23:14:28,598 - INFO - Retrieving data for CIX
2025-04-08 23:14:29,647 - INFO - Inserted/updated 3840 records for CIX
2025-04-08 23:14:30,656 - INFO - Retrieving data for JGH
2025-04-08 23:14:31,354 - INFO - Inserted/updated 2608 records for JGH
2025-04-08 23:14:32,358 - INFO - Retrieving data for SCM
2025-04-08 23:14:33,168 - INFO - Inserted/updated 3122 records for SCM
2025-04-08 23:14:34,365 - INFO - Retrieving data for EOT
2025-04-08 23:14:35,340 - INFO - Inserted/updated 3840 records for EOT
2025-04-08 23:14:36,343 - INFO - Retrieving data for GRWG
2025-04-08 23:14:36,944 - INFO - Inserted/updated 2111 records for GRWG
2025-04-08 23:14:37,951 - INFO - Retrieving data for FVCB
2025-04-08 23:14:38,770 - INFO - Inserted/updated 2871 records for FVCB
2025-04-08 23:14:39,773 - INFO - Retrieving data for NRIM
2025-04-08 23:14:40,788 - INFO - Inserted/updated 3840 records for NRIM
2025-04-08 23:14:41,796 - INFO - Retrieving data for PKBK
2025-04-08 23:14:42,857 - INFO - Inserted/updated 3840 records for PKBK
2025-04-08 23:14:43,861 - INFO - Retrieving data for FCT
2025-04-08 23:14:44,850 - INFO - Inserted/updated 3840 records for FCT
2025-04-08 23:14:45,853 - INFO - Retrieving data for ATOM
2025-04-08 23:14:46,539 - INFO - Inserted/updated 2181 records for ATOM
2025-04-08 23:14:47,542 - INFO - Retrieving data for III
2025-04-08 23:14:48,532 - INFO - Inserted/updated 3840 records for III
2025-04-08 23:14:49,534 - INFO - Retrieving data for MQT
2025-04-08 23:14:50,581 - INFO - Inserted/updated 3840 records for MQT
2025-04-08 23:14:51,586 - INFO - Retrieving data for DBD
2025-04-08 23:14:51,858 - INFO - Inserted/updated 414 records for DBD
2025-04-08 23:14:52,866 - INFO - Retrieving data for AEF
2025-04-08 23:14:53,906 - INFO - Inserted/updated 3840 records for AEF
2025-04-08 23:14:53,520 - INFO - Retrieving data for VKTX
2025-04-08 23:14:54,233 - INFO - Inserted/updated 2502 records for VKTX
2025-04-08 23:14:55,237 - INFO - Retrieving data for ASA
2025-04-08 23:14:56,313 - INFO - Inserted/updated 3840 records for ASA
2025-04-08 23:14:57,316 - INFO - Retrieving data for OPT
2025-04-08 23:14:58,076 - INFO - Inserted/updated 2659 records for OPT
2025-04-08 23:14:59,081 - INFO - Retrieving data for BNY
2025-04-08 23:15:00,063 - INFO - Inserted/updated 3840 records for BNY
2025-04-08 23:15:01,067 - INFO - Retrieving data for DBVT
2025-04-08 23:15:01,854 - INFO - Inserted/updated 2631 records for DBVT
2025-04-08 23:15:02,857 - INFO - Retrieving data for PVBC
2025-04-08 23:15:03,571 - INFO - Inserted/updated 2448 records for PVBC
2025-04-08 23:15:04,576 - INFO - Retrieving data for OTLK
2025-04-08 23:15:05,306 - INFO - Inserted/updated 2218 records for OTLK
2025-04-08 23:15:06,310 - INFO - Retrieving data for GAMB
2025-04-08 23:15:06,702 - INFO - Inserted/updated 932 records for GAMB
2025-04-08 23:15:07,703 - INFO - Retrieving data for KLTR
2025-04-08 23:15:08,237 - INFO - Inserted/updated 934 records for KLTR
2025-04-08 23:15:09,238 - INFO - Retrieving data for UROY
2025-04-08 23:15:09,744 - INFO - Inserted/updated 1315 records for UROY
2025-04-08 23:15:10,750 - INFO - Retrieving data for SILC
2025-04-08 23:15:11,815 - INFO - Inserted/updated 3840 records for SILC
2025-04-08 23:15:13,371 - INFO - Retrieving data for JRS
2025-04-08 23:15:14,388 - INFO - Inserted/updated 3840 records for JRS
2025-04-08 23:15:15,392 - INFO - Retrieving data for UEIC
2025-04-08 23:15:16,419 - INFO - Inserted/updated 3840 records for UEIC
2025-04-08 23:15:17,421 - INFO - Retrieving data for REFI
2025-04-08 23:15:17,802 - INFO - Inserted/updated 836 records for REFI
2025-04-08 23:15:18,904 - INFO - Retrieving data for HOV
2025-04-08 23:15:19,965 - INFO - Inserted/updated 3840 records for HOV
2025-04-08 23:15:20,969 - INFO - Retrieving data for VYGR
2025-04-08 23:15:21,645 - INFO - Inserted/updated 2365 records for VYGR
2025-04-08 23:15:22,688 - INFO - Retrieving data for MLR
2025-04-08 23:15:23,846 - INFO - Inserted/updated 3840 records for MLR
2025-04-08 23:15:24,884 - INFO - Retrieving data for ADAP
2025-04-08 23:15:24,193 - INFO - Inserted/updated 2497 records for ADAP
2025-04-08 23:15:25,211 - INFO - Retrieving data for DMB
2025-04-08 23:15:26,051 - INFO - Inserted/updated 3007 records for DMB
2025-04-08 23:15:27,054 - INFO - Retrieving data for NVEC
2025-04-08 23:15:28,433 - INFO - Inserted/updated 3840 records for NVEC
2025-04-08 23:15:29,442 - INFO - Retrieving data for ZYME
2025-04-08 23:15:30,123 - INFO - Inserted/updated 1998 records for ZYME
2025-04-08 23:15:31,124 - INFO - Retrieving data for GNE
2025-04-08 23:15:32,285 - INFO - Inserted/updated 3382 records for GNE
2025-04-08 23:15:33,301 - INFO - Retrieving data for RNGR
2025-04-08 23:15:33,900 - INFO - Inserted/updated 1925 records for RNGR
2025-04-08 23:15:34,904 - INFO - Retrieving data for BGT
2025-04-08 23:15:36,006 - INFO - Inserted/updated 3840 records for BGT
2025-04-08 23:15:37,008 - INFO - Retrieving data for NCZ
2025-04-08 23:15:37,996 - INFO - Inserted/updated 3840 records for NCZ
2025-04-08 23:15:38,997 - INFO - Retrieving data for XAIR
2025-04-08 23:15:39,556 - INFO - Inserted/updated 1873 records for XAIR
2025-04-08 23:15:40,562 - INFO - Retrieving data for ABOS
2025-04-08 23:15:40,975 - INFO - Inserted/updated 947 records for ABOS
2025-04-08 23:15:41,986 - INFO - Retrieving data for PULM
2025-04-08 23:15:42,744 - INFO - Inserted/updated 2780 records for PULM
2025-04-08 23:15:43,797 - INFO - Retrieving data for BRBS
2025-04-08 23:15:44,795 - INFO - Inserted/updated 3798 records for BRBS
2025-04-08 23:15:45,807 - INFO - Retrieving data for OMER
2025-04-08 23:15:46,779 - INFO - Inserted/updated 3840 records for OMER
2025-04-08 23:15:47,784 - INFO - Retrieving data for TCBX
2025-04-08 23:15:48,120 - INFO - Inserted/updated 856 records for TCBX
2025-04-08 23:15:49,121 - INFO - Retrieving data for LSEA
2025-04-08 23:15:49,654 - INFO - Inserted/updated 1697 records for LSEA
2025-04-08 23:15:50,665 - INFO - Retrieving data for ALCO
2025-04-08 23:15:51,710 - INFO - Inserted/updated 3840 records for ALCO
2025-04-08 23:15:52,804 - INFO - Retrieving data for HROW
2025-04-08 23:15:53,808 - INFO - Inserted/updated 3840 records for HROW
2025-04-08 23:15:54,810 - INFO - Retrieving data for HRZN
2025-04-08 23:15:55,743 - INFO - Inserted/updated 3632 records for HRZN
2025-04-08 23:15:55,350 - INFO - Retrieving data for IREN
2025-04-08 23:15:55,711 - INFO - Inserted/updated 850 records for IREN
2025-04-08 23:15:56,711 - INFO - Retrieving data for LOCL
2025-04-08 23:15:57,099 - INFO - Inserted/updated 999 records for LOCL
2025-04-08 23:15:58,101 - INFO - Retrieving data for MUE
2025-04-08 23:15:59,144 - INFO - Inserted/updated 3840 records for MUE
2025-04-08 23:16:00,177 - INFO - Retrieving data for SSBK
2025-04-08 23:16:01,024 - INFO - Inserted/updated 918 records for SSBK
2025-04-08 23:16:02,035 - INFO - Retrieving data for MRNS
2025-04-08 23:16:02,947 - INFO - Inserted/updated 2650 records for MRNS
2025-04-08 23:16:03,952 - INFO - Retrieving data for PBFS
2025-04-08 23:16:05,257 - INFO - Inserted/updated 1440 records for PBFS
2025-04-08 23:16:06,354 - INFO - Retrieving data for JYNT
2025-04-08 23:16:07,056 - INFO - Inserted/updated 2617 records for JYNT
2025-04-08 23:16:08,190 - INFO - Retrieving data for PIII
2025-04-08 23:16:08,616 - INFO - Inserted/updated 1008 records for PIII
2025-04-08 23:16:09,619 - INFO - Retrieving data for EVER
2025-04-08 23:16:10,236 - INFO - Inserted/updated 1704 records for EVER
2025-04-08 23:16:11,247 - INFO - Retrieving data for VPV
2025-04-08 23:16:12,339 - INFO - Inserted/updated 3840 records for VPV
2025-04-08 23:16:13,344 - INFO - Retrieving data for AGS
2025-04-08 23:16:13,897 - INFO - Inserted/updated 1810 records for AGS
2025-04-08 23:16:15,039 - INFO - Retrieving data for VERI
2025-04-08 23:16:15,695 - INFO - Inserted/updated 1988 records for VERI
2025-04-08 23:16:16,778 - INFO - Retrieving data for BWFG
2025-04-08 23:16:17,740 - INFO - Inserted/updated 3778 records for BWFG
2025-04-08 23:16:18,752 - INFO - Retrieving data for KIO
2025-04-08 23:16:19,583 - INFO - Inserted/updated 2944 records for KIO
2025-04-08 23:16:20,586 - INFO - Retrieving data for ANNX
2025-04-08 23:16:21,026 - INFO - Inserted/updated 1183 records for ANNX
2025-04-08 23:16:22,028 - INFO - Retrieving data for NUW
2025-04-08 23:16:23,065 - INFO - Inserted/updated 3840 records for NUW
2025-04-08 23:16:24,072 - INFO - Retrieving data for BKN
2025-04-08 23:16:25,151 - INFO - Inserted/updated 3840 records for BKN
2025-04-08 23:16:26,155 - INFO - Retrieving data for XOS
2025-04-08 23:16:26,570 - INFO - Inserted/updated 912 records for XOS
2025-04-08 23:16:26,172 - INFO - Retrieving data for MYFW
2025-04-08 23:16:26,855 - INFO - Inserted/updated 1690 records for MYFW
2025-04-08 23:16:27,856 - INFO - Retrieving data for ZOM
2025-04-08 23:16:28,134 - ERROR - Error processing ticker ZOM: 'Time Series (Daily)'
2025-04-08 23:16:29,136 - INFO - Retrieving data for EGAN
2025-04-08 23:16:30,145 - INFO - Inserted/updated 3840 records for EGAN
2025-04-08 23:16:31,147 - INFO - Retrieving data for OMIC
2025-04-08 23:16:31,551 - INFO - Inserted/updated 939 records for OMIC
2025-04-08 23:16:32,553 - INFO - Retrieving data for NPV
2025-04-08 23:16:33,518 - INFO - Inserted/updated 3840 records for NPV
2025-04-08 23:16:34,522 - INFO - Retrieving data for QD
2025-04-08 23:16:35,091 - INFO - Inserted/updated 1878 records for QD
2025-04-08 23:16:36,100 - INFO - Retrieving data for PSF
2025-04-08 23:16:37,003 - INFO - Inserted/updated 3613 records for PSF
2025-04-08 23:16:38,007 - INFO - Retrieving data for BITF
2025-04-08 23:16:38,571 - INFO - Inserted/updated 1557 records for BITF
2025-04-08 23:16:39,575 - INFO - Retrieving data for NRDY
2025-04-08 23:16:40,033 - INFO - Inserted/updated 1095 records for NRDY
2025-04-08 23:16:41,039 - INFO - Retrieving data for TEI
2025-04-08 23:16:42,214 - INFO - Inserted/updated 3840 records for TEI
2025-04-08 23:16:43,229 - INFO - Retrieving data for AIP
2025-04-08 23:16:43,607 - INFO - Inserted/updated 865 records for AIP
2025-04-08 23:16:44,624 - INFO - Retrieving data for FLL
2025-04-08 23:16:45,677 - INFO - Inserted/updated 3840 records for FLL
2025-04-08 23:16:46,684 - INFO - Retrieving data for FGBI
2025-04-08 23:16:47,723 - INFO - Inserted/updated 3840 records for FGBI
2025-04-08 23:16:48,738 - INFO - Retrieving data for DLTH
2025-04-08 23:16:49,493 - INFO - Inserted/updated 2358 records for DLTH
2025-04-08 23:16:50,657 - INFO - Retrieving data for PCYO
2025-04-08 23:16:51,672 - INFO - Inserted/updated 3840 records for PCYO
2025-04-08 23:16:52,673 - INFO - Retrieving data for TSI
2025-04-08 23:16:53,718 - INFO - Inserted/updated 3840 records for TSI
2025-04-08 23:16:54,827 - INFO - Retrieving data for TMC
2025-04-08 23:16:55,241 - INFO - Inserted/updated 898 records for TMC
2025-04-08 23:16:56,248 - INFO - Retrieving data for FPH
2025-04-08 23:16:56,894 - INFO - Inserted/updated 1990 records for FPH
2025-04-08 23:16:57,897 - INFO - Retrieving data for FDBC
2025-04-08 23:16:57,560 - INFO - Inserted/updated 3833 records for FDBC
2025-04-08 23:16:58,562 - INFO - Retrieving data for SMTI
2025-04-08 23:16:59,435 - INFO - Inserted/updated 3547 records for SMTI
2025-04-08 23:17:00,438 - INFO - Retrieving data for BBW
2025-04-08 23:17:01,428 - INFO - Inserted/updated 3840 records for BBW
2025-04-08 23:17:02,430 - INFO - Retrieving data for WILC
2025-04-08 23:17:05,380 - INFO - Inserted/updated 3840 records for WILC
2025-04-08 23:17:06,413 - INFO - Retrieving data for VMD
2025-04-08 23:17:06,981 - INFO - Inserted/updated 1797 records for VMD
2025-04-08 23:17:07,983 - INFO - Retrieving data for LMNR
2025-04-08 23:17:09,078 - INFO - Inserted/updated 3840 records for LMNR
2025-04-08 23:17:10,080 - INFO - Retrieving data for SCD
2025-04-08 23:17:11,157 - INFO - Inserted/updated 3840 records for SCD
2025-04-08 23:17:12,160 - INFO - Retrieving data for DBL
2025-04-08 23:17:13,112 - INFO - Inserted/updated 3319 records for DBL
2025-04-08 23:17:14,117 - INFO - Retrieving data for TSBK
2025-04-08 23:17:15,142 - INFO - Inserted/updated 3840 records for TSBK
2025-04-08 23:17:16,144 - INFO - Retrieving data for ARL
2025-04-08 23:17:17,229 - INFO - Inserted/updated 3840 records for ARL
2025-04-08 23:17:18,232 - INFO - Retrieving data for WIA
2025-04-08 23:17:19,292 - INFO - Inserted/updated 3840 records for WIA
2025-04-08 23:17:20,294 - INFO - Retrieving data for PANL
2025-04-08 23:17:21,114 - INFO - Inserted/updated 2842 records for PANL
2025-04-08 23:17:22,117 - INFO - Retrieving data for HGLB
2025-04-08 23:17:22,683 - INFO - Inserted/updated 1544 records for HGLB
2025-04-08 23:17:23,688 - INFO - Retrieving data for UONE
2025-04-08 23:17:24,779 - INFO - Inserted/updated 3840 records for UONE
2025-04-08 23:17:25,789 - INFO - Retrieving data for WLDN
2025-04-08 23:17:26,821 - INFO - Inserted/updated 3840 records for WLDN
2025-04-08 23:17:27,824 - INFO - Retrieving data for MVT
2025-04-08 23:17:28,848 - INFO - Inserted/updated 3840 records for MVT
2025-04-08 23:17:28,448 - INFO - Retrieving data for PMTS
2025-04-08 23:17:29,107 - INFO - Inserted/updated 2388 records for PMTS
2025-04-08 23:17:30,142 - INFO - Retrieving data for LVLU
2025-04-08 23:17:30,503 - INFO - Inserted/updated 854 records for LVLU
2025-04-08 23:17:31,505 - INFO - Retrieving data for STKS
2025-04-08 23:17:32,247 - INFO - Inserted/updated 2712 records for STKS
2025-04-08 23:17:33,333 - INFO - Retrieving data for WEYS
2025-04-08 23:17:34,363 - INFO - Inserted/updated 3840 records for WEYS
2025-04-08 23:17:35,366 - INFO - Retrieving data for GPJA
2025-04-08 23:17:35,964 - INFO - Inserted/updated 1895 records for GPJA
2025-04-08 23:17:37,049 - INFO - Retrieving data for RIGL
2025-04-08 23:17:38,048 - INFO - Inserted/updated 3840 records for RIGL
2025-04-08 23:17:39,051 - INFO - Retrieving data for RDVT
2025-04-08 23:17:39,675 - INFO - Inserted/updated 1770 records for RDVT
2025-04-08 23:17:40,678 - INFO - Retrieving data for PKE
2025-04-08 23:17:41,694 - INFO - Inserted/updated 3840 records for PKE
2025-04-08 23:17:42,696 - INFO - Retrieving data for HFFG
2025-04-08 23:17:43,257 - INFO - Inserted/updated 1907 records for HFFG
2025-04-08 23:17:44,259 - INFO - Retrieving data for JAKK
2025-04-08 23:17:45,249 - INFO - Inserted/updated 3840 records for JAKK
2025-04-08 23:17:46,251 - INFO - Retrieving data for NDLS
2025-04-08 23:17:47,025 - INFO - Inserted/updated 2963 records for NDLS
2025-04-08 23:17:48,029 - INFO - Retrieving data for NXP
2025-04-08 23:17:49,068 - INFO - Inserted/updated 3840 records for NXP
2025-04-08 23:17:50,070 - INFO - Retrieving data for CNTY
2025-04-08 23:17:51,108 - INFO - Inserted/updated 3840 records for CNTY
2025-04-08 23:17:52,112 - INFO - Retrieving data for XERS
2025-04-08 23:17:52,677 - INFO - Inserted/updated 1709 records for XERS
2025-04-08 23:17:53,679 - INFO - Retrieving data for FUND
2025-04-08 23:17:54,683 - INFO - Inserted/updated 3840 records for FUND
2025-04-08 23:17:55,688 - INFO - Retrieving data for FSBW
2025-04-08 23:17:56,594 - INFO - Inserted/updated 3206 records for FSBW
2025-04-08 23:17:57,596 - INFO - Retrieving data for CPSS
2025-04-08 23:17:58,777 - INFO - Inserted/updated 3840 records for CPSS
2025-04-08 23:17:58,385 - INFO - Retrieving data for BKSY
2025-04-08 23:17:58,889 - INFO - Inserted/updated 1331 records for BKSY
2025-04-08 23:17:59,890 - INFO - Retrieving data for ESSA
2025-04-08 23:18:00,819 - INFO - Inserted/updated 3840 records for ESSA
2025-04-08 23:18:01,821 - INFO - Retrieving data for BATL
2025-04-08 23:18:02,316 - INFO - Inserted/updated 1329 records for BATL
2025-04-08 23:18:03,318 - INFO - Retrieving data for LCTX
2025-04-08 23:18:04,460 - INFO - Inserted/updated 3840 records for LCTX
2025-04-08 23:18:05,463 - INFO - Retrieving data for LOOP
2025-04-08 23:18:06,059 - INFO - Inserted/updated 1855 records for LOOP
2025-04-08 23:18:07,065 - INFO - Retrieving data for LYTS
2025-04-08 23:18:08,257 - INFO - Inserted/updated 3840 records for LYTS
2025-04-08 23:18:09,260 - INFO - Retrieving data for EVM
2025-04-08 23:18:10,442 - INFO - Inserted/updated 3840 records for EVM
2025-04-08 23:18:11,444 - INFO - Retrieving data for VSTM
2025-04-08 23:18:12,316 - INFO - Inserted/updated 3319 records for VSTM
2025-04-08 23:18:13,317 - INFO - Retrieving data for KMDA
2025-04-08 23:18:14,166 - INFO - Inserted/updated 2983 records for KMDA
2025-04-08 23:18:15,218 - INFO - Retrieving data for OBT
2025-04-08 23:18:16,182 - INFO - Inserted/updated 3826 records for OBT
2025-04-08 23:18:17,188 - INFO - Retrieving data for TLYS
2025-04-08 23:18:18,043 - INFO - Inserted/updated 3251 records for TLYS
2025-04-08 23:18:19,044 - INFO - Retrieving data for AKA
2025-04-08 23:18:19,453 - INFO - Inserted/updated 890 records for AKA
2025-04-08 23:18:20,486 - INFO - Retrieving data for VFF
2025-04-08 23:18:21,523 - INFO - Inserted/updated 3776 records for VFF
2025-04-08 23:18:22,525 - INFO - Retrieving data for ACV
2025-04-08 23:18:23,255 - INFO - Inserted/updated 2485 records for ACV
2025-04-08 23:18:24,259 - INFO - Retrieving data for OUST
2025-04-08 23:18:24,710 - INFO - Inserted/updated 1129 records for OUST
2025-04-08 23:18:25,712 - INFO - Retrieving data for JCE
2025-04-08 23:18:26,704 - INFO - Inserted/updated 3840 records for JCE
2025-04-08 23:18:27,707 - INFO - Retrieving data for NWFL
2025-04-08 23:18:28,737 - INFO - Inserted/updated 3840 records for NWFL
2025-04-08 23:18:29,740 - INFO - Retrieving data for PCK
2025-04-08 23:18:29,404 - INFO - Inserted/updated 3839 records for PCK
2025-04-08 23:18:30,409 - INFO - Retrieving data for MFM
2025-04-08 23:18:31,437 - INFO - Inserted/updated 3840 records for MFM
2025-04-08 23:18:32,440 - INFO - Retrieving data for THTX
2025-04-08 23:18:33,076 - INFO - Inserted/updated 2282 records for THTX
2025-04-08 23:18:34,080 - INFO - Retrieving data for MGNX
2025-04-08 23:18:34,834 - INFO - Inserted/updated 2891 records for MGNX
2025-04-08 23:18:35,880 - INFO - Retrieving data for LCNB
2025-04-08 23:18:36,859 - INFO - Inserted/updated 3840 records for LCNB
2025-04-08 23:18:37,863 - INFO - Retrieving data for OB
2025-04-08 23:18:38,220 - INFO - Inserted/updated 932 records for OB
2025-04-08 23:18:39,234 - INFO - Retrieving data for WLFC
2025-04-08 23:18:40,265 - INFO - Inserted/updated 3840 records for WLFC
2025-04-08 23:18:41,269 - INFO - Retrieving data for FAMI
2025-04-08 23:18:41,838 - INFO - Inserted/updated 1795 records for FAMI
2025-04-08 23:18:42,863 - INFO - Retrieving data for SWKH
2025-04-08 23:18:43,878 - INFO - Inserted/updated 3832 records for SWKH
2025-04-08 23:18:44,880 - INFO - Retrieving data for ETX
2025-04-08 23:18:45,734 - INFO - Inserted/updated 3029 records for ETX
2025-04-08 23:18:46,905 - INFO - Retrieving data for BSVN
2025-04-08 23:18:47,446 - INFO - Inserted/updated 1646 records for BSVN
2025-04-08 23:18:48,448 - INFO - Retrieving data for PTMN
2025-04-08 23:18:49,480 - INFO - Inserted/updated 3840 records for PTMN
2025-04-08 23:18:50,619 - INFO - Retrieving data for LIDR
2025-04-08 23:18:51,050 - INFO - Inserted/updated 1066 records for LIDR
2025-04-08 23:18:52,085 - INFO - Retrieving data for UTI
2025-04-08 23:18:53,108 - INFO - Inserted/updated 3840 records for UTI
2025-04-08 23:18:54,110 - INFO - Retrieving data for EOD
2025-04-08 23:18:55,123 - INFO - Inserted/updated 3840 records for EOD
2025-04-08 23:18:56,130 - INFO - Retrieving data for BZFD
2025-04-08 23:18:56,570 - INFO - Inserted/updated 1029 records for BZFD
2025-04-08 23:18:57,582 - INFO - Retrieving data for REAL
2025-04-08 23:18:58,134 - INFO - Inserted/updated 1453 records for REAL
2025-04-08 23:18:59,139 - INFO - Retrieving data for URGN
2025-04-08 23:18:59,732 - INFO - Inserted/updated 1994 records for URGN
2025-04-08 23:19:00,734 - INFO - Retrieving data for APYX
2025-04-08 23:19:01,255 - INFO - Inserted/updated 1576 records for APYX
2025-04-08 23:19:00,876 - INFO - Retrieving data for ARBK
2025-04-08 23:19:01,289 - INFO - Inserted/updated 889 records for ARBK
2025-04-08 23:19:02,306 - INFO - Retrieving data for MOGU
2025-04-08 23:19:02,863 - INFO - Inserted/updated 1593 records for MOGU
2025-04-08 23:19:03,864 - INFO - Retrieving data for CLBR
2025-04-08 23:19:04,127 - INFO - Inserted/updated 311 records for CLBR
2025-04-08 23:19:05,188 - INFO - Retrieving data for XCUR
2025-04-08 23:19:05,729 - INFO - Inserted/updated 1730 records for XCUR
2025-04-08 23:19:06,731 - INFO - Retrieving data for RENT
2025-04-08 23:19:07,112 - INFO - Inserted/updated 865 records for RENT
2025-04-08 23:19:08,188 - INFO - Retrieving data for ISTR
2025-04-08 23:19:08,918 - INFO - Inserted/updated 2710 records for ISTR
2025-04-08 23:19:09,925 - INFO - Retrieving data for VIRX
2025-04-08 23:19:10,957 - INFO - Inserted/updated 3840 records for VIRX
2025-04-08 23:19:11,960 - INFO - Retrieving data for FINS
2025-04-08 23:19:12,684 - INFO - Inserted/updated 1475 records for FINS
2025-04-08 23:19:13,686 - INFO - Retrieving data for NECB
2025-04-08 23:19:14,696 - INFO - Inserted/updated 3836 records for NECB
2025-04-08 23:19:15,770 - INFO - Retrieving data for MOLN
2025-04-08 23:19:16,190 - INFO - Inserted/updated 958 records for MOLN
2025-04-08 23:19:17,191 - INFO - Retrieving data for XOMA
2025-04-08 23:19:18,240 - INFO - Inserted/updated 3840 records for XOMA
2025-04-08 23:19:19,242 - INFO - Retrieving data for ACTG
2025-04-08 23:19:20,224 - INFO - Inserted/updated 3840 records for ACTG
2025-04-08 23:19:21,350 - INFO - Retrieving data for EVBN
2025-04-08 23:19:22,355 - INFO - Inserted/updated 3840 records for EVBN
2025-04-08 23:19:23,357 - INFO - Retrieving data for MXF
2025-04-08 23:19:24,412 - INFO - Inserted/updated 3840 records for MXF
2025-04-08 23:19:25,415 - INFO - Retrieving data for GNFT
2025-04-08 23:19:26,041 - INFO - Inserted/updated 1518 records for GNFT
2025-04-08 23:19:27,058 - INFO - Retrieving data for MHI
2025-04-08 23:19:28,163 - INFO - Inserted/updated 3840 records for MHI
2025-04-08 23:19:29,186 - INFO - Retrieving data for XXII
2025-04-08 23:19:30,070 - INFO - Inserted/updated 3572 records for XXII
2025-04-08 23:19:31,073 - INFO - Retrieving data for GGT
2025-04-08 23:19:32,109 - INFO - Inserted/updated 3840 records for GGT
2025-04-08 23:19:31,708 - INFO - Retrieving data for NKSH
2025-04-08 23:19:32,757 - INFO - Inserted/updated 3840 records for NKSH
2025-04-08 23:19:33,808 - INFO - Retrieving data for BBAI
2025-04-08 23:19:34,159 - INFO - Inserted/updated 829 records for BBAI
2025-04-08 23:19:35,160 - INFO - Retrieving data for CATO
2025-04-08 23:19:36,181 - INFO - Inserted/updated 3840 records for CATO
2025-04-08 23:19:37,183 - INFO - Retrieving data for ENJ
2025-04-08 23:19:38,007 - INFO - Inserted/updated 3104 records for ENJ
2025-04-08 23:19:39,008 - INFO - Retrieving data for IPHA
2025-04-08 23:19:39,492 - INFO - Inserted/updated 1376 records for IPHA
2025-04-08 23:19:40,494 - INFO - Retrieving data for TUSK
2025-04-08 23:19:41,121 - INFO - Inserted/updated 2132 records for TUSK
2025-04-08 23:19:42,135 - INFO - Retrieving data for XFLT
2025-04-08 23:19:42,723 - INFO - Inserted/updated 1893 records for XFLT
2025-04-08 23:19:43,739 - INFO - Retrieving data for ATLO
2025-04-08 23:19:44,758 - INFO - Inserted/updated 3840 records for ATLO
2025-04-08 23:19:45,763 - INFO - Retrieving data for PHT
2025-04-08 23:19:46,824 - INFO - Inserted/updated 3840 records for PHT
2025-04-08 23:19:47,830 - INFO - Retrieving data for RELL
2025-04-08 23:19:48,954 - INFO - Inserted/updated 3840 records for RELL
2025-04-08 23:19:50,041 - INFO - Retrieving data for PINE
2025-04-08 23:19:50,506 - INFO - Inserted/updated 1350 records for PINE
2025-04-08 23:19:51,508 - INFO - Retrieving data for HQI
2025-04-08 23:19:52,650 - INFO - Inserted/updated 3839 records for HQI
2025-04-08 23:19:53,656 - INFO - Retrieving data for NBH
2025-04-08 23:19:54,645 - INFO - Inserted/updated 3840 records for NBH
2025-04-08 23:19:55,672 - INFO - Retrieving data for CHMG
2025-04-08 23:19:56,762 - INFO - Inserted/updated 3840 records for CHMG
2025-04-08 23:19:57,770 - INFO - Retrieving data for FTF
2025-04-08 23:19:58,758 - INFO - Inserted/updated 3840 records for FTF
2025-04-08 23:19:59,795 - INFO - Retrieving data for EMP
2025-04-08 23:20:00,420 - INFO - Inserted/updated 2151 records for EMP
2025-04-08 23:20:01,422 - INFO - Retrieving data for AUTL
2025-04-08 23:20:02,006 - INFO - Inserted/updated 1708 records for AUTL
2025-04-08 23:20:03,010 - INFO - Retrieving data for UFI
2025-04-08 23:20:02,688 - INFO - Inserted/updated 3840 records for UFI
2025-04-08 23:20:03,692 - INFO - Retrieving data for BGLC
2025-04-08 23:20:04,146 - INFO - Inserted/updated 1145 records for BGLC
2025-04-08 23:20:05,148 - INFO - Retrieving data for MAV
2025-04-08 23:20:06,386 - INFO - Inserted/updated 3840 records for MAV
2025-04-08 23:20:07,389 - INFO - Retrieving data for SLQT
2025-04-08 23:20:07,879 - INFO - Inserted/updated 1227 records for SLQT
2025-04-08 23:20:08,891 - INFO - Retrieving data for ACIU
2025-04-08 23:20:09,563 - INFO - Inserted/updated 2147 records for ACIU
2025-04-08 23:20:10,564 - INFO - Retrieving data for DHY
2025-04-08 23:20:11,606 - INFO - Inserted/updated 3840 records for DHY
2025-04-08 23:20:12,607 - INFO - Retrieving data for LGI
2025-04-08 23:20:13,626 - INFO - Inserted/updated 3840 records for LGI
2025-04-08 23:20:14,653 - INFO - Retrieving data for BCML
2025-04-08 23:20:15,640 - INFO - Inserted/updated 3830 records for BCML
2025-04-08 23:20:16,653 - INFO - Retrieving data for EMX
2025-04-08 23:20:17,694 - INFO - Inserted/updated 3840 records for EMX
2025-04-08 23:20:18,701 - INFO - Retrieving data for ARAY
2025-04-08 23:20:19,658 - INFO - Inserted/updated 3840 records for ARAY
2025-04-08 23:20:20,672 - INFO - Retrieving data for VTN
2025-04-08 23:20:21,758 - INFO - Inserted/updated 3840 records for VTN
2025-04-08 23:20:22,761 - INFO - Retrieving data for WVE
2025-04-08 23:20:23,523 - INFO - Inserted/updated 2365 records for WVE
2025-04-08 23:20:24,525 - INFO - Retrieving data for FOSL
2025-04-08 23:20:25,546 - INFO - Inserted/updated 3840 records for FOSL
2025-04-08 23:20:26,548 - INFO - Retrieving data for INCR
2025-04-08 23:20:27,136 - INFO - Inserted/updated 1700 records for INCR
2025-04-08 23:20:28,138 - INFO - Retrieving data for TEAF
2025-04-08 23:20:28,702 - INFO - Inserted/updated 1518 records for TEAF
2025-04-08 23:20:29,704 - INFO - Retrieving data for CMRX
2025-04-08 23:20:30,587 - INFO - Inserted/updated 3018 records for CMRX
2025-04-08 23:20:31,588 - INFO - Retrieving data for FT
2025-04-08 23:20:32,602 - INFO - Inserted/updated 3840 records for FT
2025-04-08 23:20:33,605 - INFO - Retrieving data for CCRD
2025-04-08 23:20:33,218 - INFO - Inserted/updated 3839 records for CCRD
2025-04-08 23:20:34,226 - INFO - Retrieving data for OPP
2025-04-08 23:20:34,873 - INFO - Inserted/updated 2144 records for OPP
2025-04-08 23:20:35,875 - INFO - Retrieving data for CTGO
2025-04-08 23:20:36,756 - INFO - Inserted/updated 3538 records for CTGO
2025-04-08 23:20:37,763 - INFO - Retrieving data for IMMR
2025-04-08 23:20:38,903 - INFO - Inserted/updated 3840 records for IMMR
2025-04-08 23:20:39,925 - INFO - Retrieving data for SCOR
2025-04-08 23:20:40,889 - INFO - Inserted/updated 3840 records for SCOR
2025-04-08 23:20:41,892 - INFO - Retrieving data for CVGI
2025-04-08 23:20:42,938 - INFO - Inserted/updated 3840 records for CVGI
2025-04-08 23:20:43,943 - INFO - Retrieving data for PRPL
2025-04-08 23:20:44,505 - INFO - Inserted/updated 1804 records for PRPL
2025-04-08 23:20:45,517 - INFO - Retrieving data for GDO
2025-04-08 23:20:46,485 - INFO - Inserted/updated 3840 records for GDO
2025-04-08 23:20:47,512 - INFO - Retrieving data for EM
2025-04-08 23:20:47,925 - INFO - Inserted/updated 1010 records for EM
2025-04-08 23:20:48,988 - INFO - Retrieving data for CMLS
2025-04-08 23:20:50,019 - INFO - Inserted/updated 3674 records for CMLS
2025-04-08 23:20:51,021 - INFO - Retrieving data for WRN
2025-04-08 23:20:52,034 - INFO - Inserted/updated 3840 records for WRN
2025-04-08 23:20:53,036 - INFO - Retrieving data for TTSH
2025-04-08 23:20:53,914 - INFO - Inserted/updated 3175 records for TTSH
2025-04-08 23:20:54,917 - INFO - Retrieving data for ODC
2025-04-08 23:20:55,917 - INFO - Inserted/updated 3840 records for ODC
2025-04-08 23:20:56,937 - INFO - Retrieving data for DLHC
2025-04-08 23:20:57,974 - INFO - Inserted/updated 3840 records for DLHC
2025-04-08 23:20:58,977 - INFO - Retrieving data for WNEB
2025-04-08 23:20:59,951 - INFO - Inserted/updated 3840 records for WNEB
2025-04-08 23:21:00,964 - INFO - Retrieving data for MHLD
2025-04-08 23:21:01,943 - INFO - Inserted/updated 3840 records for MHLD
2025-04-08 23:21:02,948 - INFO - Retrieving data for LTRX
2025-04-08 23:21:05,561 - INFO - Inserted/updated 3840 records for LTRX
2025-04-08 23:21:06,595 - INFO - Retrieving data for EMF
2025-04-08 23:21:07,657 - INFO - Inserted/updated 3840 records for EMF
2025-04-08 23:21:08,659 - INFO - Retrieving data for NGL
2025-04-08 23:21:09,570 - INFO - Inserted/updated 3496 records for NGL
2025-04-08 23:21:10,572 - INFO - Retrieving data for TBNK
2025-04-08 23:21:11,533 - INFO - Inserted/updated 3836 records for TBNK
2025-04-08 23:21:12,534 - INFO - Retrieving data for NRO
2025-04-08 23:21:14,472 - INFO - Inserted/updated 3840 records for NRO
2025-04-08 23:21:15,474 - INFO - Retrieving data for IKNA
2025-04-08 23:21:15,879 - INFO - Inserted/updated 1014 records for IKNA
2025-04-08 23:21:16,893 - INFO - Retrieving data for CBAN
2025-04-08 23:21:17,980 - INFO - Inserted/updated 3840 records for CBAN
2025-04-08 23:21:18,984 - INFO - Retrieving data for CLNN
2025-04-08 23:21:19,509 - INFO - Inserted/updated 1072 records for CLNN
2025-04-08 23:21:20,539 - INFO - Retrieving data for CNF
2025-04-08 23:21:21,057 - INFO - Inserted/updated 1608 records for CNF
2025-04-08 23:21:22,064 - INFO - Retrieving data for RIV
2025-04-08 23:21:22,727 - INFO - Inserted/updated 2335 records for RIV
2025-04-08 23:21:23,728 - INFO - Retrieving data for QUAD
2025-04-08 23:21:24,671 - INFO - Inserted/updated 3714 records for QUAD
2025-04-08 23:21:25,680 - INFO - Retrieving data for PKOH
2025-04-08 23:21:26,860 - INFO - Inserted/updated 3840 records for PKOH
2025-04-08 23:21:27,864 - INFO - Retrieving data for MFIN
2025-04-08 23:21:28,933 - INFO - Inserted/updated 3840 records for MFIN
2025-04-08 23:21:29,935 - INFO - Retrieving data for VOR
2025-04-08 23:21:30,389 - INFO - Inserted/updated 1048 records for VOR
2025-04-08 23:21:31,390 - INFO - Retrieving data for BPRN
2025-04-08 23:21:32,065 - INFO - Inserted/updated 2199 records for BPRN
2025-04-08 23:21:33,093 - INFO - Retrieving data for EVI
2025-04-08 23:21:34,118 - INFO - Inserted/updated 3840 records for EVI
2025-04-08 23:21:35,120 - INFO - Retrieving data for MRBK
2025-04-08 23:21:34,314 - INFO - Inserted/updated 1864 records for MRBK
2025-04-08 23:21:35,317 - INFO - Retrieving data for NYXH
2025-04-08 23:21:35,797 - INFO - Inserted/updated 992 records for NYXH
2025-04-08 23:21:36,798 - INFO - Retrieving data for IGI
2025-04-08 23:21:37,731 - INFO - Inserted/updated 3840 records for IGI
2025-04-08 23:21:38,755 - INFO - Retrieving data for BWMN
2025-04-08 23:21:39,140 - INFO - Inserted/updated 985 records for BWMN
2025-04-08 23:21:40,144 - INFO - Retrieving data for GRX
2025-04-08 23:21:41,133 - INFO - Inserted/updated 3840 records for GRX
2025-04-08 23:21:42,134 - INFO - Retrieving data for NREF
2025-04-08 23:21:42,609 - INFO - Inserted/updated 1299 records for NREF
2025-04-08 23:21:43,612 - INFO - Retrieving data for LCUT
2025-04-08 23:21:44,695 - INFO - Inserted/updated 3840 records for LCUT
2025-04-08 23:21:45,716 - INFO - Retrieving data for GNLN
2025-04-08 23:21:46,228 - INFO - Inserted/updated 1502 records for GNLN
2025-04-08 23:21:47,232 - INFO - Retrieving data for MNSB
2025-04-08 23:21:47,888 - INFO - Inserted/updated 2200 records for MNSB
2025-04-08 23:21:48,894 - INFO - Retrieving data for ENVB
2025-04-08 23:21:49,534 - INFO - Inserted/updated 2188 records for ENVB
2025-04-08 23:21:50,538 - INFO - Retrieving data for WPRT
2025-04-08 23:21:51,565 - INFO - Inserted/updated 3840 records for WPRT
2025-04-08 23:21:52,575 - INFO - Retrieving data for YTRA
2025-04-08 23:21:53,274 - INFO - Inserted/updated 2087 records for YTRA
2025-04-08 23:21:54,297 - INFO - Retrieving data for RCKY
2025-04-08 23:21:55,310 - INFO - Inserted/updated 3840 records for RCKY
2025-04-08 23:21:56,316 - INFO - Retrieving data for MRCC
2025-04-08 23:21:57,188 - INFO - Inserted/updated 3130 records for MRCC
2025-04-08 23:21:58,189 - INFO - Retrieving data for OXSQ
2025-04-08 23:21:58,772 - INFO - Inserted/updated 1773 records for OXSQ
2025-04-08 23:21:59,777 - INFO - Retrieving data for KVHI
2025-04-08 23:22:00,899 - INFO - Inserted/updated 3840 records for KVHI
2025-04-08 23:22:01,968 - INFO - Retrieving data for ELA
2025-04-08 23:22:03,049 - INFO - Inserted/updated 3840 records for ELA
2025-04-08 23:22:04,051 - INFO - Retrieving data for AREC
2025-04-08 23:22:04,674 - INFO - Inserted/updated 1823 records for AREC
2025-04-08 23:22:05,675 - INFO - Retrieving data for CTXR
2025-04-08 23:22:06,243 - INFO - Inserted/updated 1951 records for CTXR
2025-04-08 23:22:05,846 - INFO - Retrieving data for RANI
2025-04-08 23:22:06,215 - INFO - Inserted/updated 927 records for RANI
2025-04-08 23:22:07,218 - INFO - Retrieving data for CVM
2025-04-08 23:22:08,259 - INFO - Inserted/updated 3840 records for CVM
2025-04-08 23:22:09,262 - INFO - Retrieving data for MLP
2025-04-08 23:22:10,398 - INFO - Inserted/updated 3840 records for MLP
2025-04-08 23:22:11,409 - INFO - Retrieving data for CIA
2025-04-08 23:22:12,451 - INFO - Inserted/updated 3840 records for CIA
2025-04-08 23:22:13,504 - INFO - Retrieving data for RGCO
2025-04-08 23:22:14,630 - INFO - Inserted/updated 3840 records for RGCO
2025-04-08 23:22:15,648 - INFO - Retrieving data for HNRG
2025-04-08 23:22:16,892 - INFO - Inserted/updated 3840 records for HNRG
2025-04-08 23:22:17,901 - INFO - Retrieving data for VOXX
2025-04-08 23:22:19,031 - INFO - Inserted/updated 3835 records for VOXX
2025-04-08 23:22:20,033 - INFO - Retrieving data for CAMP
2025-04-08 23:22:20,223 - INFO - Inserted/updated 122 records for CAMP
2025-04-08 23:22:21,225 - INFO - Retrieving data for ATNM
2025-04-08 23:22:22,268 - INFO - Inserted/updated 3089 records for ATNM
2025-04-08 23:22:23,270 - INFO - Retrieving data for BSL
2025-04-08 23:22:24,258 - INFO - Inserted/updated 3741 records for BSL
2025-04-08 23:22:25,368 - INFO - Retrieving data for RDW
2025-04-08 23:22:25,744 - INFO - Inserted/updated 903 records for RDW
2025-04-08 23:22:26,839 - INFO - Retrieving data for ASPS
2025-04-08 23:22:27,853 - INFO - Inserted/updated 3840 records for ASPS
2025-04-08 23:22:28,854 - INFO - Retrieving data for PNRG
2025-04-08 23:22:29,934 - INFO - Inserted/updated 3834 records for PNRG
2025-04-08 23:22:30,939 - INFO - Retrieving data for ANVS
2025-04-08 23:22:31,405 - INFO - Inserted/updated 1306 records for ANVS
2025-04-08 23:22:32,406 - INFO - Retrieving data for VBF
2025-04-08 23:22:33,506 - INFO - Inserted/updated 3840 records for VBF
2025-04-08 23:22:34,517 - INFO - Retrieving data for PIM
2025-04-08 23:22:35,540 - INFO - Inserted/updated 3840 records for PIM
2025-04-08 23:22:36,568 - INFO - Retrieving data for OPBK
2025-04-08 23:22:36,258 - INFO - Inserted/updated 3840 records for OPBK
2025-04-08 23:22:37,317 - INFO - Retrieving data for WMPN
2025-04-08 23:22:38,300 - INFO - Inserted/updated 3813 records for WMPN
2025-04-08 23:22:39,303 - INFO - Retrieving data for TWN
2025-04-08 23:22:40,388 - INFO - Inserted/updated 3840 records for TWN
2025-04-08 23:22:41,391 - INFO - Retrieving data for SAMG
2025-04-08 23:22:42,321 - INFO - Inserted/updated 2964 records for SAMG
2025-04-08 23:22:43,469 - INFO - Retrieving data for PZC
2025-04-08 23:22:44,575 - INFO - Inserted/updated 3840 records for PZC
2025-04-08 23:22:45,579 - INFO - Retrieving data for VABK
2025-04-08 23:22:46,573 - INFO - Inserted/updated 3831 records for VABK
2025-04-08 23:22:47,574 - INFO - Retrieving data for ARTL
2025-04-08 23:22:48,102 - INFO - Inserted/updated 1583 records for ARTL
2025-04-08 23:22:49,115 - INFO - Retrieving data for BSET
2025-04-08 23:22:50,133 - INFO - Inserted/updated 3840 records for BSET
2025-04-08 23:22:51,138 - INFO - Retrieving data for HOFT
2025-04-08 23:22:52,154 - INFO - Inserted/updated 3840 records for HOFT
2025-04-08 23:22:53,161 - INFO - Retrieving data for FENC
2025-04-08 23:22:53,866 - INFO - Inserted/updated 2662 records for FENC
2025-04-08 23:22:54,870 - INFO - Retrieving data for NATR
2025-04-08 23:22:55,871 - INFO - Inserted/updated 3840 records for NATR
2025-04-08 23:22:56,873 - INFO - Retrieving data for CRNT
2025-04-08 23:22:57,902 - INFO - Inserted/updated 3840 records for CRNT
2025-04-08 23:22:58,903 - INFO - Retrieving data for PLBY
2025-04-08 23:22:59,430 - INFO - Inserted/updated 1157 records for PLBY
2025-04-08 23:23:00,432 - INFO - Retrieving data for PSNL
2025-04-08 23:23:00,924 - INFO - Inserted/updated 1459 records for PSNL
2025-04-08 23:23:01,926 - INFO - Retrieving data for RMBI
2025-04-08 23:23:02,985 - INFO - Inserted/updated 1451 records for RMBI
2025-04-08 23:23:04,066 - INFO - Retrieving data for JOF
2025-04-08 23:23:05,250 - INFO - Inserted/updated 3840 records for JOF
2025-04-08 23:23:06,332 - INFO - Retrieving data for LINC
2025-04-08 23:23:07,343 - INFO - Inserted/updated 3840 records for LINC
2025-04-08 23:23:06,944 - INFO - Retrieving data for SOPH
2025-04-08 23:23:07,328 - INFO - Inserted/updated 932 records for SOPH
2025-04-08 23:23:08,331 - INFO - Retrieving data for ONDS
2025-04-08 23:23:08,781 - INFO - Inserted/updated 1276 records for ONDS
2025-04-08 23:23:09,782 - INFO - Retrieving data for TRUE
2025-04-08 23:23:10,842 - INFO - Inserted/updated 3840 records for TRUE
2025-04-08 23:23:11,907 - INFO - Retrieving data for SLNO
2025-04-08 23:23:12,642 - INFO - Inserted/updated 2615 records for SLNO
2025-04-08 23:23:13,664 - INFO - Retrieving data for MTA
2025-04-08 23:23:14,244 - INFO - Inserted/updated 1896 records for MTA
2025-04-08 23:23:15,246 - INFO - Retrieving data for PXS
2025-04-08 23:23:16,100 - INFO - Inserted/updated 2371 records for PXS
2025-04-08 23:23:17,166 - INFO - Retrieving data for INSI
2025-04-08 23:23:18,140 - INFO - Inserted/updated 3794 records for INSI
2025-04-08 23:23:19,144 - INFO - Retrieving data for PHUN
2025-04-08 23:23:19,801 - INFO - Inserted/updated 2118 records for PHUN
2025-04-08 23:23:20,801 - INFO - Retrieving data for KFS
2025-04-08 23:23:21,961 - INFO - Inserted/updated 3840 records for KFS
2025-04-08 23:23:22,964 - INFO - Retrieving data for SVRA
2025-04-08 23:23:23,971 - INFO - Inserted/updated 3840 records for SVRA
2025-04-08 23:23:24,974 - INFO - Retrieving data for MHH
2025-04-08 23:23:25,911 - INFO - Inserted/updated 3840 records for MHH
2025-04-08 23:23:26,921 - INFO - Retrieving data for FLC
2025-04-08 23:23:27,950 - INFO - Inserted/updated 3840 records for FLC
2025-04-08 23:23:28,952 - INFO - Retrieving data for JILL
2025-04-08 23:23:29,530 - INFO - Inserted/updated 2033 records for JILL
2025-04-08 23:23:30,532 - INFO - Retrieving data for RAIN
2025-04-08 23:23:30,715 - INFO - Inserted/updated 66 records for RAIN
2025-04-08 23:23:31,717 - INFO - Retrieving data for WIMI
2025-04-08 23:23:32,183 - INFO - Inserted/updated 1262 records for WIMI
2025-04-08 23:23:33,283 - INFO - Retrieving data for PLBC
2025-04-08 23:23:34,342 - INFO - Inserted/updated 3840 records for PLBC
2025-04-08 23:23:35,413 - INFO - Retrieving data for HOWL
2025-04-08 23:23:35,839 - INFO - Inserted/updated 990 records for HOWL
2025-04-08 23:23:36,891 - INFO - Retrieving data for CLSK
2025-04-08 23:23:37,554 - INFO - Inserted/updated 2311 records for CLSK
2025-04-08 23:23:38,560 - INFO - Retrieving data for ADN
2025-04-08 23:23:39,085 - INFO - Inserted/updated 1557 records for ADN
2025-04-08 23:23:38,686 - INFO - Retrieving data for CVRX
2025-04-08 23:23:39,125 - INFO - Inserted/updated 948 records for CVRX
2025-04-08 23:23:40,151 - INFO - Retrieving data for MPA
2025-04-08 23:23:41,163 - INFO - Inserted/updated 3840 records for MPA
2025-04-08 23:23:42,168 - INFO - Retrieving data for REX
2025-04-08 23:23:43,203 - INFO - Inserted/updated 3840 records for REX
2025-04-08 23:23:44,207 - INFO - Retrieving data for TCMD
2025-04-08 23:23:44,865 - INFO - Inserted/updated 2187 records for TCMD
2025-04-08 23:23:45,871 - INFO - Retrieving data for TNYA
2025-04-08 23:23:46,288 - INFO - Inserted/updated 927 records for TNYA
2025-04-08 23:23:47,310 - INFO - Retrieving data for PRPH
2025-04-08 23:23:48,304 - INFO - Inserted/updated 3839 records for PRPH
2025-04-08 23:23:49,313 - INFO - Retrieving data for OLMA
2025-04-08 23:23:49,777 - INFO - Inserted/updated 1100 records for OLMA
2025-04-08 23:23:50,780 - INFO - Retrieving data for ESEA
2025-04-08 23:23:51,784 - INFO - Inserted/updated 3840 records for ESEA
2025-04-08 23:23:52,814 - INFO - Retrieving data for MVO
2025-04-08 23:23:53,836 - INFO - Inserted/updated 3840 records for MVO
2025-04-08 23:23:54,838 - INFO - Retrieving data for KNDI
2025-04-08 23:23:55,832 - INFO - Inserted/updated 3840 records for KNDI
2025-04-08 23:23:56,837 - INFO - Retrieving data for TALK
2025-04-08 23:23:57,292 - INFO - Inserted/updated 1179 records for TALK
2025-04-08 23:23:58,296 - INFO - Retrieving data for BLZE
2025-04-08 23:23:58,693 - INFO - Inserted/updated 854 records for BLZE
2025-04-08 23:23:59,697 - INFO - Retrieving data for TWIN
2025-04-08 23:24:00,696 - INFO - Inserted/updated 3840 records for TWIN
2025-04-08 23:24:01,700 - INFO - Retrieving data for FSFG
2025-04-08 23:24:02,714 - INFO - Inserted/updated 3840 records for FSFG
2025-04-08 23:24:03,718 - INFO - Retrieving data for RDCM
2025-04-08 23:24:05,996 - INFO - Inserted/updated 3840 records for RDCM
2025-04-08 23:24:06,999 - INFO - Retrieving data for SGC
2025-04-08 23:24:08,214 - INFO - Inserted/updated 3840 records for SGC
2025-04-08 23:24:09,216 - INFO - Retrieving data for ENX
2025-04-08 23:24:08,843 - INFO - Inserted/updated 3840 records for ENX
2025-04-08 23:24:09,844 - INFO - Retrieving data for MBCN
2025-04-08 23:24:10,924 - INFO - Inserted/updated 3840 records for MBCN
2025-04-08 23:24:11,928 - INFO - Retrieving data for SPIR
2025-04-08 23:24:12,396 - INFO - Inserted/updated 1112 records for SPIR
2025-04-08 23:24:13,397 - INFO - Retrieving data for RCMT
2025-04-08 23:24:14,473 - INFO - Inserted/updated 3840 records for RCMT
2025-04-08 23:24:15,539 - INFO - Retrieving data for TERN
2025-04-08 23:24:16,079 - INFO - Inserted/updated 1048 records for TERN
2025-04-08 23:24:17,083 - INFO - Retrieving data for YJ
2025-04-08 23:24:17,600 - INFO - Inserted/updated 1492 records for YJ
2025-04-08 23:24:18,691 - INFO - Retrieving data for COFS
2025-04-08 23:24:19,688 - INFO - Inserted/updated 3832 records for COFS
2025-04-08 23:24:20,701 - INFO - Retrieving data for BSBK
2025-04-08 23:24:21,188 - INFO - Inserted/updated 1314 records for BSBK
2025-04-08 23:24:22,212 - INFO - Retrieving data for RCEL
2025-04-08 23:24:22,677 - INFO - Inserted/updated 1388 records for RCEL
2025-04-08 23:24:23,678 - INFO - Retrieving data for FNWB
2025-04-08 23:24:24,400 - INFO - Inserted/updated 2563 records for FNWB
2025-04-08 23:24:25,485 - INFO - Retrieving data for HYB
2025-04-08 23:24:26,517 - INFO - Inserted/updated 3801 records for HYB
2025-04-08 23:24:27,519 - INFO - Retrieving data for DHF
2025-04-08 23:24:28,660 - INFO - Inserted/updated 3840 records for DHF
2025-04-08 23:24:29,661 - INFO - Retrieving data for EPSN
2025-04-08 23:24:30,282 - INFO - Inserted/updated 2195 records for EPSN
2025-04-08 23:24:31,287 - INFO - Retrieving data for LION
2025-04-08 23:24:31,511 - INFO - Inserted/updated 226 records for LION
2025-04-08 23:24:32,513 - INFO - Retrieving data for CTRN
2025-04-08 23:24:33,495 - INFO - Inserted/updated 3840 records for CTRN
2025-04-08 23:24:34,497 - INFO - Retrieving data for MCN
2025-04-08 23:24:35,522 - INFO - Inserted/updated 3840 records for MCN
2025-04-08 23:24:36,524 - INFO - Retrieving data for SPE
2025-04-08 23:24:37,578 - INFO - Inserted/updated 3840 records for SPE
2025-04-08 23:24:38,583 - INFO - Retrieving data for PWOD
2025-04-08 23:24:39,630 - INFO - Inserted/updated 3840 records for PWOD
2025-04-08 23:24:40,632 - INFO - Retrieving data for OWLT
2025-04-08 23:24:39,670 - INFO - Inserted/updated 1110 records for OWLT
2025-04-08 23:24:40,672 - INFO - Retrieving data for EHI
2025-04-08 23:24:41,721 - INFO - Inserted/updated 3840 records for EHI
2025-04-08 23:24:42,725 - INFO - Retrieving data for SMHI
2025-04-08 23:24:43,428 - INFO - Inserted/updated 1974 records for SMHI
2025-04-08 23:24:44,432 - INFO - Retrieving data for CMCT
2025-04-08 23:24:45,449 - INFO - Inserted/updated 3840 records for CMCT
2025-04-08 23:24:46,480 - INFO - Retrieving data for IDE
2025-04-08 23:24:47,513 - INFO - Inserted/updated 3820 records for IDE
2025-04-08 23:24:48,517 - INFO - Retrieving data for APEI
2025-04-08 23:24:49,466 - INFO - Inserted/updated 3840 records for APEI
2025-04-08 23:24:50,469 - INFO - Retrieving data for KORE
2025-04-08 23:24:50,881 - INFO - Inserted/updated 883 records for KORE
2025-04-08 23:24:51,890 - INFO - Retrieving data for HURC
2025-04-08 23:24:52,906 - INFO - Inserted/updated 3840 records for HURC
2025-04-08 23:24:53,910 - INFO - Retrieving data for IVA
2025-04-08 23:24:54,408 - INFO - Inserted/updated 1193 records for IVA
2025-04-08 23:24:55,409 - INFO - Retrieving data for PDLB
2025-04-08 23:24:56,009 - INFO - Inserted/updated 1890 records for PDLB
2025-04-08 23:24:57,031 - INFO - Retrieving data for HBB
2025-04-08 23:24:57,608 - INFO - Inserted/updated 1894 records for HBB
2025-04-08 23:24:58,609 - INFO - Retrieving data for NNY
2025-04-08 23:24:59,654 - INFO - Inserted/updated 3840 records for NNY
2025-04-08 23:25:00,657 - INFO - Retrieving data for PPTA
2025-04-08 23:25:01,097 - INFO - Inserted/updated 1040 records for PPTA
2025-04-08 23:25:02,098 - INFO - Retrieving data for SGA
2025-04-08 23:25:03,885 - INFO - Inserted/updated 3840 records for SGA
2025-04-08 23:25:04,887 - INFO - Retrieving data for INFU
2025-04-08 23:25:06,781 - INFO - Inserted/updated 3840 records for INFU
2025-04-08 23:25:07,784 - INFO - Retrieving data for KULR
2025-04-08 23:25:08,345 - INFO - Inserted/updated 1682 records for KULR
2025-04-08 23:25:09,402 - INFO - Retrieving data for BCLI
2025-04-08 23:25:10,410 - INFO - Inserted/updated 3840 records for BCLI
2025-04-08 23:25:11,412 - INFO - Retrieving data for NAZ
2025-04-08 23:25:11,132 - INFO - Inserted/updated 3840 records for NAZ
2025-04-08 23:25:12,152 - INFO - Retrieving data for STXS
2025-04-08 23:25:13,210 - INFO - Inserted/updated 3838 records for STXS
2025-04-08 23:25:14,221 - INFO - Retrieving data for OPRT
2025-04-08 23:25:14,707 - INFO - Inserted/updated 1391 records for OPRT
2025-04-08 23:25:15,708 - INFO - Retrieving data for ARDX
2025-04-08 23:25:16,468 - INFO - Inserted/updated 2718 records for ARDX
2025-04-08 23:25:17,473 - INFO - Retrieving data for BKKT
2025-04-08 23:25:17,969 - INFO - Inserted/updated 1100 records for BKKT
2025-04-08 23:25:18,977 - INFO - Retrieving data for SJ
2025-04-08 23:25:19,776 - INFO - Inserted/updated 1525 records for SJ
2025-04-08 23:25:20,786 - INFO - Retrieving data for MAPS
2025-04-08 23:25:21,349 - INFO - Inserted/updated 1388 records for MAPS
2025-04-08 23:25:22,356 - INFO - Retrieving data for MTNB
2025-04-08 23:25:23,147 - INFO - Inserted/updated 2672 records for MTNB
2025-04-08 23:25:24,149 - INFO - Retrieving data for RPID
2025-04-08 23:25:24,529 - INFO - Inserted/updated 938 records for RPID
2025-04-08 23:25:25,532 - INFO - Retrieving data for OVLY
2025-04-08 23:25:26,616 - INFO - Inserted/updated 3840 records for OVLY
2025-04-08 23:25:27,618 - INFO - Retrieving data for ASYS
2025-04-08 23:25:28,659 - INFO - Inserted/updated 3840 records for ASYS
2025-04-08 23:25:29,686 - INFO - Retrieving data for NBTX
2025-04-08 23:25:30,160 - INFO - Inserted/updated 1085 records for NBTX
2025-04-08 23:25:31,183 - INFO - Retrieving data for CIK
2025-04-08 23:25:32,239 - INFO - Inserted/updated 3840 records for CIK
2025-04-08 23:25:33,240 - INFO - Retrieving data for SSSS
2025-04-08 23:25:34,168 - INFO - Inserted/updated 3508 records for SSSS
2025-04-08 23:25:35,170 - INFO - Retrieving data for HWBK
2025-04-08 23:25:36,274 - INFO - Inserted/updated 3840 records for HWBK
2025-04-08 23:25:37,276 - INFO - Retrieving data for PBPB
2025-04-08 23:25:38,113 - INFO - Inserted/updated 2895 records for PBPB
2025-04-08 23:25:39,138 - INFO - Retrieving data for CLLS
2025-04-08 23:25:39,918 - INFO - Inserted/updated 2526 records for CLLS
2025-04-08 23:25:40,920 - INFO - Retrieving data for RMTI
2025-04-08 23:25:41,916 - INFO - Inserted/updated 3840 records for RMTI
2025-04-08 23:25:41,548 - INFO - Retrieving data for SMSI
2025-04-08 23:25:42,586 - INFO - Inserted/updated 3840 records for SMSI
2025-04-08 23:25:43,600 - INFO - Retrieving data for OVID
2025-04-08 23:25:44,240 - INFO - Inserted/updated 1993 records for OVID
2025-04-08 23:25:45,259 - INFO - Retrieving data for BYRN
2025-04-08 23:25:46,181 - INFO - Inserted/updated 3542 records for BYRN
2025-04-08 23:25:47,183 - INFO - Retrieving data for PAYS
2025-04-08 23:25:48,283 - INFO - Inserted/updated 3840 records for PAYS
2025-04-08 23:25:49,285 - INFO - Retrieving data for RVSB
2025-04-08 23:25:50,328 - INFO - Inserted/updated 3840 records for RVSB
2025-04-08 23:25:51,351 - INFO - Retrieving data for QIPT
2025-04-08 23:25:51,725 - INFO - Inserted/updated 971 records for QIPT
2025-04-08 23:25:52,729 - INFO - Retrieving data for GLQ
2025-04-08 23:25:53,764 - INFO - Inserted/updated 3840 records for GLQ
2025-04-08 23:25:54,766 - INFO - Retrieving data for EVG
2025-04-08 23:25:55,786 - INFO - Inserted/updated 3840 records for EVG
2025-04-08 23:25:56,791 - INFO - Retrieving data for HEQ
2025-04-08 23:25:57,756 - INFO - Inserted/updated 3487 records for HEQ
2025-04-08 23:25:58,773 - INFO - Retrieving data for GENC
2025-04-08 23:25:59,781 - INFO - Inserted/updated 3840 records for GENC
2025-04-08 23:26:00,782 - INFO - Retrieving data for SEVN
2025-04-08 23:26:01,261 - INFO - Inserted/updated 1179 records for SEVN
2025-04-08 23:26:02,358 - INFO - Retrieving data for IGA
2025-04-08 23:26:03,377 - INFO - Inserted/updated 3840 records for IGA
2025-04-08 23:26:04,380 - INFO - Retrieving data for ALLT
2025-04-08 23:26:05,832 - INFO - Inserted/updated 3840 records for ALLT
2025-04-08 23:26:07,009 - INFO - Retrieving data for NRT
2025-04-08 23:26:08,116 - INFO - Inserted/updated 3840 records for NRT
2025-04-08 23:26:09,119 - INFO - Retrieving data for BGX
2025-04-08 23:26:10,059 - INFO - Inserted/updated 3571 records for BGX
2025-04-08 23:26:11,060 - INFO - Retrieving data for INMB
2025-04-08 23:26:11,577 - INFO - Inserted/updated 1554 records for INMB
2025-04-08 23:26:12,579 - INFO - Retrieving data for SANG
2025-04-08 23:26:12,953 - INFO - Inserted/updated 857 records for SANG
2025-04-08 23:26:12,562 - INFO - Retrieving data for MMLP
2025-04-08 23:26:13,602 - INFO - Inserted/updated 3840 records for MMLP
2025-04-08 23:26:14,637 - INFO - Retrieving data for FAT
2025-04-08 23:26:15,280 - INFO - Inserted/updated 1875 records for FAT
2025-04-08 23:26:16,281 - INFO - Retrieving data for CPS
2025-04-08 23:26:17,223 - INFO - Inserted/updated 3740 records for CPS
2025-04-08 23:26:18,262 - INFO - Retrieving data for SQNS
2025-04-08 23:26:19,224 - INFO - Inserted/updated 3514 records for SQNS
2025-04-08 23:26:20,229 - INFO - Retrieving data for QRHC
2025-04-08 23:26:21,178 - INFO - Inserted/updated 3839 records for QRHC
2025-04-08 23:26:22,187 - INFO - Retrieving data for BTA
2025-04-08 23:26:23,278 - INFO - Inserted/updated 3840 records for BTA
2025-04-08 23:26:24,289 - INFO - Retrieving data for ISSC
2025-04-08 23:26:25,330 - INFO - Inserted/updated 3840 records for ISSC
2025-04-08 23:26:26,339 - INFO - Retrieving data for TROO
2025-04-08 23:26:27,329 - INFO - Inserted/updated 3840 records for TROO
2025-04-08 23:26:28,340 - INFO - Retrieving data for ESCA
2025-04-08 23:26:29,483 - INFO - Inserted/updated 3840 records for ESCA
2025-04-08 23:26:30,485 - INFO - Retrieving data for ATXG
2025-04-08 23:26:31,080 - INFO - Inserted/updated 1996 records for ATXG
2025-04-08 23:26:32,082 - INFO - Retrieving data for WINV
2025-04-08 23:26:32,506 - INFO - Inserted/updated 884 records for WINV
2025-04-08 23:26:33,509 - INFO - Retrieving data for GORO
2025-04-08 23:26:34,553 - INFO - Inserted/updated 3840 records for GORO
2025-04-08 23:26:35,556 - INFO - Retrieving data for FET
2025-04-08 23:26:36,394 - INFO - Inserted/updated 3267 records for FET
2025-04-08 23:26:37,419 - INFO - Retrieving data for NAK
2025-04-08 23:26:38,508 - INFO - Inserted/updated 3840 records for NAK
2025-04-08 23:26:39,578 - INFO - Retrieving data for SPOK
2025-04-08 23:26:40,574 - INFO - Inserted/updated 3840 records for SPOK
2025-04-08 23:26:41,575 - INFO - Retrieving data for BNED
2025-04-08 23:26:42,285 - INFO - Inserted/updated 2436 records for BNED
2025-04-08 23:26:43,290 - INFO - Retrieving data for MSC
2025-04-08 23:26:43,801 - INFO - Inserted/updated 1626 records for MSC
2025-04-08 23:26:43,403 - INFO - Retrieving data for BWG
2025-04-08 23:26:44,287 - INFO - Inserted/updated 3277 records for BWG
2025-04-08 23:26:45,291 - INFO - Retrieving data for DRRX
2025-04-08 23:26:46,379 - INFO - Inserted/updated 3840 records for DRRX
2025-04-08 23:26:47,386 - INFO - Retrieving data for PEBK
2025-04-08 23:26:48,371 - INFO - Inserted/updated 3840 records for PEBK
2025-04-08 23:26:49,373 - INFO - Retrieving data for CAPR
2025-04-08 23:26:50,392 - INFO - Inserted/updated 3840 records for CAPR
2025-04-08 23:26:51,395 - INFO - Retrieving data for MHF
2025-04-08 23:26:52,445 - INFO - Inserted/updated 3840 records for MHF
2025-04-08 23:26:53,447 - INFO - Retrieving data for IMMP
2025-04-08 23:26:54,291 - INFO - Inserted/updated 3264 records for IMMP
2025-04-08 23:26:55,293 - INFO - Retrieving data for CDRO
2025-04-08 23:26:55,694 - INFO - Inserted/updated 841 records for CDRO
2025-04-08 23:26:56,695 - INFO - Retrieving data for CAAS
2025-04-08 23:26:57,720 - INFO - Inserted/updated 3840 records for CAAS
2025-04-08 23:26:58,724 - INFO - Retrieving data for OFS
2025-04-08 23:26:59,567 - INFO - Inserted/updated 3122 records for OFS
2025-04-08 23:27:00,569 - INFO - Retrieving data for AMSC
2025-04-08 23:27:01,608 - INFO - Inserted/updated 3840 records for AMSC
2025-04-08 23:27:02,610 - INFO - Retrieving data for FRAF
2025-04-08 23:27:03,661 - INFO - Inserted/updated 3837 records for FRAF
2025-04-08 23:27:04,663 - INFO - Retrieving data for STTK
2025-04-08 23:27:05,151 - INFO - Inserted/updated 1129 records for STTK
2025-04-08 23:27:06,154 - INFO - Retrieving data for CRT
2025-04-08 23:27:07,209 - INFO - Inserted/updated 3840 records for CRT
2025-04-08 23:27:08,238 - INFO - Retrieving data for ACP
2025-04-08 23:27:09,194 - INFO - Inserted/updated 3571 records for ACP
2025-04-08 23:27:10,196 - INFO - Retrieving data for MG
2025-04-08 23:27:11,205 - INFO - Inserted/updated 3840 records for MG
2025-04-08 23:27:12,209 - INFO - Retrieving data for UTSI
2025-04-08 23:27:13,328 - INFO - Inserted/updated 3840 records for UTSI
2025-04-08 23:27:14,329 - INFO - Retrieving data for BQ
2025-04-08 23:27:14,764 - INFO - Inserted/updated 1136 records for BQ
2025-04-08 23:27:14,368 - INFO - Retrieving data for MTRX
2025-04-08 23:27:15,488 - INFO - Inserted/updated 3840 records for MTRX
2025-04-08 23:27:16,491 - INFO - Retrieving data for FFNW
2025-04-08 23:27:17,569 - INFO - Inserted/updated 3840 records for FFNW
2025-04-08 23:27:18,573 - INFO - Retrieving data for CFBK
2025-04-08 23:27:19,637 - INFO - Inserted/updated 3840 records for CFBK
2025-04-08 23:27:20,639 - INFO - Retrieving data for CDZI
2025-04-08 23:27:21,661 - INFO - Inserted/updated 3840 records for CDZI
2025-04-08 23:27:22,662 - INFO - Retrieving data for MEC
2025-04-08 23:27:23,311 - INFO - Inserted/updated 1488 records for MEC
2025-04-08 23:27:24,313 - INFO - Retrieving data for EHTH
2025-04-08 23:27:25,305 - INFO - Inserted/updated 3840 records for EHTH
2025-04-08 23:27:26,307 - INFO - Retrieving data for INM
2025-04-08 23:27:27,315 - INFO - Inserted/updated 3833 records for INM
2025-04-08 23:27:28,317 - INFO - Retrieving data for GLSI
2025-04-08 23:27:28,816 - INFO - Inserted/updated 1139 records for GLSI
2025-04-08 23:27:29,882 - INFO - Retrieving data for SMMT
2025-04-08 23:27:30,612 - INFO - Inserted/updated 2540 records for SMMT
2025-04-08 23:27:31,622 - INFO - Retrieving data for SNDA
2025-04-08 23:27:32,740 - INFO - Inserted/updated 3840 records for SNDA
2025-04-08 23:27:33,767 - INFO - Retrieving data for SACH
2025-04-08 23:27:34,421 - INFO - Inserted/updated 2051 records for SACH
2025-04-08 23:27:35,437 - INFO - Retrieving data for TSQ
2025-04-08 23:27:36,203 - INFO - Inserted/updated 2694 records for TSQ
2025-04-08 23:27:37,204 - INFO - Retrieving data for MSD
2025-04-08 23:27:38,224 - INFO - Inserted/updated 3840 records for MSD
2025-04-08 23:27:39,232 - INFO - Retrieving data for PFD
2025-04-08 23:27:40,288 - INFO - Inserted/updated 3840 records for PFD
2025-04-08 23:27:41,293 - INFO - Retrieving data for MYNA
2025-04-08 23:27:41,652 - INFO - Inserted/updated 819 records for MYNA
2025-04-08 23:27:42,656 - INFO - Retrieving data for SNFCA
2025-04-08 23:27:43,638 - INFO - Inserted/updated 3840 records for SNFCA
2025-04-08 23:27:44,643 - INFO - Retrieving data for AOUT
2025-04-08 23:27:45,087 - INFO - Inserted/updated 1163 records for AOUT
2025-04-08 23:27:44,712 - INFO - Retrieving data for SLGL
2025-04-08 23:27:45,310 - INFO - Inserted/updated 1806 records for SLGL
2025-04-08 23:27:46,329 - INFO - Retrieving data for DMF
2025-04-08 23:27:47,386 - INFO - Inserted/updated 3840 records for DMF
2025-04-08 23:27:48,509 - INFO - Retrieving data for ANIX
2025-04-08 23:27:49,612 - INFO - Inserted/updated 3840 records for ANIX
2025-04-08 23:27:50,615 - INFO - Retrieving data for PLG
2025-04-08 23:27:51,611 - INFO - Inserted/updated 3840 records for PLG
2025-04-08 23:27:52,615 - INFO - Retrieving data for AVGR
2025-04-08 23:27:53,347 - INFO - Inserted/updated 2562 records for AVGR
2025-04-08 23:27:54,401 - INFO - Retrieving data for OVBC
2025-04-08 23:27:55,479 - INFO - Inserted/updated 3840 records for OVBC
2025-04-08 23:27:56,481 - INFO - Retrieving data for FCCO
2025-04-08 23:27:57,526 - INFO - Inserted/updated 3840 records for FCCO
2025-04-08 23:27:58,528 - INFO - Retrieving data for ATHA
2025-04-08 23:27:59,019 - INFO - Inserted/updated 1144 records for ATHA
2025-04-08 23:28:00,021 - INFO - Retrieving data for DAKT
2025-04-08 23:28:01,078 - INFO - Inserted/updated 3840 records for DAKT
2025-04-08 23:28:02,100 - INFO - Retrieving data for EOSE
2025-04-08 23:28:02,584 - INFO - Inserted/updated 1219 records for EOSE
2025-04-08 23:28:03,587 - INFO - Retrieving data for CRMD
2025-04-08 23:28:04,689 - INFO - Inserted/updated 3750 records for CRMD
2025-04-08 23:28:05,692 - INFO - Retrieving data for JHS
2025-04-08 23:28:06,686 - INFO - Inserted/updated 3840 records for JHS
2025-04-08 23:28:07,689 - INFO - Retrieving data for CHN
2025-04-08 23:28:08,751 - INFO - Inserted/updated 3840 records for CHN
2025-04-08 23:28:09,845 - INFO - Retrieving data for CLPR
2025-04-08 23:28:10,488 - INFO - Inserted/updated 2051 records for CLPR
2025-04-08 23:28:11,491 - INFO - Retrieving data for ORIC
2025-04-08 23:28:11,989 - INFO - Inserted/updated 1246 records for ORIC
2025-04-08 23:28:12,990 - INFO - Retrieving data for DMO
2025-04-08 23:28:13,968 - INFO - Inserted/updated 3805 records for DMO
2025-04-08 23:28:14,970 - INFO - Retrieving data for JFIN
2025-04-08 23:28:15,486 - INFO - Inserted/updated 1487 records for JFIN
2025-04-08 23:28:16,487 - INFO - Retrieving data for EBMT
2025-04-08 23:28:16,197 - INFO - Inserted/updated 3840 records for EBMT
2025-04-08 23:28:17,200 - INFO - Retrieving data for MPV
2025-04-08 23:28:18,342 - INFO - Inserted/updated 3840 records for MPV
2025-04-08 23:28:19,344 - INFO - Retrieving data for BANX
2025-04-08 23:28:20,132 - INFO - Inserted/updated 2871 records for BANX
2025-04-08 23:28:21,143 - INFO - Retrieving data for GOCO
2025-04-08 23:28:21,604 - INFO - Inserted/updated 1190 records for GOCO
2025-04-08 23:28:22,609 - INFO - Retrieving data for CZWI
2025-04-08 23:28:23,684 - INFO - Inserted/updated 3840 records for CZWI
2025-04-08 23:28:24,685 - INFO - Retrieving data for GLDG
2025-04-08 23:28:25,611 - INFO - Inserted/updated 3454 records for GLDG
2025-04-08 23:28:26,619 - INFO - Retrieving data for BFIN
2025-04-08 23:28:27,619 - INFO - Inserted/updated 3840 records for BFIN
2025-04-08 23:28:28,632 - INFO - Retrieving data for MITT
2025-04-08 23:28:29,534 - INFO - Inserted/updated 3464 records for MITT
2025-04-08 23:28:30,537 - INFO - Retrieving data for NGS
2025-04-08 23:28:31,550 - INFO - Inserted/updated 3840 records for NGS
2025-04-08 23:28:32,559 - INFO - Retrieving data for OPOF
2025-04-08 23:28:33,542 - INFO - Inserted/updated 3840 records for OPOF
2025-04-08 23:28:34,548 - INFO - Retrieving data for AE
2025-04-08 23:28:35,642 - INFO - Inserted/updated 3796 records for AE
2025-04-08 23:28:36,645 - INFO - Retrieving data for SCPH
2025-04-08 23:28:37,243 - INFO - Inserted/updated 1856 records for SCPH
2025-04-08 23:28:38,244 - INFO - Retrieving data for BCTX
2025-04-08 23:28:39,166 - INFO - Inserted/updated 3533 records for BCTX
2025-04-08 23:28:40,168 - INFO - Retrieving data for PRAX
2025-04-08 23:28:40,645 - INFO - Inserted/updated 1124 records for PRAX
2025-04-08 23:28:41,648 - INFO - Retrieving data for GRNQ
2025-04-08 23:28:42,312 - INFO - Inserted/updated 2331 records for GRNQ
2025-04-08 23:28:43,313 - INFO - Retrieving data for BEEM
2025-04-08 23:28:44,319 - INFO - Inserted/updated 3758 records for BEEM
2025-04-08 23:28:45,343 - INFO - Retrieving data for BRID
2025-04-08 23:28:46,341 - INFO - Inserted/updated 3840 records for BRID
2025-04-08 23:28:47,344 - INFO - Retrieving data for FINW
2025-04-08 23:28:46,308 - INFO - Inserted/updated 848 records for FINW
2025-04-08 23:28:47,309 - INFO - Retrieving data for MRAM
2025-04-08 23:28:48,030 - INFO - Inserted/updated 2137 records for MRAM
2025-04-08 23:28:49,034 - INFO - Retrieving data for FSTR
2025-04-08 23:28:50,102 - INFO - Inserted/updated 3840 records for FSTR
2025-04-08 23:28:51,106 - INFO - Retrieving data for HBIO
2025-04-08 23:28:52,133 - INFO - Inserted/updated 3840 records for HBIO
2025-04-08 23:28:53,289 - INFO - Retrieving data for WEA
2025-04-08 23:28:54,363 - INFO - Inserted/updated 3840 records for WEA
2025-04-08 23:28:55,384 - INFO - Retrieving data for LARK
2025-04-08 23:28:56,408 - INFO - Inserted/updated 3840 records for LARK
2025-04-08 23:28:57,413 - INFO - Retrieving data for HYFM
2025-04-08 23:28:57,836 - INFO - Inserted/updated 1086 records for HYFM
2025-04-08 23:28:58,861 - INFO - Retrieving data for DLNG
2025-04-08 23:28:59,670 - INFO - Inserted/updated 2867 records for DLNG
2025-04-08 23:29:00,673 - INFO - Retrieving data for SMID
2025-04-08 23:29:01,358 - INFO - Inserted/updated 2270 records for SMID
2025-04-08 23:29:02,359 - INFO - Retrieving data for CTRM
2025-04-08 23:29:03,042 - INFO - Inserted/updated 1549 records for CTRM
2025-04-08 23:29:04,049 - INFO - Retrieving data for ATXS
2025-04-08 23:29:04,769 - INFO - Inserted/updated 2462 records for ATXS
2025-04-08 23:29:05,773 - INFO - Retrieving data for ZEPP
2025-04-08 23:29:06,323 - INFO - Inserted/updated 1801 records for ZEPP
2025-04-08 23:29:07,324 - INFO - Retrieving data for FMN
2025-04-08 23:29:08,341 - INFO - Inserted/updated 3840 records for FMN
2025-04-08 23:29:09,346 - INFO - Retrieving data for BGSF
2025-04-08 23:29:10,099 - INFO - Inserted/updated 2754 records for BGSF
2025-04-08 23:29:11,102 - INFO - Retrieving data for NHS
2025-04-08 23:29:12,115 - INFO - Inserted/updated 3840 records for NHS
2025-04-08 23:29:13,129 - INFO - Retrieving data for XBIT
2025-04-08 23:29:13,838 - INFO - Inserted/updated 2512 records for XBIT
2025-04-08 23:29:14,857 - INFO - Retrieving data for FNWD
2025-04-08 23:29:15,973 - INFO - Inserted/updated 3835 records for FNWD
2025-04-08 23:29:17,135 - INFO - Retrieving data for SBFG
2025-04-08 23:29:18,340 - INFO - Inserted/updated 3840 records for SBFG
2025-04-08 23:29:17,946 - INFO - Retrieving data for IFRX
2025-04-08 23:29:18,718 - INFO - Inserted/updated 1864 records for IFRX
2025-04-08 23:29:19,720 - INFO - Retrieving data for ECF
2025-04-08 23:29:20,705 - INFO - Inserted/updated 3840 records for ECF
2025-04-08 23:29:21,709 - INFO - Retrieving data for CBAT
2025-04-08 23:29:22,752 - INFO - Inserted/updated 3840 records for CBAT
2025-04-08 23:29:23,758 - INFO - Retrieving data for JFU
2025-04-08 23:29:24,241 - INFO - Inserted/updated 1420 records for JFU
2025-04-08 23:29:25,258 - INFO - Retrieving data for TELA
2025-04-08 23:29:25,760 - INFO - Inserted/updated 1360 records for TELA
2025-04-08 23:29:26,775 - INFO - Retrieving data for PBHC
2025-04-08 23:29:27,835 - INFO - Inserted/updated 3840 records for PBHC
2025-04-08 23:29:28,838 - INFO - Retrieving data for RRGB
2025-04-08 23:29:29,817 - INFO - Inserted/updated 3840 records for RRGB
2025-04-08 23:29:30,822 - INFO - Retrieving data for CWBC
2025-04-08 23:29:31,891 - INFO - Inserted/updated 3840 records for CWBC
2025-04-08 23:29:32,913 - INFO - Retrieving data for GF
2025-04-08 23:29:33,895 - INFO - Inserted/updated 3840 records for GF
2025-04-08 23:29:34,898 - INFO - Retrieving data for SNCR
2025-04-08 23:29:35,940 - INFO - Inserted/updated 3840 records for SNCR
2025-04-08 23:29:37,097 - INFO - Retrieving data for CELC
2025-04-08 23:29:37,674 - INFO - Inserted/updated 1898 records for CELC
2025-04-08 23:29:38,687 - INFO - Retrieving data for QH
2025-04-08 23:29:39,129 - INFO - Inserted/updated 1193 records for QH
2025-04-08 23:29:40,142 - INFO - Retrieving data for TSHA
2025-04-08 23:29:40,662 - INFO - Inserted/updated 1140 records for TSHA
2025-04-08 23:29:41,663 - INFO - Retrieving data for EML
2025-04-08 23:29:42,725 - INFO - Inserted/updated 3840 records for EML
2025-04-08 23:29:43,726 - INFO - Retrieving data for TKNO
2025-04-08 23:29:44,118 - INFO - Inserted/updated 951 records for TKNO
2025-04-08 23:29:45,122 - INFO - Retrieving data for MDXH
2025-04-08 23:29:45,491 - INFO - Inserted/updated 859 records for MDXH
2025-04-08 23:29:46,493 - INFO - Retrieving data for ETNB
2025-04-08 23:29:46,963 - INFO - Inserted/updated 1359 records for ETNB
2025-04-08 23:29:47,965 - INFO - Retrieving data for ACHL
2025-04-08 23:29:48,382 - INFO - Inserted/updated 1002 records for ACHL
2025-04-08 23:29:47,977 - INFO - Retrieving data for GAN
2025-04-08 23:29:48,440 - INFO - Inserted/updated 1239 records for GAN
2025-04-08 23:29:49,441 - INFO - Retrieving data for IVAC
2025-04-08 23:29:50,494 - INFO - Inserted/updated 3834 records for IVAC
2025-04-08 23:29:51,496 - INFO - Retrieving data for TRX
2025-04-08 23:29:52,514 - INFO - Inserted/updated 3840 records for TRX
2025-04-08 23:29:53,516 - INFO - Retrieving data for CSBR
2025-04-08 23:29:54,509 - INFO - Inserted/updated 3840 records for CSBR
2025-04-08 23:29:55,513 - INFO - Retrieving data for VOC
2025-04-08 23:29:56,390 - INFO - Inserted/updated 3502 records for VOC
2025-04-08 23:29:57,392 - INFO - Retrieving data for CTO
2025-04-08 23:29:58,439 - INFO - Inserted/updated 3840 records for CTO
2025-04-08 23:29:59,442 - INFO - Retrieving data for PFO
2025-04-08 23:30:00,503 - INFO - Inserted/updated 3840 records for PFO
2025-04-08 23:30:01,549 - INFO - Retrieving data for AGD
2025-04-08 23:30:03,783 - INFO - Inserted/updated 3840 records for AGD
2025-04-08 23:30:04,789 - INFO - Retrieving data for FLNT
2025-04-08 23:30:06,226 - INFO - Inserted/updated 3840 records for FLNT
2025-04-08 23:30:07,228 - INFO - Retrieving data for CMCL
2025-04-08 23:30:07,844 - INFO - Inserted/updated 1955 records for CMCL
2025-04-08 23:30:08,847 - INFO - Retrieving data for ATOS
2025-04-08 23:30:10,093 - INFO - Inserted/updated 3122 records for ATOS
2025-04-08 23:30:11,099 - INFO - Retrieving data for ERH
2025-04-08 23:30:12,201 - INFO - Inserted/updated 3840 records for ERH
2025-04-08 23:30:13,215 - INFO - Retrieving data for MREO
2025-04-08 23:30:13,986 - INFO - Inserted/updated 1499 records for MREO
2025-04-08 23:30:14,992 - INFO - Retrieving data for GASS
2025-04-08 23:30:16,125 - INFO - Inserted/updated 3840 records for GASS
2025-04-08 23:30:17,175 - INFO - Retrieving data for TSAT
2025-04-08 23:30:17,540 - INFO - Inserted/updated 848 records for TSAT
2025-04-08 23:30:18,551 - INFO - Retrieving data for SRL
2025-04-08 23:30:19,608 - INFO - Inserted/updated 3840 records for SRL
2025-04-08 23:30:19,216 - INFO - Retrieving data for KPLT
2025-04-08 23:30:19,686 - INFO - Inserted/updated 1326 records for KPLT
2025-04-08 23:30:20,689 - INFO - Retrieving data for WULF
2025-04-08 23:30:21,698 - INFO - Inserted/updated 3840 records for WULF
2025-04-08 23:30:22,718 - INFO - Retrieving data for PHX
2025-04-08 23:30:23,780 - INFO - Inserted/updated 3840 records for PHX
2025-04-08 23:30:24,782 - INFO - Retrieving data for MNTS
2025-04-08 23:30:25,253 - INFO - Inserted/updated 1324 records for MNTS
2025-04-08 23:30:26,255 - INFO - Retrieving data for FUNC
2025-04-08 23:30:27,221 - INFO - Inserted/updated 3840 records for FUNC
2025-04-08 23:30:28,224 - INFO - Retrieving data for CXE
2025-04-08 23:30:29,237 - INFO - Inserted/updated 3840 records for CXE
2025-04-08 23:30:30,241 - INFO - Retrieving data for JHI
2025-04-08 23:30:31,331 - INFO - Inserted/updated 3840 records for JHI
2025-04-08 23:30:32,358 - INFO - Retrieving data for FORA
2025-04-08 23:30:32,910 - INFO - Inserted/updated 1031 records for FORA
2025-04-08 23:30:33,911 - INFO - Retrieving data for KOPN
2025-04-08 23:30:34,988 - INFO - Inserted/updated 3840 records for KOPN
2025-04-08 23:30:35,993 - INFO - Retrieving data for AXDX
2025-04-08 23:30:37,109 - INFO - Inserted/updated 3840 records for AXDX
2025-04-08 23:30:38,136 - INFO - Retrieving data for NIM
2025-04-08 23:30:39,258 - INFO - Inserted/updated 3840 records for NIM
2025-04-08 23:30:40,262 - INFO - Retrieving data for SOTK
2025-04-08 23:30:40,926 - INFO - Inserted/updated 2210 records for SOTK
2025-04-08 23:30:41,943 - INFO - Retrieving data for CBFV
2025-04-08 23:30:42,960 - INFO - Inserted/updated 3840 records for CBFV
2025-04-08 23:30:43,974 - INFO - Retrieving data for PAI
2025-04-08 23:30:45,024 - INFO - Inserted/updated 3840 records for PAI
2025-04-08 23:30:46,026 - INFO - Retrieving data for CGO
2025-04-08 23:30:47,008 - INFO - Inserted/updated 3840 records for CGO
2025-04-08 23:30:48,104 - INFO - Retrieving data for XYF
2025-04-08 23:30:48,636 - INFO - Inserted/updated 1647 records for XYF
2025-04-08 23:30:49,637 - INFO - Retrieving data for UBFO
2025-04-08 23:30:50,707 - INFO - Inserted/updated 3840 records for UBFO
2025-04-08 23:30:50,310 - INFO - Retrieving data for RDI
2025-04-08 23:30:51,377 - INFO - Inserted/updated 3840 records for RDI
2025-04-08 23:30:52,380 - INFO - Retrieving data for VRA
2025-04-08 23:30:53,373 - INFO - Inserted/updated 3638 records for VRA
2025-04-08 23:30:54,377 - INFO - Retrieving data for CHMI
2025-04-08 23:30:55,193 - INFO - Inserted/updated 2895 records for CHMI
2025-04-08 23:30:56,197 - INFO - Retrieving data for PVL
2025-04-08 23:30:57,054 - INFO - Inserted/updated 3374 records for PVL
2025-04-08 23:30:58,059 - INFO - Retrieving data for LITB
2025-04-08 23:30:58,961 - INFO - Inserted/updated 2979 records for LITB
2025-04-08 23:30:59,965 - INFO - Retrieving data for KF
2025-04-08 23:31:00,913 - INFO - Inserted/updated 3840 records for KF
2025-04-08 23:31:01,921 - INFO - Retrieving data for PDSB
2025-04-08 23:31:02,943 - INFO - Inserted/updated 2394 records for PDSB
2025-04-08 23:31:03,948 - INFO - Retrieving data for PHD
2025-04-08 23:31:05,255 - INFO - Inserted/updated 3840 records for PHD
2025-04-08 23:31:06,258 - INFO - Retrieving data for VATE
2025-04-08 23:31:07,213 - INFO - Inserted/updated 3840 records for VATE
2025-04-08 23:31:08,216 - INFO - Retrieving data for MGF
2025-04-08 23:31:09,246 - INFO - Inserted/updated 3840 records for MGF
2025-04-08 23:31:10,252 - INFO - Retrieving data for SFBC
2025-04-08 23:31:11,187 - INFO - Inserted/updated 3840 records for SFBC
2025-04-08 23:31:12,194 - INFO - Retrieving data for CYBN
2025-04-08 23:31:12,638 - INFO - Inserted/updated 1194 records for CYBN
2025-04-08 23:31:13,639 - INFO - Retrieving data for GDL
2025-04-08 23:31:14,673 - INFO - Inserted/updated 3840 records for GDL
2025-04-08 23:31:15,683 - INFO - Retrieving data for GNSS
2025-04-08 23:31:16,832 - INFO - Inserted/updated 3840 records for GNSS
2025-04-08 23:31:17,866 - INFO - Retrieving data for GAU
2025-04-08 23:31:19,145 - INFO - Inserted/updated 3840 records for GAU
2025-04-08 23:31:20,152 - INFO - Retrieving data for UNB
2025-04-08 23:31:21,194 - INFO - Inserted/updated 3840 records for UNB
2025-04-08 23:31:20,796 - INFO - Retrieving data for ALZN
2025-04-08 23:31:21,200 - INFO - Inserted/updated 959 records for ALZN
2025-04-08 23:31:22,201 - INFO - Retrieving data for LEE
2025-04-08 23:31:23,281 - INFO - Inserted/updated 3840 records for LEE
2025-04-08 23:31:24,290 - INFO - Retrieving data for RCAT
2025-04-08 23:31:24,863 - INFO - Inserted/updated 1870 records for RCAT
2025-04-08 23:31:25,864 - INFO - Retrieving data for INTG
2025-04-08 23:31:26,909 - INFO - Inserted/updated 3840 records for INTG
2025-04-08 23:31:27,914 - INFO - Retrieving data for ENZ
2025-04-08 23:31:28,957 - INFO - Inserted/updated 3840 records for ENZ
2025-04-08 23:31:29,962 - INFO - Retrieving data for SBI
2025-04-08 23:31:31,024 - INFO - Inserted/updated 3840 records for SBI
2025-04-08 23:31:32,026 - INFO - Retrieving data for JG
2025-04-08 23:31:32,573 - INFO - Inserted/updated 1685 records for JG
2025-04-08 23:31:33,586 - INFO - Retrieving data for ASRT
2025-04-08 23:31:34,577 - INFO - Inserted/updated 3840 records for ASRT
2025-04-08 23:31:35,579 - INFO - Retrieving data for NNBR
2025-04-08 23:31:36,614 - INFO - Inserted/updated 3840 records for NNBR
2025-04-08 23:31:37,616 - INFO - Retrieving data for XNET
2025-04-08 23:31:38,330 - INFO - Inserted/updated 2715 records for XNET
2025-04-08 23:31:39,342 - INFO - Retrieving data for PROF
2025-04-08 23:31:39,969 - INFO - Inserted/updated 2092 records for PROF
2025-04-08 23:31:40,975 - INFO - Retrieving data for CTMX
2025-04-08 23:31:41,704 - INFO - Inserted/updated 2389 records for CTMX
2025-04-08 23:31:42,755 - INFO - Retrieving data for ADVM
2025-04-08 23:31:43,424 - INFO - Inserted/updated 2330 records for ADVM
2025-04-08 23:31:44,426 - INFO - Retrieving data for MNOV
2025-04-08 23:31:45,386 - INFO - Inserted/updated 3840 records for MNOV
2025-04-08 23:31:46,389 - INFO - Retrieving data for DIT
2025-04-08 23:31:47,507 - INFO - Inserted/updated 3840 records for DIT
2025-04-08 23:31:48,510 - INFO - Retrieving data for KRMD
2025-04-08 23:31:49,683 - INFO - Inserted/updated 3838 records for KRMD
2025-04-08 23:31:50,689 - INFO - Retrieving data for NINE
2025-04-08 23:31:51,282 - INFO - Inserted/updated 1815 records for NINE
2025-04-08 23:31:52,284 - INFO - Retrieving data for PRT
2025-04-08 23:31:51,458 - INFO - Inserted/updated 1744 records for PRT
2025-04-08 23:31:52,460 - INFO - Retrieving data for CKPT
2025-04-08 23:31:53,075 - INFO - Inserted/updated 2087 records for CKPT
2025-04-08 23:31:54,078 - INFO - Retrieving data for GALT
2025-04-08 23:31:55,103 - INFO - Inserted/updated 3840 records for GALT
2025-04-08 23:31:56,126 - INFO - Retrieving data for FLXS
2025-04-08 23:31:57,149 - INFO - Inserted/updated 3840 records for FLXS
2025-04-08 23:31:58,160 - INFO - Retrieving data for RBKB
2025-04-08 23:31:58,688 - INFO - Inserted/updated 1565 records for RBKB
2025-04-08 23:31:59,689 - INFO - Retrieving data for CPHC
2025-04-08 23:32:00,643 - INFO - Inserted/updated 3840 records for CPHC
2025-04-08 23:32:01,648 - INFO - Retrieving data for NTIC
2025-04-08 23:32:02,916 - INFO - Inserted/updated 3840 records for NTIC
2025-04-08 23:32:04,091 - INFO - Retrieving data for ASUR
2025-04-08 23:32:05,158 - INFO - Inserted/updated 3840 records for ASUR
2025-04-08 23:32:06,161 - INFO - Retrieving data for NXTC
2025-04-08 23:32:06,672 - INFO - Inserted/updated 1488 records for NXTC
2025-04-08 23:32:07,675 - INFO - Retrieving data for PROV
2025-04-08 23:32:08,709 - INFO - Inserted/updated 3840 records for PROV
2025-04-08 23:32:09,711 - INFO - Retrieving data for IMUX
2025-04-08 23:32:10,815 - INFO - Inserted/updated 2761 records for IMUX
2025-04-08 23:32:11,816 - INFO - Retrieving data for RMI
2025-04-08 23:32:12,367 - INFO - Inserted/updated 1620 records for RMI
2025-04-08 23:32:13,382 - INFO - Retrieving data for IAF
2025-04-08 23:32:14,368 - INFO - Inserted/updated 3840 records for IAF
2025-04-08 23:32:15,371 - INFO - Retrieving data for PRTG
2025-04-08 23:32:15,958 - INFO - Inserted/updated 1217 records for PRTG
2025-04-08 23:32:16,960 - INFO - Retrieving data for PBYI
2025-04-08 23:32:17,934 - INFO - Inserted/updated 3259 records for PBYI
2025-04-08 23:32:18,935 - INFO - Retrieving data for NMT
2025-04-08 23:32:20,054 - INFO - Inserted/updated 3840 records for NMT
2025-04-08 23:32:21,132 - INFO - Retrieving data for VRCA
2025-04-08 23:32:21,869 - INFO - Inserted/updated 1713 records for VRCA
2025-04-08 23:32:22,878 - INFO - Retrieving data for BCV
2025-04-08 23:32:22,454 - INFO - Inserted/updated 3840 records for BCV
2025-04-08 23:32:23,463 - INFO - Retrieving data for IHD
2025-04-08 23:32:24,328 - INFO - Inserted/updated 3508 records for IHD
2025-04-08 23:32:25,330 - INFO - Retrieving data for LPTX
2025-04-08 23:32:25,992 - INFO - Inserted/updated 2063 records for LPTX
2025-04-08 23:32:26,993 - INFO - Retrieving data for CUE
2025-04-08 23:32:27,560 - INFO - Inserted/updated 1827 records for CUE
2025-04-08 23:32:28,561 - INFO - Retrieving data for KXIN
2025-04-08 23:32:29,324 - INFO - Inserted/updated 1861 records for KXIN
2025-04-08 23:32:30,332 - INFO - Retrieving data for DUO
2025-04-08 23:32:30,580 - INFO - Inserted/updated 132 records for DUO
2025-04-08 23:32:31,583 - INFO - Retrieving data for SUP
2025-04-08 23:32:32,749 - INFO - Inserted/updated 3840 records for SUP
2025-04-08 23:32:33,753 - INFO - Retrieving data for FBIO
2025-04-08 23:32:34,685 - INFO - Inserted/updated 3366 records for FBIO
2025-04-08 23:32:35,690 - INFO - Retrieving data for IH
2025-04-08 23:32:36,130 - INFO - Inserted/updated 1129 records for IH
2025-04-08 23:32:37,133 - INFO - Retrieving data for MYNZ
2025-04-08 23:32:37,492 - INFO - Inserted/updated 858 records for MYNZ
2025-04-08 23:32:38,494 - INFO - Retrieving data for AFBI
2025-04-08 23:32:38,905 - INFO - Inserted/updated 1059 records for AFBI
2025-04-08 23:32:39,907 - INFO - Retrieving data for GMGI
2025-04-08 23:32:40,806 - INFO - Inserted/updated 3840 records for GMGI
2025-04-08 23:32:41,815 - INFO - Retrieving data for SHIP
2025-04-08 23:32:42,805 - INFO - Inserted/updated 3840 records for SHIP
2025-04-08 23:32:43,808 - INFO - Retrieving data for BGI
2025-04-08 23:32:44,808 - INFO - Inserted/updated 3837 records for BGI
2025-04-08 23:32:45,810 - INFO - Retrieving data for FXNC
2025-04-08 23:32:46,898 - INFO - Inserted/updated 3833 records for FXNC
2025-04-08 23:32:47,908 - INFO - Retrieving data for BTBT
2025-04-08 23:32:48,451 - INFO - Inserted/updated 1771 records for BTBT
2025-04-08 23:32:49,615 - INFO - Retrieving data for RFM
2025-04-08 23:32:50,077 - INFO - Inserted/updated 1265 records for RFM
2025-04-08 23:32:51,078 - INFO - Retrieving data for CDXC
2025-04-08 23:32:51,309 - ERROR - Error processing ticker CDXC: 'Time Series (Daily)'
2025-04-08 23:32:52,335 - INFO - Retrieving data for DTIL
2025-04-08 23:32:52,878 - INFO - Inserted/updated 1517 records for DTIL
2025-04-08 23:32:53,902 - INFO - Retrieving data for EARN
2025-04-08 23:32:53,213 - INFO - Inserted/updated 3004 records for EARN
2025-04-08 23:32:54,216 - INFO - Retrieving data for ELMD
2025-04-08 23:32:55,131 - INFO - Inserted/updated 3686 records for ELMD
2025-04-08 23:32:56,229 - INFO - Retrieving data for FTHM
2025-04-08 23:32:56,684 - INFO - Inserted/updated 1178 records for FTHM
2025-04-08 23:32:57,689 - INFO - Retrieving data for ASMB
2025-04-08 23:32:58,629 - INFO - Inserted/updated 3598 records for ASMB
2025-04-08 23:32:59,659 - INFO - Retrieving data for GCV
2025-04-08 23:33:00,692 - INFO - Inserted/updated 3840 records for GCV
2025-04-08 23:33:01,723 - INFO - Retrieving data for GHM
2025-04-08 23:33:03,200 - INFO - Inserted/updated 3840 records for GHM
2025-04-08 23:33:04,202 - INFO - Retrieving data for SWZ
2025-04-08 23:33:05,751 - INFO - Inserted/updated 3840 records for SWZ
2025-04-08 23:33:06,754 - INFO - Retrieving data for LGVN
2025-04-08 23:33:07,197 - INFO - Inserted/updated 1043 records for LGVN
2025-04-08 23:33:08,213 - INFO - Retrieving data for EPIX
2025-04-08 23:33:08,888 - INFO - Inserted/updated 2453 records for EPIX
2025-04-08 23:33:09,889 - INFO - Retrieving data for PAVM
2025-04-08 23:33:10,582 - INFO - Inserted/updated 2187 records for PAVM
2025-04-08 23:33:11,584 - INFO - Retrieving data for NPCE
2025-04-08 23:33:12,007 - INFO - Inserted/updated 996 records for NPCE
2025-04-08 23:33:13,019 - INFO - Retrieving data for CADL
2025-04-08 23:33:13,417 - INFO - Inserted/updated 930 records for CADL
2025-04-08 23:33:14,425 - INFO - Retrieving data for GGZ
2025-04-08 23:33:15,134 - INFO - Inserted/updated 2708 records for GGZ
2025-04-08 23:33:16,136 - INFO - Retrieving data for ENLV
2025-04-08 23:33:16,896 - INFO - Inserted/updated 2689 records for ENLV
2025-04-08 23:33:17,898 - INFO - Retrieving data for MOVE
2025-04-08 23:33:18,349 - INFO - Inserted/updated 1017 records for MOVE
2025-04-08 23:33:19,355 - INFO - Retrieving data for EVF
2025-04-08 23:33:20,398 - INFO - Inserted/updated 3840 records for EVF
2025-04-08 23:33:21,400 - INFO - Retrieving data for HSON
2025-04-08 23:33:22,467 - INFO - Inserted/updated 3840 records for HSON
2025-04-08 23:33:23,497 - INFO - Retrieving data for FARM
2025-04-08 23:33:24,518 - INFO - Inserted/updated 3840 records for FARM
2025-04-08 23:33:24,120 - INFO - Retrieving data for STRT
2025-04-08 23:33:25,136 - INFO - Inserted/updated 3840 records for STRT
2025-04-08 23:33:26,149 - INFO - Retrieving data for FONR
2025-04-08 23:33:27,155 - INFO - Inserted/updated 3840 records for FONR
2025-04-08 23:33:28,160 - INFO - Retrieving data for UBCP
2025-04-08 23:33:29,232 - INFO - Inserted/updated 3840 records for UBCP
2025-04-08 23:33:30,238 - INFO - Retrieving data for GNTA
2025-04-08 23:33:30,603 - INFO - Inserted/updated 831 records for GNTA
2025-04-08 23:33:31,605 - INFO - Retrieving data for WATT
2025-04-08 23:33:32,360 - INFO - Inserted/updated 2775 records for WATT
2025-04-08 23:33:33,369 - INFO - Retrieving data for BDTX
2025-04-08 23:33:33,827 - INFO - Inserted/updated 1305 records for BDTX
2025-04-08 23:33:34,836 - INFO - Retrieving data for SY
2025-04-08 23:33:35,342 - INFO - Inserted/updated 1493 records for SY
2025-04-08 23:33:36,344 - INFO - Retrieving data for CODX
2025-04-08 23:33:37,025 - INFO - Inserted/updated 1947 records for CODX
2025-04-08 23:33:38,034 - INFO - Retrieving data for IPA
2025-04-08 23:33:38,688 - INFO - Inserted/updated 2033 records for IPA
2025-04-08 23:33:39,689 - INFO - Retrieving data for BNIX
2025-04-08 23:33:40,047 - INFO - Inserted/updated 864 records for BNIX
2025-04-08 23:33:41,051 - INFO - Retrieving data for PNI
2025-04-08 23:33:42,086 - INFO - Inserted/updated 3840 records for PNI
2025-04-08 23:33:43,089 - INFO - Retrieving data for MAYS
2025-04-08 23:33:44,126 - INFO - Inserted/updated 3840 records for MAYS
2025-04-08 23:33:45,130 - INFO - Retrieving data for HNW
2025-04-08 23:33:46,182 - INFO - Inserted/updated 3840 records for HNW
2025-04-08 23:33:47,190 - INFO - Retrieving data for ACU
2025-04-08 23:33:48,193 - INFO - Inserted/updated 3840 records for ACU
2025-04-08 23:33:49,195 - INFO - Retrieving data for PFX
2025-04-08 23:33:50,096 - INFO - Inserted/updated 3575 records for PFX
2025-04-08 23:33:51,100 - INFO - Retrieving data for HHS
2025-04-08 23:33:52,140 - INFO - Inserted/updated 3840 records for HHS
2025-04-08 23:33:53,141 - INFO - Retrieving data for CMT
2025-04-08 23:33:54,267 - INFO - Inserted/updated 3840 records for CMT
2025-04-08 23:33:55,269 - INFO - Retrieving data for WHG
2025-04-08 23:33:54,924 - INFO - Inserted/updated 3840 records for WHG
2025-04-08 23:33:55,927 - INFO - Retrieving data for VGI
2025-04-08 23:33:56,826 - INFO - Inserted/updated 3300 records for VGI
2025-04-08 23:33:57,827 - INFO - Retrieving data for SLNG
2025-04-08 23:33:58,780 - INFO - Inserted/updated 3840 records for SLNG
2025-04-08 23:33:59,784 - INFO - Retrieving data for PXLW
2025-04-08 23:34:00,812 - INFO - Inserted/updated 3840 records for PXLW
2025-04-08 23:34:01,896 - INFO - Retrieving data for AXR
2025-04-08 23:34:02,931 - INFO - Inserted/updated 3840 records for AXR
2025-04-08 23:34:03,932 - INFO - Retrieving data for JLS
2025-04-08 23:34:05,087 - INFO - Inserted/updated 3840 records for JLS
2025-04-08 23:34:06,195 - INFO - Retrieving data for MGYR
2025-04-08 23:34:07,176 - INFO - Inserted/updated 3840 records for MGYR
2025-04-08 23:34:08,220 - INFO - Retrieving data for LWAY
2025-04-08 23:34:09,361 - INFO - Inserted/updated 3840 records for LWAY
2025-04-08 23:34:10,364 - INFO - Retrieving data for FCAP
2025-04-08 23:34:11,511 - INFO - Inserted/updated 3840 records for FCAP
2025-04-08 23:34:12,516 - INFO - Retrieving data for ALOT
2025-04-08 23:34:13,613 - INFO - Inserted/updated 3840 records for ALOT
2025-04-08 23:34:14,687 - INFO - Retrieving data for FOA
2025-04-08 23:34:15,215 - INFO - Inserted/updated 1502 records for FOA
2025-04-08 23:34:16,217 - INFO - Retrieving data for HTOO
2025-04-08 23:34:16,649 - INFO - Inserted/updated 1086 records for HTOO
2025-04-08 23:34:17,650 - INFO - Retrieving data for LAKE
2025-04-08 23:34:18,612 - INFO - Inserted/updated 3840 records for LAKE
2025-04-08 23:34:19,615 - INFO - Retrieving data for CMU
2025-04-08 23:34:20,773 - INFO - Inserted/updated 3840 records for CMU
2025-04-08 23:34:21,776 - INFO - Retrieving data for EBON
2025-04-08 23:34:22,276 - INFO - Inserted/updated 1202 records for EBON
2025-04-08 23:34:23,276 - INFO - Retrieving data for THM
2025-04-08 23:34:24,251 - INFO - Inserted/updated 3840 records for THM
2025-04-08 23:34:25,262 - INFO - Retrieving data for YRD
2025-04-08 23:34:26,017 - INFO - Inserted/updated 2339 records for YRD
2025-04-08 23:34:25,617 - INFO - Retrieving data for VHC
2025-04-08 23:34:26,676 - INFO - Inserted/updated 3840 records for VHC
2025-04-08 23:34:27,696 - INFO - Retrieving data for INTT
2025-04-08 23:34:28,742 - INFO - Inserted/updated 3840 records for INTT
2025-04-08 23:34:29,743 - INFO - Retrieving data for ITP
2025-04-08 23:34:30,829 - INFO - Inserted/updated 3840 records for ITP
2025-04-08 23:34:31,832 - INFO - Retrieving data for CURI
2025-04-08 23:34:32,299 - INFO - Inserted/updated 1319 records for CURI
2025-04-08 23:34:33,300 - INFO - Retrieving data for FTK
2025-04-08 23:34:34,344 - INFO - Inserted/updated 3840 records for FTK
2025-04-08 23:34:35,346 - INFO - Retrieving data for ANEB
2025-04-08 23:34:35,732 - INFO - Inserted/updated 985 records for ANEB
2025-04-08 23:34:36,737 - INFO - Retrieving data for ACR
2025-04-08 23:34:37,812 - INFO - Inserted/updated 3840 records for ACR
2025-04-08 23:34:38,815 - INFO - Retrieving data for TOUR
2025-04-08 23:34:39,550 - INFO - Inserted/updated 2746 records for TOUR
2025-04-08 23:34:40,551 - INFO - Retrieving data for CGEN
2025-04-08 23:34:41,624 - INFO - Inserted/updated 3840 records for CGEN
2025-04-08 23:34:42,630 - INFO - Retrieving data for PASG
2025-04-08 23:34:43,077 - INFO - Inserted/updated 1285 records for PASG
2025-04-08 23:34:44,091 - INFO - Retrieving data for INKT
2025-04-08 23:34:44,472 - INFO - Inserted/updated 873 records for INKT
2025-04-08 23:34:45,474 - INFO - Retrieving data for YQ
2025-04-08 23:34:45,902 - INFO - Inserted/updated 1090 records for YQ
2025-04-08 23:34:46,913 - INFO - Retrieving data for PED
2025-04-08 23:34:48,015 - INFO - Inserted/updated 3840 records for PED
2025-04-08 23:34:49,022 - INFO - Retrieving data for BRAG
2025-04-08 23:34:49,425 - INFO - Inserted/updated 907 records for BRAG
2025-04-08 23:34:50,425 - INFO - Retrieving data for INOD
2025-04-08 23:34:51,413 - INFO - Inserted/updated 3840 records for INOD
2025-04-08 23:34:52,416 - INFO - Retrieving data for CJJD
2025-04-08 23:34:52,627 - ERROR - Error processing ticker CJJD: 'Time Series (Daily)'
2025-04-08 23:34:53,630 - INFO - Retrieving data for AUBN
2025-04-08 23:34:54,680 - INFO - Inserted/updated 3840 records for AUBN
2025-04-08 23:34:55,682 - INFO - Retrieving data for HCWB
2025-04-08 23:34:56,100 - INFO - Inserted/updated 935 records for HCWB
2025-04-08 23:34:57,128 - INFO - Retrieving data for ARMP
2025-04-08 23:34:56,695 - INFO - Inserted/updated 3543 records for ARMP
2025-04-08 23:34:57,715 - INFO - Retrieving data for NMI
2025-04-08 23:34:58,856 - INFO - Inserted/updated 3840 records for NMI
2025-04-08 23:34:59,866 - INFO - Retrieving data for GLV
2025-04-08 23:35:00,936 - INFO - Inserted/updated 3840 records for GLV
2025-04-08 23:35:01,937 - INFO - Retrieving data for XLO
2025-04-08 23:35:03,249 - INFO - Inserted/updated 868 records for XLO
2025-04-08 23:35:04,250 - INFO - Retrieving data for GNT
2025-04-08 23:35:05,525 - INFO - Inserted/updated 3571 records for GNT
2025-04-08 23:35:06,527 - INFO - Retrieving data for NCMI
2025-04-08 23:35:07,586 - INFO - Inserted/updated 3840 records for NCMI
2025-04-08 23:35:08,589 - INFO - Retrieving data for QMCO
2025-04-08 23:35:09,587 - INFO - Inserted/updated 3840 records for QMCO
2025-04-08 23:35:10,588 - INFO - Retrieving data for VIOT
2025-04-08 23:35:11,172 - INFO - Inserted/updated 1643 records for VIOT
2025-04-08 23:35:12,174 - INFO - Retrieving data for GREE
2025-04-08 23:35:12,620 - INFO - Inserted/updated 896 records for GREE
2025-04-08 23:35:13,730 - INFO - Retrieving data for GLU
2025-04-08 23:35:14,739 - INFO - Inserted/updated 3840 records for GLU
2025-04-08 23:35:15,743 - INFO - Retrieving data for CLGN
2025-04-08 23:35:16,391 - INFO - Inserted/updated 1808 records for CLGN
2025-04-08 23:35:17,394 - INFO - Retrieving data for DARE
2025-04-08 23:35:18,220 - INFO - Inserted/updated 2766 records for DARE
2025-04-08 23:35:19,222 - INFO - Retrieving data for HRTG
2025-04-08 23:35:20,051 - INFO - Inserted/updated 2736 records for HRTG
2025-04-08 23:35:21,052 - INFO - Retrieving data for HYPR
2025-04-08 23:35:21,524 - INFO - Inserted/updated 1055 records for HYPR
2025-04-08 23:35:22,526 - INFO - Retrieving data for NXC
2025-04-08 23:35:23,620 - INFO - Inserted/updated 3840 records for NXC
2025-04-08 23:35:24,627 - INFO - Retrieving data for CNTB
2025-04-08 23:35:25,037 - INFO - Inserted/updated 1019 records for CNTB
2025-04-08 23:35:26,040 - INFO - Retrieving data for PGZ
2025-04-08 23:35:26,909 - INFO - Inserted/updated 2965 records for PGZ
2025-04-08 23:35:27,917 - INFO - Retrieving data for HITI
2025-04-08 23:35:28,450 - INFO - Inserted/updated 1555 records for HITI
2025-04-08 23:35:28,048 - INFO - Retrieving data for IOBT
2025-04-08 23:35:28,453 - INFO - Inserted/updated 858 records for IOBT
2025-04-08 23:35:29,455 - INFO - Retrieving data for OCCI
2025-04-08 23:35:30,017 - INFO - Inserted/updated 1635 records for OCCI
2025-04-08 23:35:31,026 - INFO - Retrieving data for CTSO
2025-04-08 23:35:31,907 - INFO - Inserted/updated 3086 records for CTSO
2025-04-08 23:35:32,928 - INFO - Retrieving data for CRIS
2025-04-08 23:35:33,980 - INFO - Inserted/updated 3840 records for CRIS
2025-04-08 23:35:34,983 - INFO - Retrieving data for QUBT
2025-04-08 23:35:35,528 - INFO - Inserted/updated 1565 records for QUBT
2025-04-08 23:35:36,529 - INFO - Retrieving data for AIRG
2025-04-08 23:35:37,289 - INFO - Inserted/updated 2176 records for AIRG
2025-04-08 23:35:38,291 - INFO - Retrieving data for OCX
2025-04-08 23:35:39,046 - INFO - Inserted/updated 2330 records for OCX
2025-04-08 23:35:40,048 - INFO - Retrieving data for ORN
2025-04-08 23:35:41,000 - INFO - Inserted/updated 3840 records for ORN
2025-04-08 23:35:42,020 - INFO - Retrieving data for PGP
2025-04-08 23:35:43,014 - INFO - Inserted/updated 3840 records for PGP
2025-04-08 23:35:44,016 - INFO - Retrieving data for INTZ
2025-04-08 23:35:44,894 - INFO - Inserted/updated 3181 records for INTZ
2025-04-08 23:35:45,896 - INFO - Retrieving data for NMS
2025-04-08 23:35:46,658 - INFO - Inserted/updated 2641 records for NMS
2025-04-08 23:35:47,660 - INFO - Retrieving data for MOGO
2025-04-08 23:35:48,347 - INFO - Inserted/updated 2038 records for MOGO
2025-04-08 23:35:49,407 - INFO - Retrieving data for SRV
2025-04-08 23:35:50,395 - INFO - Inserted/updated 3840 records for SRV
2025-04-08 23:35:51,397 - INFO - Retrieving data for TLSA
2025-04-08 23:35:51,886 - INFO - Inserted/updated 1603 records for TLSA
2025-04-08 23:35:52,887 - INFO - Retrieving data for DTF
2025-04-08 23:35:53,933 - INFO - Inserted/updated 3840 records for DTF
2025-04-08 23:35:54,935 - INFO - Retrieving data for IPWR
2025-04-08 23:35:55,728 - INFO - Inserted/updated 2860 records for IPWR
2025-04-08 23:35:56,729 - INFO - Retrieving data for ULBI
2025-04-08 23:35:57,736 - INFO - Inserted/updated 3840 records for ULBI
2025-04-08 23:35:58,744 - INFO - Retrieving data for TRVI
2025-04-08 23:35:59,236 - INFO - Inserted/updated 1490 records for TRVI
2025-04-08 23:35:58,835 - INFO - Retrieving data for LVO
2025-04-08 23:35:59,436 - INFO - Inserted/updated 1893 records for LVO
2025-04-08 23:36:00,484 - INFO - Retrieving data for GNPX
2025-04-08 23:36:01,043 - INFO - Inserted/updated 1767 records for GNPX
2025-04-08 23:36:02,049 - INFO - Retrieving data for NCNA
2025-04-08 23:36:02,793 - INFO - Inserted/updated 1892 records for NCNA
2025-04-08 23:36:03,795 - INFO - Retrieving data for QUIK
2025-04-08 23:36:04,821 - INFO - Inserted/updated 3840 records for QUIK
2025-04-08 23:36:05,838 - INFO - Retrieving data for BYFC
2025-04-08 23:36:06,890 - INFO - Inserted/updated 3840 records for BYFC
2025-04-08 23:36:07,893 - INFO - Retrieving data for NTZ
2025-04-08 23:36:08,899 - INFO - Inserted/updated 3840 records for NTZ
2025-04-08 23:36:09,907 - INFO - Retrieving data for LMB
2025-04-08 23:36:10,774 - INFO - Inserted/updated 2318 records for LMB
2025-04-08 23:36:11,775 - INFO - Retrieving data for SYBX
2025-04-08 23:36:12,544 - INFO - Inserted/updated 2394 records for SYBX
2025-04-08 23:36:13,547 - INFO - Retrieving data for INZY
2025-04-08 23:36:14,042 - INFO - Inserted/updated 1183 records for INZY
2025-04-08 23:36:15,045 - INFO - Retrieving data for SND
2025-04-08 23:36:15,770 - INFO - Inserted/updated 2117 records for SND
2025-04-08 23:36:16,772 - INFO - Retrieving data for CLSD
2025-04-08 23:36:17,409 - INFO - Inserted/updated 2226 records for CLSD
2025-04-08 23:36:18,423 - INFO - Retrieving data for LKCO
2025-04-08 23:36:18,977 - INFO - Inserted/updated 1584 records for LKCO
2025-04-08 23:36:20,057 - INFO - Retrieving data for APCX
2025-04-08 23:36:21,021 - INFO - Inserted/updated 3839 records for APCX
2025-04-08 23:36:22,025 - INFO - Retrieving data for PYXS
2025-04-08 23:36:22,402 - INFO - Inserted/updated 878 records for PYXS
2025-04-08 23:36:23,418 - INFO - Retrieving data for VNCE
2025-04-08 23:36:24,182 - INFO - Inserted/updated 2860 records for VNCE
2025-04-08 23:36:25,184 - INFO - Retrieving data for AP
2025-04-08 23:36:26,176 - INFO - Inserted/updated 3840 records for AP
2025-04-08 23:36:27,177 - INFO - Retrieving data for MESA
2025-04-08 23:36:27,738 - INFO - Inserted/updated 1674 records for MESA
2025-04-08 23:36:28,739 - INFO - Retrieving data for STIM
2025-04-08 23:36:29,320 - INFO - Inserted/updated 1704 records for STIM
2025-04-08 23:36:28,929 - INFO - Retrieving data for LYRA
2025-04-08 23:36:29,392 - INFO - Inserted/updated 1241 records for LYRA
2025-04-08 23:36:30,407 - INFO - Retrieving data for TCRX
2025-04-08 23:36:30,793 - INFO - Inserted/updated 937 records for TCRX
2025-04-08 23:36:31,794 - INFO - Retrieving data for BLRX
2025-04-08 23:36:32,658 - INFO - Inserted/updated 3446 records for BLRX
2025-04-08 23:36:33,865 - INFO - Retrieving data for MCHX
2025-04-08 23:36:34,867 - INFO - Inserted/updated 3840 records for MCHX
2025-04-08 23:36:35,870 - INFO - Retrieving data for VTVT
2025-04-08 23:36:36,583 - INFO - Inserted/updated 2438 records for VTVT
2025-04-08 23:36:37,586 - INFO - Retrieving data for IAE
2025-04-08 23:36:38,505 - INFO - Inserted/updated 3840 records for IAE
2025-04-08 23:36:39,509 - INFO - Retrieving data for CMPO
2025-04-08 23:36:39,927 - INFO - Inserted/updated 1100 records for CMPO
2025-04-08 23:36:40,964 - INFO - Retrieving data for XGN
2025-04-08 23:36:41,438 - INFO - Inserted/updated 1396 records for XGN
2025-04-08 23:36:42,438 - INFO - Retrieving data for USAS
2025-04-08 23:36:43,044 - INFO - Inserted/updated 2081 records for USAS
2025-04-08 23:36:44,045 - INFO - Retrieving data for JOB
2025-04-08 23:36:45,157 - INFO - Inserted/updated 3840 records for JOB
2025-04-08 23:36:46,165 - INFO - Retrieving data for EMKR
2025-04-08 23:36:47,184 - INFO - Inserted/updated 3813 records for EMKR
2025-04-08 23:36:48,186 - INFO - Retrieving data for AUID
2025-04-08 23:36:48,754 - INFO - Inserted/updated 1812 records for AUID
2025-04-08 23:36:49,755 - INFO - Retrieving data for WRAP
2025-04-08 23:36:50,328 - INFO - Inserted/updated 1726 records for WRAP
2025-04-08 23:36:51,337 - INFO - Retrieving data for LSBK
2025-04-08 23:36:52,338 - INFO - Inserted/updated 3840 records for LSBK
2025-04-08 23:36:53,353 - INFO - Retrieving data for VIRC
2025-04-08 23:36:54,393 - INFO - Inserted/updated 3840 records for VIRC
2025-04-08 23:36:55,396 - INFO - Retrieving data for LUCD
2025-04-08 23:36:55,773 - INFO - Inserted/updated 874 records for LUCD
2025-04-08 23:36:56,775 - INFO - Retrieving data for BMTX
2025-04-08 23:36:57,292 - INFO - Inserted/updated 1593 records for BMTX
2025-04-08 23:36:58,293 - INFO - Retrieving data for PPIH
2025-04-08 23:36:59,010 - INFO - Inserted/updated 2290 records for PPIH
2025-04-08 23:37:00,013 - INFO - Retrieving data for FLGC
2025-04-08 23:37:00,391 - INFO - Inserted/updated 983 records for FLGC
2025-04-08 23:37:00,040 - INFO - Retrieving data for LNKB
2025-04-08 23:37:00,748 - INFO - Inserted/updated 1193 records for LNKB
2025-04-08 23:37:01,750 - INFO - Retrieving data for VRAR
2025-04-08 23:37:02,149 - INFO - Inserted/updated 947 records for VRAR
2025-04-08 23:37:03,151 - INFO - Retrieving data for LFMD
2025-04-08 23:37:04,220 - INFO - Inserted/updated 3835 records for LFMD
2025-04-08 23:37:05,305 - INFO - Retrieving data for NVNO
2025-04-08 23:37:05,874 - INFO - Inserted/updated 1724 records for NVNO
2025-04-08 23:37:06,876 - INFO - Retrieving data for CCM
2025-04-08 23:37:07,919 - INFO - Inserted/updated 3840 records for CCM
2025-04-08 23:37:08,921 - INFO - Retrieving data for NAII
2025-04-08 23:37:09,969 - INFO - Inserted/updated 3840 records for NAII
2025-04-08 23:37:10,971 - INFO - Retrieving data for EVOK
2025-04-08 23:37:11,819 - INFO - Inserted/updated 2902 records for EVOK
2025-04-08 23:37:12,836 - INFO - Retrieving data for RVP
2025-04-08 23:37:13,800 - INFO - Inserted/updated 3840 records for RVP
2025-04-08 23:37:14,803 - INFO - Retrieving data for AQB
2025-04-08 23:37:15,504 - INFO - Inserted/updated 2072 records for AQB
2025-04-08 23:37:16,505 - INFO - Retrieving data for CEV
2025-04-08 23:37:17,523 - INFO - Inserted/updated 3840 records for CEV
2025-04-08 23:37:18,569 - INFO - Retrieving data for REFR
2025-04-08 23:37:19,616 - INFO - Inserted/updated 3840 records for REFR
2025-04-08 23:37:20,620 - INFO - Retrieving data for VBFC
2025-04-08 23:37:21,718 - INFO - Inserted/updated 3834 records for VBFC
2025-04-08 23:37:22,721 - INFO - Retrieving data for CRDL
2025-04-08 23:37:23,236 - INFO - Inserted/updated 1565 records for CRDL
2025-04-08 23:37:24,237 - INFO - Retrieving data for GSIT
2025-04-08 23:37:25,213 - INFO - Inserted/updated 3840 records for GSIT
2025-04-08 23:37:26,222 - INFO - Retrieving data for BAFN
2025-04-08 23:37:26,671 - INFO - Inserted/updated 1207 records for BAFN
2025-04-08 23:37:27,675 - INFO - Retrieving data for ARKR
2025-04-08 23:37:28,716 - INFO - Inserted/updated 3840 records for ARKR
2025-04-08 23:37:29,718 - INFO - Retrieving data for JEQ
2025-04-08 23:37:30,928 - INFO - Inserted/updated 3840 records for JEQ
2025-04-08 23:37:31,930 - INFO - Retrieving data for KLXE
2025-04-08 23:37:31,070 - INFO - Inserted/updated 1649 records for KLXE
2025-04-08 23:37:32,074 - INFO - Retrieving data for TZOO
2025-04-08 23:37:33,136 - INFO - Inserted/updated 3840 records for TZOO
2025-04-08 23:37:34,139 - INFO - Retrieving data for ONCY
2025-04-08 23:37:34,709 - INFO - Inserted/updated 1724 records for ONCY
2025-04-08 23:37:35,723 - INFO - Retrieving data for EDF
2025-04-08 23:37:36,633 - INFO - Inserted/updated 3593 records for EDF
2025-04-08 23:37:37,635 - INFO - Retrieving data for PNF
2025-04-08 23:37:38,639 - INFO - Inserted/updated 3840 records for PNF
2025-04-08 23:37:39,667 - INFO - Retrieving data for LGHL
2025-04-08 23:37:40,121 - INFO - Inserted/updated 1210 records for LGHL
2025-04-08 23:37:41,124 - INFO - Retrieving data for GP
2025-04-08 23:37:41,884 - INFO - Inserted/updated 2474 records for GP
2025-04-08 23:37:42,900 - INFO - Retrieving data for SRZN
2025-04-08 23:37:43,346 - INFO - Inserted/updated 1065 records for SRZN
2025-04-08 23:37:44,359 - INFO - Retrieving data for SLDB
2025-04-08 23:37:44,921 - INFO - Inserted/updated 1810 records for SLDB
2025-04-08 23:37:45,976 - INFO - Retrieving data for PDEX
2025-04-08 23:37:47,024 - INFO - Inserted/updated 3840 records for PDEX
2025-04-08 23:37:48,126 - INFO - Retrieving data for CRDF
2025-04-08 23:37:49,174 - INFO - Inserted/updated 3840 records for CRDF
2025-04-08 23:37:50,176 - INFO - Retrieving data for CLST
2025-04-08 23:37:50,589 - INFO - Inserted/updated 875 records for CLST
2025-04-08 23:37:51,590 - INFO - Retrieving data for ZENV
2025-04-08 23:37:51,968 - INFO - Inserted/updated 933 records for ZENV
2025-04-08 23:37:52,971 - INFO - Retrieving data for BCOW
2025-04-08 23:37:53,497 - INFO - Inserted/updated 1571 records for BCOW
2025-04-08 23:37:54,500 - INFO - Retrieving data for PCF
2025-04-08 23:37:55,531 - INFO - Inserted/updated 3840 records for PCF
2025-04-08 23:37:56,550 - INFO - Retrieving data for VLT
2025-04-08 23:37:57,565 - INFO - Inserted/updated 3840 records for VLT
2025-04-08 23:37:58,577 - INFO - Retrieving data for SCYX
2025-04-08 23:37:59,354 - INFO - Inserted/updated 2751 records for SCYX
2025-04-08 23:38:00,363 - INFO - Retrieving data for DRIO
2025-04-08 23:38:01,078 - INFO - Inserted/updated 2643 records for DRIO
2025-04-08 23:38:02,080 - INFO - Retrieving data for IVDA
2025-04-08 23:38:02,743 - INFO - Inserted/updated 2377 records for IVDA
2025-04-08 23:38:02,338 - INFO - Retrieving data for AAOI
2025-04-08 23:38:03,684 - INFO - Inserted/updated 2901 records for AAOI
2025-04-08 23:38:04,689 - INFO - Retrieving data for STRM
2025-04-08 23:38:05,719 - INFO - Inserted/updated 3840 records for STRM
2025-04-08 23:38:06,722 - INFO - Retrieving data for HNNA
2025-04-08 23:38:07,853 - INFO - Inserted/updated 3840 records for HNNA
2025-04-08 23:38:08,860 - INFO - Retrieving data for AHG
2025-04-08 23:38:09,499 - INFO - Inserted/updated 1866 records for AHG
2025-04-08 23:38:10,521 - INFO - Retrieving data for ICMB
2025-04-08 23:38:11,306 - INFO - Inserted/updated 2810 records for ICMB
2025-04-08 23:38:12,307 - INFO - Retrieving data for BOLT
2025-04-08 23:38:12,755 - INFO - Inserted/updated 1048 records for BOLT
2025-04-08 23:38:13,797 - INFO - Retrieving data for RAIL
2025-04-08 23:38:14,982 - INFO - Inserted/updated 3840 records for RAIL
2025-04-08 23:38:15,984 - INFO - Retrieving data for ASRV
2025-04-08 23:38:17,177 - INFO - Inserted/updated 3840 records for ASRV
2025-04-08 23:38:18,179 - INFO - Retrieving data for IBIO
2025-04-08 23:38:19,133 - INFO - Inserted/updated 3840 records for IBIO
2025-04-08 23:38:20,135 - INFO - Retrieving data for NCSM
2025-04-08 23:38:20,744 - INFO - Inserted/updated 1998 records for NCSM
2025-04-08 23:38:21,797 - INFO - Retrieving data for AEYE
2025-04-08 23:38:22,617 - INFO - Inserted/updated 3007 records for AEYE
2025-04-08 23:38:23,620 - INFO - Retrieving data for DYAI
2025-04-08 23:38:24,292 - INFO - Inserted/updated 2286 records for DYAI
2025-04-08 23:38:25,298 - INFO - Retrieving data for GAIA
2025-04-08 23:38:26,368 - INFO - Inserted/updated 3840 records for GAIA
2025-04-08 23:38:27,370 - INFO - Retrieving data for AREB
2025-04-08 23:38:27,839 - INFO - Inserted/updated 1387 records for AREB
2025-04-08 23:38:28,843 - INFO - Retrieving data for MEIP
2025-04-08 23:38:29,901 - INFO - Inserted/updated 3840 records for MEIP
2025-04-08 23:38:30,908 - INFO - Retrieving data for KOSS
2025-04-08 23:38:31,966 - INFO - Inserted/updated 3840 records for KOSS
2025-04-08 23:38:32,972 - INFO - Retrieving data for HOFV
2025-04-08 23:38:33,417 - INFO - Inserted/updated 1199 records for HOFV
2025-04-08 23:38:33,023 - INFO - Retrieving data for SBEV
2025-04-08 23:38:33,557 - INFO - Inserted/updated 1427 records for SBEV
2025-04-08 23:38:34,562 - INFO - Retrieving data for VTSI
2025-04-08 23:38:35,291 - INFO - Inserted/updated 2269 records for VTSI
2025-04-08 23:38:36,294 - INFO - Retrieving data for OSS
2025-04-08 23:38:36,909 - INFO - Inserted/updated 1806 records for OSS
2025-04-08 23:38:37,910 - INFO - Retrieving data for GIFI
2025-04-08 23:38:38,977 - INFO - Inserted/updated 3840 records for GIFI
2025-04-08 23:38:39,981 - INFO - Retrieving data for CXH
2025-04-08 23:38:41,075 - INFO - Inserted/updated 3840 records for CXH
2025-04-08 23:38:42,126 - INFO - Retrieving data for BWAY
2025-04-08 23:38:42,667 - INFO - Inserted/updated 1503 records for BWAY
2025-04-08 23:38:43,668 - INFO - Retrieving data for LGL
2025-04-08 23:38:44,750 - INFO - Inserted/updated 3840 records for LGL
2025-04-08 23:38:45,751 - INFO - Retrieving data for BRLT
2025-04-08 23:38:46,117 - INFO - Inserted/updated 889 records for BRLT
2025-04-08 23:38:47,152 - INFO - Retrieving data for BVFL
2025-04-08 23:38:47,784 - INFO - Inserted/updated 2112 records for BVFL
2025-04-08 23:38:48,787 - INFO - Retrieving data for LOAN
2025-04-08 23:38:49,848 - INFO - Inserted/updated 3840 records for LOAN
2025-04-08 23:38:50,863 - INFO - Retrieving data for RFIL
2025-04-08 23:38:51,835 - INFO - Inserted/updated 3840 records for RFIL
2025-04-08 23:38:52,837 - INFO - Retrieving data for AKBA
2025-04-08 23:38:53,693 - INFO - Inserted/updated 2781 records for AKBA
2025-04-08 23:38:54,694 - INFO - Retrieving data for EQ
2025-04-08 23:38:55,193 - INFO - Inserted/updated 1630 records for EQ
2025-04-08 23:38:56,202 - INFO - Retrieving data for STAF
2025-04-08 23:38:56,991 - INFO - Inserted/updated 3022 records for STAF
2025-04-08 23:38:58,000 - INFO - Retrieving data for FSEA
2025-04-08 23:38:58,506 - INFO - Inserted/updated 1441 records for FSEA
2025-04-08 23:38:59,508 - INFO - Retrieving data for GTBP
2025-04-08 23:39:00,093 - INFO - Inserted/updated 1896 records for GTBP
2025-04-08 23:39:01,098 - INFO - Retrieving data for BIVI
2025-04-08 23:39:01,886 - INFO - Inserted/updated 2716 records for BIVI
2025-04-08 23:39:02,888 - INFO - Retrieving data for HFBL
2025-04-08 23:39:03,855 - INFO - Inserted/updated 3840 records for HFBL
2025-04-08 23:39:03,450 - INFO - Retrieving data for ICAD
2025-04-08 23:39:04,547 - INFO - Inserted/updated 3840 records for ICAD
2025-04-08 23:39:05,557 - INFO - Retrieving data for WFCF
2025-04-08 23:39:06,499 - INFO - Inserted/updated 3543 records for WFCF
2025-04-08 23:39:07,505 - INFO - Retrieving data for APTO
2025-04-08 23:39:07,859 - ERROR - Error processing ticker APTO: 'Time Series (Daily)'
2025-04-08 23:39:08,888 - INFO - Retrieving data for EYEN
2025-04-08 23:39:10,715 - INFO - Inserted/updated 1811 records for EYEN
2025-04-08 23:39:11,721 - INFO - Retrieving data for TURN
2025-04-08 23:39:12,355 - INFO - Inserted/updated 2058 records for TURN
2025-04-08 23:39:13,357 - INFO - Retrieving data for ADAG
2025-04-08 23:39:13,764 - INFO - Inserted/updated 1046 records for ADAG
2025-04-08 23:39:14,766 - INFO - Retrieving data for PESI
2025-04-08 23:39:15,785 - INFO - Inserted/updated 3840 records for PESI
2025-04-08 23:39:16,788 - INFO - Retrieving data for AQMS
2025-04-08 23:39:17,459 - INFO - Inserted/updated 2437 records for AQMS
2025-04-08 23:39:18,462 - INFO - Retrieving data for GLTO
2025-04-08 23:39:19,005 - INFO - Inserted/updated 1115 records for GLTO
2025-04-08 23:39:20,009 - INFO - Retrieving data for MKTW
2025-04-08 23:39:20,506 - INFO - Inserted/updated 1148 records for MKTW
2025-04-08 23:39:21,506 - INFO - Retrieving data for IMNM
2025-04-08 23:39:21,968 - INFO - Inserted/updated 1134 records for IMNM
2025-04-08 23:39:22,978 - INFO - Retrieving data for KFFB
2025-04-08 23:39:24,012 - INFO - Inserted/updated 3840 records for KFFB
2025-04-08 23:39:25,061 - INFO - Retrieving data for AAME
2025-04-08 23:39:26,063 - INFO - Inserted/updated 3840 records for AAME
2025-04-08 23:39:27,064 - INFO - Retrieving data for SNSE
2025-04-08 23:39:27,561 - INFO - Inserted/updated 1049 records for SNSE
2025-04-08 23:39:28,562 - INFO - Retrieving data for GEOS
2025-04-08 23:39:29,632 - INFO - Inserted/updated 3840 records for GEOS
2025-04-08 23:39:30,634 - INFO - Retrieving data for VGZ
2025-04-08 23:39:31,641 - INFO - Inserted/updated 3840 records for VGZ
2025-04-08 23:39:32,644 - INFO - Retrieving data for BHAT
2025-04-08 23:39:33,136 - INFO - Inserted/updated 1434 records for BHAT
2025-04-08 23:39:34,138 - INFO - Retrieving data for DSP
2025-04-08 23:39:34,539 - INFO - Inserted/updated 1045 records for DSP
2025-04-08 23:39:35,541 - INFO - Retrieving data for JRSH
2025-04-08 23:39:34,709 - INFO - Inserted/updated 1742 records for JRSH
2025-04-08 23:39:35,761 - INFO - Retrieving data for CRWS
2025-04-08 23:39:36,711 - INFO - Inserted/updated 3840 records for CRWS
2025-04-08 23:39:37,714 - INFO - Retrieving data for JWEL
2025-04-08 23:39:38,187 - INFO - Inserted/updated 1021 records for JWEL
2025-04-08 23:39:39,188 - INFO - Retrieving data for LVTX
2025-04-08 23:39:39,663 - INFO - Inserted/updated 1015 records for LVTX
2025-04-08 23:39:40,664 - INFO - Retrieving data for TATT
2025-04-08 23:39:41,733 - INFO - Inserted/updated 3840 records for TATT
2025-04-08 23:39:42,734 - INFO - Retrieving data for SELF
2025-04-08 23:39:43,738 - INFO - Inserted/updated 3840 records for SELF
2025-04-08 23:39:44,750 - INFO - Retrieving data for CCEL
2025-04-08 23:39:45,679 - INFO - Inserted/updated 3539 records for CCEL
2025-04-08 23:39:46,685 - INFO - Retrieving data for LRMR
2025-04-08 23:39:47,464 - INFO - Inserted/updated 2718 records for LRMR
2025-04-08 23:39:48,468 - INFO - Retrieving data for HGBL
2025-04-08 23:39:49,131 - INFO - Inserted/updated 2255 records for HGBL
2025-04-08 23:39:50,135 - INFO - Retrieving data for INUV
2025-04-08 23:39:51,145 - INFO - Inserted/updated 3840 records for INUV
2025-04-08 23:39:52,149 - INFO - Retrieving data for FUSB
2025-04-08 23:39:53,167 - INFO - Inserted/updated 3840 records for FUSB
2025-04-08 23:39:54,172 - INFO - Retrieving data for SURG
2025-04-08 23:39:55,015 - INFO - Inserted/updated 3276 records for SURG
2025-04-08 23:39:56,021 - INFO - Retrieving data for CXDO
2025-04-08 23:39:56,650 - INFO - Inserted/updated 2113 records for CXDO
2025-04-08 23:39:57,652 - INFO - Retrieving data for LFT
2025-04-08 23:39:58,459 - INFO - Inserted/updated 3031 records for LFT
2025-04-08 23:39:59,460 - INFO - Retrieving data for ICCC
2025-04-08 23:40:00,494 - INFO - Inserted/updated 3840 records for ICCC
2025-04-08 23:40:01,543 - INFO - Retrieving data for BWEN
2025-04-08 23:40:02,769 - INFO - Inserted/updated 3840 records for BWEN
2025-04-08 23:40:03,775 - INFO - Retrieving data for BOTJ
2025-04-08 23:40:04,880 - INFO - Inserted/updated 3840 records for BOTJ
2025-04-08 23:40:05,882 - INFO - Retrieving data for PRQR
2025-04-08 23:40:05,302 - INFO - Inserted/updated 2655 records for PRQR
2025-04-08 23:40:06,305 - INFO - Retrieving data for AACG
2025-04-08 23:40:07,368 - INFO - Inserted/updated 3836 records for AACG
2025-04-08 23:40:08,370 - INFO - Retrieving data for IROQ
2025-04-08 23:40:09,292 - INFO - Inserted/updated 3459 records for IROQ
2025-04-08 23:40:10,304 - INFO - Retrieving data for TC
2025-04-08 23:40:10,854 - INFO - Inserted/updated 1603 records for TC
2025-04-08 23:40:11,858 - INFO - Retrieving data for JMM
2025-04-08 23:40:13,158 - INFO - Inserted/updated 3840 records for JMM
2025-04-08 23:40:14,276 - INFO - Retrieving data for UG
2025-04-08 23:40:15,338 - INFO - Inserted/updated 3840 records for UG
2025-04-08 23:40:16,352 - INFO - Retrieving data for BYSI
2025-04-08 23:40:17,116 - INFO - Inserted/updated 2033 records for BYSI
2025-04-08 23:40:18,118 - INFO - Retrieving data for OPTT
2025-04-08 23:40:19,181 - INFO - Inserted/updated 3840 records for OPTT
2025-04-08 23:40:20,182 - INFO - Retrieving data for LNSR
2025-04-08 23:40:20,658 - INFO - Inserted/updated 1134 records for LNSR
2025-04-08 23:40:21,661 - INFO - Retrieving data for ALGS
2025-04-08 23:40:22,092 - INFO - Inserted/updated 1124 records for ALGS
2025-04-08 23:40:23,095 - INFO - Retrieving data for AWH
2025-04-08 23:40:24,155 - INFO - Inserted/updated 3840 records for AWH
2025-04-08 23:40:25,164 - INFO - Retrieving data for XTNT
2025-04-08 23:40:25,848 - INFO - Inserted/updated 2382 records for XTNT
2025-04-08 23:40:26,858 - INFO - Retrieving data for NTIP
2025-04-08 23:40:27,602 - INFO - Inserted/updated 2880 records for NTIP
2025-04-08 23:40:28,605 - INFO - Retrieving data for STG
2025-04-08 23:40:29,282 - INFO - Inserted/updated 1771 records for STG
2025-04-08 23:40:30,297 - INFO - Retrieving data for CODA
2025-04-08 23:40:31,208 - INFO - Inserted/updated 3832 records for CODA
2025-04-08 23:40:32,211 - INFO - Retrieving data for LTRN
2025-04-08 23:40:32,610 - INFO - Inserted/updated 1213 records for LTRN
2025-04-08 23:40:33,699 - INFO - Retrieving data for MLSS
2025-04-08 23:40:34,838 - INFO - Inserted/updated 3840 records for MLSS
2025-04-08 23:40:35,840 - INFO - Retrieving data for ASM
2025-04-08 23:40:36,863 - INFO - Inserted/updated 3840 records for ASM
2025-04-08 23:40:36,467 - INFO - Retrieving data for FRD
2025-04-08 23:40:37,499 - INFO - Inserted/updated 3840 records for FRD
2025-04-08 23:40:38,502 - INFO - Retrieving data for GEG
2025-04-08 23:40:38,935 - INFO - Inserted/updated 1074 records for GEG
2025-04-08 23:40:39,936 - INFO - Retrieving data for SEED
2025-04-08 23:40:40,975 - INFO - Inserted/updated 3840 records for SEED
2025-04-08 23:40:42,134 - INFO - Retrieving data for CULP
2025-04-08 23:40:43,092 - INFO - Inserted/updated 3840 records for CULP
2025-04-08 23:40:44,117 - INFO - Retrieving data for ESOA
2025-04-08 23:40:44,955 - INFO - Inserted/updated 3101 records for ESOA
2025-04-08 23:40:45,988 - INFO - Retrieving data for ASGI
2025-04-08 23:40:46,456 - INFO - Inserted/updated 1180 records for ASGI
2025-04-08 23:40:47,458 - INFO - Retrieving data for IDN
2025-04-08 23:40:48,467 - INFO - Inserted/updated 3840 records for IDN
2025-04-08 23:40:49,470 - INFO - Retrieving data for LINK
2025-04-08 23:40:50,333 - INFO - Inserted/updated 3253 records for LINK
2025-04-08 23:40:51,335 - INFO - Retrieving data for PMCB
2025-04-08 23:40:52,308 - INFO - Inserted/updated 3655 records for PMCB
2025-04-08 23:40:53,313 - INFO - Retrieving data for MBIO
2025-04-08 23:40:53,894 - INFO - Inserted/updated 1918 records for MBIO
2025-04-08 23:40:54,914 - INFO - Retrieving data for APM
2025-04-08 23:40:55,425 - INFO - Inserted/updated 1585 records for APM
2025-04-08 23:40:56,441 - INFO - Retrieving data for NYC
2025-04-08 23:40:56,886 - INFO - Inserted/updated 1166 records for NYC
2025-04-08 23:40:57,889 - INFO - Retrieving data for FLUX
2025-04-08 23:40:59,027 - INFO - Inserted/updated 3765 records for FLUX
2025-04-08 23:41:00,034 - INFO - Retrieving data for SERA
2025-04-08 23:41:00,421 - INFO - Inserted/updated 938 records for SERA
2025-04-08 23:41:01,423 - INFO - Retrieving data for APT
2025-04-08 23:41:02,437 - INFO - Inserted/updated 3840 records for APT
2025-04-08 23:41:03,440 - INFO - Retrieving data for NEON
2025-04-08 23:41:04,605 - INFO - Inserted/updated 3840 records for NEON
2025-04-08 23:41:05,720 - INFO - Retrieving data for SNPX
2025-04-08 23:41:06,175 - INFO - Inserted/updated 1088 records for SNPX
2025-04-08 23:41:07,176 - INFO - Retrieving data for FURY
2025-04-08 23:41:06,829 - INFO - Inserted/updated 3541 records for FURY
2025-04-08 23:41:07,847 - INFO - Retrieving data for ETON
2025-04-08 23:41:08,418 - INFO - Inserted/updated 1608 records for ETON
2025-04-08 23:41:09,419 - INFO - Retrieving data for AIHS
2025-04-08 23:41:10,002 - INFO - Inserted/updated 1776 records for AIHS
2025-04-08 23:41:11,004 - INFO - Retrieving data for DERM
2025-04-08 23:41:11,372 - INFO - Inserted/updated 853 records for DERM
2025-04-08 23:41:12,375 - INFO - Retrieving data for RGS
2025-04-08 23:41:13,542 - INFO - Inserted/updated 3840 records for RGS
2025-04-08 23:41:14,595 - INFO - Retrieving data for ICCH
2025-04-08 23:41:15,174 - INFO - Inserted/updated 2002 records for ICCH
2025-04-08 23:41:16,177 - INFO - Retrieving data for PLX
2025-04-08 23:41:17,266 - INFO - Inserted/updated 3840 records for PLX
2025-04-08 23:41:18,269 - INFO - Retrieving data for FEIM
2025-04-08 23:41:19,331 - INFO - Inserted/updated 3840 records for FEIM
2025-04-08 23:41:20,339 - INFO - Retrieving data for DXR
2025-04-08 23:41:21,306 - INFO - Inserted/updated 3840 records for DXR
2025-04-08 23:41:22,308 - INFO - Retrieving data for LRFC
2025-04-08 23:41:23,076 - INFO - Inserted/updated 2902 records for LRFC
2025-04-08 23:41:24,079 - INFO - Retrieving data for INDO
2025-04-08 23:41:24,595 - INFO - Inserted/updated 1331 records for INDO
2025-04-08 23:41:25,597 - INFO - Retrieving data for VFL
2025-04-08 23:41:26,715 - INFO - Inserted/updated 3840 records for VFL
2025-04-08 23:41:27,717 - INFO - Retrieving data for CEE
2025-04-08 23:41:28,802 - INFO - Inserted/updated 3840 records for CEE
2025-04-08 23:41:29,804 - INFO - Retrieving data for IZEA
2025-04-08 23:41:30,751 - INFO - Inserted/updated 3423 records for IZEA
2025-04-08 23:41:31,753 - INFO - Retrieving data for AQST
2025-04-08 23:41:32,319 - INFO - Inserted/updated 1686 records for AQST
2025-04-08 23:41:33,325 - INFO - Retrieving data for LFVN
2025-04-08 23:41:34,321 - INFO - Inserted/updated 3840 records for LFVN
2025-04-08 23:41:35,336 - INFO - Retrieving data for INAB
2025-04-08 23:41:35,701 - INFO - Inserted/updated 927 records for INAB
2025-04-08 23:41:36,704 - INFO - Retrieving data for NHTC
2025-04-08 23:41:37,729 - INFO - Inserted/updated 3840 records for NHTC
2025-04-08 23:41:38,732 - INFO - Retrieving data for HYMC
2025-04-08 23:41:37,890 - INFO - Inserted/updated 1770 records for HYMC
2025-04-08 23:41:38,893 - INFO - Retrieving data for MDWD
2025-04-08 23:41:39,660 - INFO - Inserted/updated 2781 records for MDWD
2025-04-08 23:41:40,663 - INFO - Retrieving data for WWR
2025-04-08 23:41:41,251 - INFO - Inserted/updated 1918 records for WWR
2025-04-08 23:41:42,260 - INFO - Retrieving data for RSSS
2025-04-08 23:41:43,024 - INFO - Inserted/updated 2890 records for RSSS
2025-04-08 23:41:44,026 - INFO - Retrieving data for BDL
2025-04-08 23:41:45,102 - INFO - Inserted/updated 3840 records for BDL
2025-04-08 23:41:46,103 - INFO - Retrieving data for SIEB
2025-04-08 23:41:47,214 - INFO - Inserted/updated 3840 records for SIEB
2025-04-08 23:41:48,219 - INFO - Retrieving data for VMAR
2025-04-08 23:41:48,662 - INFO - Inserted/updated 1097 records for VMAR
2025-04-08 23:41:49,667 - INFO - Retrieving data for KEQU
2025-04-08 23:41:50,672 - INFO - Inserted/updated 3840 records for KEQU
2025-04-08 23:41:51,691 - INFO - Retrieving data for KIRK
2025-04-08 23:41:52,692 - INFO - Inserted/updated 3840 records for KIRK
2025-04-08 23:41:53,694 - INFO - Retrieving data for REKR
2025-04-08 23:41:54,272 - INFO - Inserted/updated 1913 records for REKR
2025-04-08 23:41:55,276 - INFO - Retrieving data for EEA
2025-04-08 23:41:56,330 - INFO - Inserted/updated 3840 records for EEA
2025-04-08 23:41:57,333 - INFO - Retrieving data for DSWL
2025-04-08 23:41:58,268 - INFO - Inserted/updated 3840 records for DSWL
2025-04-08 23:41:59,273 - INFO - Retrieving data for RGT
2025-04-08 23:42:00,045 - INFO - Inserted/updated 2892 records for RGT
2025-04-08 23:42:01,165 - INFO - Retrieving data for FMY
2025-04-08 23:42:02,416 - INFO - Inserted/updated 3840 records for FMY
2025-04-08 23:42:03,422 - INFO - Retrieving data for TPCS
2025-04-08 23:42:04,791 - INFO - Inserted/updated 2899 records for TPCS
2025-04-08 23:42:05,793 - INFO - Retrieving data for JSPR
2025-04-08 23:42:06,299 - INFO - Inserted/updated 888 records for JSPR
2025-04-08 23:42:07,300 - INFO - Retrieving data for BTTR
2025-04-08 23:42:07,883 - INFO - Inserted/updated 1793 records for BTTR
2025-04-08 23:42:08,888 - INFO - Retrieving data for FGB
2025-04-08 23:42:09,885 - INFO - Inserted/updated 3840 records for FGB
2025-04-08 23:42:09,485 - INFO - Retrieving data for OESX
2025-04-08 23:42:10,536 - INFO - Inserted/updated 3840 records for OESX
2025-04-08 23:42:11,693 - INFO - Retrieving data for ELDN
2025-04-08 23:42:12,453 - INFO - Inserted/updated 2656 records for ELDN
2025-04-08 23:42:13,473 - INFO - Retrieving data for ICCM
2025-04-08 23:42:14,313 - INFO - Inserted/updated 2685 records for ICCM
2025-04-08 23:42:15,314 - INFO - Retrieving data for GROW
2025-04-08 23:42:16,575 - INFO - Inserted/updated 3840 records for GROW
2025-04-08 23:42:17,577 - INFO - Retrieving data for WKEY
2025-04-08 23:42:18,104 - INFO - Inserted/updated 1569 records for WKEY
2025-04-08 23:42:19,108 - INFO - Retrieving data for CDTX
2025-04-08 23:42:19,844 - INFO - Inserted/updated 2512 records for CDTX
2025-04-08 23:42:20,845 - INFO - Retrieving data for IOR
2025-04-08 23:42:21,899 - INFO - Inserted/updated 3840 records for IOR
2025-04-08 23:42:22,982 - INFO - Retrieving data for EVAX
2025-04-08 23:42:23,477 - INFO - Inserted/updated 1048 records for EVAX
2025-04-08 23:42:24,550 - INFO - Retrieving data for SLS
2025-04-08 23:42:25,164 - INFO - Inserted/updated 1828 records for SLS
2025-04-08 23:42:26,169 - INFO - Retrieving data for KTCC
2025-04-08 23:42:27,177 - INFO - Inserted/updated 3840 records for KTCC
2025-04-08 23:42:28,258 - INFO - Retrieving data for BMRA
2025-04-08 23:42:29,285 - INFO - Inserted/updated 3840 records for BMRA
2025-04-08 23:42:30,288 - INFO - Retrieving data for TCBS
2025-04-08 23:42:30,708 - INFO - Inserted/updated 937 records for TCBS
2025-04-08 23:42:31,709 - INFO - Retrieving data for FPAY
2025-04-08 23:42:32,509 - INFO - Inserted/updated 2802 records for FPAY
2025-04-08 23:42:33,511 - INFO - Retrieving data for AGMH
2025-04-08 23:42:34,084 - INFO - Inserted/updated 1754 records for AGMH
2025-04-08 23:42:35,085 - INFO - Retrieving data for MNDO
2025-04-08 23:42:38,225 - INFO - Inserted/updated 3840 records for MNDO
2025-04-08 23:42:39,228 - INFO - Retrieving data for CETY
2025-04-08 23:42:40,038 - INFO - Inserted/updated 3060 records for CETY
2025-04-08 23:42:39,635 - INFO - Retrieving data for NRXP
2025-04-08 23:42:40,236 - INFO - Inserted/updated 1846 records for NRXP
2025-04-08 23:42:41,240 - INFO - Retrieving data for MIGI
2025-04-08 23:42:41,809 - INFO - Inserted/updated 1848 records for MIGI
2025-04-08 23:42:42,810 - INFO - Retrieving data for GANX
2025-04-08 23:42:43,275 - INFO - Inserted/updated 1020 records for GANX
2025-04-08 23:42:44,276 - INFO - Retrieving data for RFL
2025-04-08 23:42:44,796 - INFO - Inserted/updated 1770 records for RFL
2025-04-08 23:42:45,848 - INFO - Retrieving data for MTC
2025-04-08 23:42:46,423 - INFO - Inserted/updated 1572 records for MTC
2025-04-08 23:42:47,426 - INFO - Retrieving data for LXEH
2025-04-08 23:42:47,860 - INFO - Inserted/updated 1135 records for LXEH
2025-04-08 23:42:48,861 - INFO - Retrieving data for HUIZ
2025-04-08 23:42:49,326 - INFO - Inserted/updated 1296 records for HUIZ
2025-04-08 23:42:50,328 - INFO - Retrieving data for HEPA
2025-04-08 23:42:51,119 - INFO - Inserted/updated 2807 records for HEPA
2025-04-08 23:42:52,120 - INFO - Retrieving data for SANW
2025-04-08 23:42:53,089 - INFO - Inserted/updated 3729 records for SANW
2025-04-08 23:42:54,284 - INFO - Retrieving data for PNBK
2025-04-08 23:42:55,340 - INFO - Inserted/updated 3840 records for PNBK
2025-04-08 23:42:56,342 - INFO - Retrieving data for SNT
2025-04-08 23:42:57,346 - INFO - Inserted/updated 3840 records for SNT
2025-04-08 23:42:58,348 - INFO - Retrieving data for SYRS
2025-04-08 23:42:59,001 - INFO - Inserted/updated 2206 records for SYRS
2025-04-08 23:43:00,002 - INFO - Retrieving data for CPSH
2025-04-08 23:43:01,028 - INFO - Inserted/updated 3840 records for CPSH
2025-04-08 23:43:02,032 - INFO - Retrieving data for COE
2025-04-08 23:43:03,839 - INFO - Inserted/updated 2220 records for COE
2025-04-08 23:43:04,840 - INFO - Retrieving data for NXN
2025-04-08 23:43:05,955 - INFO - Inserted/updated 3840 records for NXN
2025-04-08 23:43:07,079 - INFO - Retrieving data for LIVE
2025-04-08 23:43:08,148 - INFO - Inserted/updated 3840 records for LIVE
2025-04-08 23:43:09,150 - INFO - Retrieving data for FCO
2025-04-08 23:43:10,239 - INFO - Inserted/updated 3840 records for FCO
2025-04-08 23:43:11,241 - INFO - Retrieving data for CRVS
2025-04-08 23:43:10,519 - INFO - Inserted/updated 2275 records for CRVS
2025-04-08 23:43:11,539 - INFO - Retrieving data for TACT
2025-04-08 23:43:12,614 - INFO - Inserted/updated 3840 records for TACT
2025-04-08 23:43:13,617 - INFO - Retrieving data for KRKR
2025-04-08 23:43:14,111 - INFO - Inserted/updated 1360 records for KRKR
2025-04-08 23:43:15,118 - INFO - Retrieving data for BDSX
2025-04-08 23:43:15,607 - INFO - Inserted/updated 1116 records for BDSX
2025-04-08 23:43:16,644 - INFO - Retrieving data for UAMY
2025-04-08 23:43:17,696 - INFO - Inserted/updated 3840 records for UAMY
2025-04-08 23:43:18,710 - INFO - Retrieving data for AIRT
2025-04-08 23:43:19,792 - INFO - Inserted/updated 3840 records for AIRT
2025-04-08 23:43:20,796 - INFO - Retrieving data for PYN
2025-04-08 23:43:21,861 - INFO - Inserted/updated 3840 records for PYN
2025-04-08 23:43:22,862 - INFO - Retrieving data for PLSE
2025-04-08 23:43:23,520 - INFO - Inserted/updated 2236 records for PLSE
2025-04-08 23:43:24,793 - INFO - Retrieving data for ZDGE
2025-04-08 23:43:25,520 - INFO - Inserted/updated 2230 records for ZDGE
2025-04-08 23:43:26,546 - INFO - Retrieving data for YGMZ
2025-04-08 23:43:26,977 - INFO - Inserted/updated 1121 records for YGMZ
2025-04-08 23:43:27,981 - INFO - Retrieving data for LITM
2025-04-08 23:43:28,354 - INFO - Inserted/updated 848 records for LITM
2025-04-08 23:43:29,359 - INFO - Retrieving data for NVVE
2025-04-08 23:43:29,764 - INFO - Inserted/updated 1018 records for NVVE
2025-04-08 23:43:30,774 - INFO - Retrieving data for VLCN
2025-04-08 23:43:31,208 - INFO - Inserted/updated 880 records for VLCN
2025-04-08 23:43:32,265 - INFO - Retrieving data for POLA
2025-04-08 23:43:32,932 - INFO - Inserted/updated 2095 records for POLA
2025-04-08 23:43:33,938 - INFO - Retrieving data for CNEY
2025-04-08 23:43:34,352 - INFO - Inserted/updated 1048 records for CNEY
2025-04-08 23:43:35,354 - INFO - Retrieving data for AWRE
2025-04-08 23:43:36,384 - INFO - Inserted/updated 3840 records for AWRE
2025-04-08 23:43:37,398 - INFO - Retrieving data for TARA
2025-04-08 23:43:38,190 - INFO - Inserted/updated 2631 records for TARA
2025-04-08 23:43:39,195 - INFO - Retrieving data for ACHV
2025-04-08 23:43:40,215 - INFO - Inserted/updated 3840 records for ACHV
2025-04-08 23:43:41,217 - INFO - Retrieving data for EVGN
2025-04-08 23:43:42,175 - INFO - Inserted/updated 3840 records for EVGN
2025-04-08 23:43:41,772 - INFO - Retrieving data for FRSX
2025-04-08 23:43:42,354 - INFO - Inserted/updated 1965 records for FRSX
2025-04-08 23:43:43,355 - INFO - Retrieving data for PW
2025-04-08 23:43:44,352 - INFO - Inserted/updated 3840 records for PW
2025-04-08 23:43:45,354 - INFO - Retrieving data for TECTP
2025-04-08 23:43:45,903 - INFO - Inserted/updated 1474 records for TECTP
2025-04-08 23:43:46,917 - INFO - Retrieving data for HOOK
2025-04-08 23:43:47,413 - INFO - Inserted/updated 1502 records for HOOK
2025-04-08 23:43:48,414 - INFO - Retrieving data for UAVS
2025-04-08 23:43:48,955 - INFO - Inserted/updated 1770 records for UAVS
2025-04-08 23:43:49,956 - INFO - Retrieving data for FTEK
2025-04-08 23:43:50,980 - INFO - Inserted/updated 3840 records for FTEK
2025-04-08 23:43:51,983 - INFO - Retrieving data for BKTI
2025-04-08 23:43:52,982 - INFO - Inserted/updated 3840 records for BKTI
2025-04-08 23:43:53,989 - INFO - Retrieving data for RZLT
2025-04-08 23:43:54,727 - INFO - Inserted/updated 2738 records for RZLT
2025-04-08 23:43:55,731 - INFO - Retrieving data for USIO
2025-04-08 23:43:56,820 - INFO - Inserted/updated 3840 records for USIO
2025-04-08 23:43:57,821 - INFO - Retrieving data for RDHL
2025-04-08 23:43:58,635 - INFO - Inserted/updated 3083 records for RDHL
2025-04-08 23:43:59,638 - INFO - Retrieving data for PSIX
2025-04-08 23:44:00,515 - INFO - Inserted/updated 3262 records for PSIX
2025-04-08 23:44:01,529 - INFO - Retrieving data for CGTX
2025-04-08 23:44:01,965 - INFO - Inserted/updated 878 records for CGTX
2025-04-08 23:44:02,966 - INFO - Retrieving data for MBOT
2025-04-08 23:44:04,089 - INFO - Inserted/updated 3840 records for MBOT
2025-04-08 23:44:05,092 - INFO - Retrieving data for HUSA
2025-04-08 23:44:06,282 - INFO - Inserted/updated 3840 records for HUSA
2025-04-08 23:44:07,285 - INFO - Retrieving data for SYPR
2025-04-08 23:44:08,383 - INFO - Inserted/updated 3840 records for SYPR
2025-04-08 23:44:09,386 - INFO - Retrieving data for SPRB
2025-04-08 23:44:09,841 - INFO - Inserted/updated 1129 records for SPRB
2025-04-08 23:44:10,849 - INFO - Retrieving data for EGF
2025-04-08 23:44:11,931 - INFO - Inserted/updated 3828 records for EGF
2025-04-08 23:44:12,935 - INFO - Retrieving data for PRSO
2025-04-08 23:44:12,569 - INFO - Inserted/updated 3840 records for PRSO
2025-04-08 23:44:13,578 - INFO - Retrieving data for PCSA
2025-04-08 23:44:14,208 - INFO - Inserted/updated 1849 records for PCSA
2025-04-08 23:44:15,226 - INFO - Retrieving data for MXC
2025-04-08 23:44:16,319 - INFO - Inserted/updated 3840 records for MXC
2025-04-08 23:44:17,326 - INFO - Retrieving data for WKSP
2025-04-08 23:44:18,324 - INFO - Inserted/updated 3840 records for WKSP
2025-04-08 23:44:19,326 - INFO - Retrieving data for MBRX
2025-04-08 23:44:20,145 - INFO - Inserted/updated 2226 records for MBRX
2025-04-08 23:44:21,152 - INFO - Retrieving data for NTWK
2025-04-08 23:44:22,188 - INFO - Inserted/updated 3840 records for NTWK
2025-04-08 23:44:23,191 - INFO - Retrieving data for EDRY
2025-04-08 23:44:23,740 - INFO - Inserted/updated 1724 records for EDRY
2025-04-08 23:44:24,743 - INFO - Retrieving data for DOGZ
2025-04-08 23:44:25,277 - INFO - Inserted/updated 1835 records for DOGZ
2025-04-08 23:44:26,281 - INFO - Retrieving data for BOXL
2025-04-08 23:44:26,886 - INFO - Inserted/updated 1848 records for BOXL
2025-04-08 23:44:27,917 - INFO - Retrieving data for CYCN
2025-04-08 23:44:28,453 - INFO - Inserted/updated 1514 records for CYCN
2025-04-08 23:44:29,454 - INFO - Retrieving data for ACXP
2025-04-08 23:44:29,890 - INFO - Inserted/updated 951 records for ACXP
2025-04-08 23:44:30,894 - INFO - Retrieving data for DWSN
2025-04-08 23:44:31,912 - INFO - Inserted/updated 3840 records for DWSN
2025-04-08 23:44:32,914 - INFO - Retrieving data for CLIR
2025-04-08 23:44:33,798 - INFO - Inserted/updated 3258 records for CLIR
2025-04-08 23:44:34,801 - INFO - Retrieving data for IRIX
2025-04-08 23:44:35,759 - INFO - Inserted/updated 3840 records for IRIX
2025-04-08 23:44:36,761 - INFO - Retrieving data for SOHO
2025-04-08 23:44:37,769 - INFO - Inserted/updated 3840 records for SOHO
2025-04-08 23:44:38,773 - INFO - Retrieving data for VERB
2025-04-08 23:44:39,481 - INFO - Inserted/updated 2562 records for VERB
2025-04-08 23:44:40,483 - INFO - Retrieving data for APLT
2025-04-08 23:44:40,992 - INFO - Inserted/updated 1485 records for APLT
2025-04-08 23:44:41,993 - INFO - Retrieving data for SNTG
2025-04-08 23:44:42,336 - INFO - Inserted/updated 943 records for SNTG
2025-04-08 23:44:43,340 - INFO - Retrieving data for TISI
2025-04-08 23:44:42,941 - INFO - Inserted/updated 3840 records for TISI
2025-04-08 23:44:43,945 - INFO - Retrieving data for CHCI
2025-04-08 23:44:45,031 - INFO - Inserted/updated 3840 records for CHCI
2025-04-08 23:44:46,040 - INFO - Retrieving data for RMCF
2025-04-08 23:44:47,079 - INFO - Inserted/updated 3840 records for RMCF
2025-04-08 23:44:48,080 - INFO - Retrieving data for SIDU
2025-04-08 23:44:48,492 - INFO - Inserted/updated 832 records for SIDU
2025-04-08 23:44:49,495 - INFO - Retrieving data for ANY
2025-04-08 23:44:50,507 - INFO - Inserted/updated 3840 records for ANY
2025-04-08 23:44:51,565 - INFO - Retrieving data for DMAC
2025-04-08 23:44:52,507 - INFO - Inserted/updated 3839 records for DMAC
2025-04-08 23:44:53,508 - INFO - Retrieving data for ENTX
2025-04-08 23:44:54,077 - INFO - Inserted/updated 1704 records for ENTX
2025-04-08 23:44:55,078 - INFO - Retrieving data for VTGN
2025-04-08 23:44:55,789 - INFO - Inserted/updated 2244 records for VTGN
2025-04-08 23:44:56,791 - INFO - Retrieving data for MRKR
2025-04-08 23:44:57,646 - INFO - Inserted/updated 2778 records for MRKR
2025-04-08 23:44:58,648 - INFO - Retrieving data for PPBT
2025-04-08 23:44:59,332 - INFO - Inserted/updated 2358 records for PPBT
2025-04-08 23:45:00,337 - INFO - Retrieving data for RAND
2025-04-08 23:45:01,389 - INFO - Inserted/updated 3840 records for RAND
2025-04-08 23:45:02,391 - INFO - Retrieving data for GURE
2025-04-08 23:45:03,360 - INFO - Inserted/updated 3840 records for GURE
2025-04-08 23:45:04,363 - INFO - Retrieving data for LTBR
2025-04-08 23:45:05,758 - INFO - Inserted/updated 3840 records for LTBR
2025-04-08 23:45:06,773 - INFO - Retrieving data for VERO
2025-04-08 23:45:07,652 - INFO - Inserted/updated 3125 records for VERO
2025-04-08 23:45:08,655 - INFO - Retrieving data for CMMB
2025-04-08 23:45:09,186 - INFO - Inserted/updated 1547 records for CMMB
2025-04-08 23:45:10,196 - INFO - Retrieving data for GTEC
2025-04-08 23:45:10,747 - INFO - Inserted/updated 1665 records for GTEC
2025-04-08 23:45:11,752 - INFO - Retrieving data for ICLK
2025-04-08 23:45:12,335 - INFO - Inserted/updated 1814 records for ICLK
2025-04-08 23:45:13,345 - INFO - Retrieving data for CPIX
2025-04-08 23:45:14,372 - INFO - Inserted/updated 3840 records for CPIX
2025-04-08 23:45:13,975 - INFO - Retrieving data for CSPI
2025-04-08 23:45:15,070 - INFO - Inserted/updated 3840 records for CSPI
2025-04-08 23:45:16,073 - INFO - Retrieving data for XIN
2025-04-08 23:45:17,096 - INFO - Inserted/updated 3840 records for XIN
2025-04-08 23:45:18,098 - INFO - Retrieving data for PBBK
2025-04-08 23:45:18,482 - INFO - Inserted/updated 938 records for PBBK
2025-04-08 23:45:19,483 - INFO - Retrieving data for ITRG
2025-04-08 23:45:19,930 - INFO - Inserted/updated 1193 records for ITRG
2025-04-08 23:45:20,932 - INFO - Retrieving data for NTRB
2025-04-08 23:45:21,532 - INFO - Inserted/updated 1657 records for NTRB
2025-04-08 23:45:22,534 - INFO - Retrieving data for IFBD
2025-04-08 23:45:22,989 - INFO - Inserted/updated 998 records for IFBD
2025-04-08 23:45:24,056 - INFO - Retrieving data for ESP
2025-04-08 23:45:25,113 - INFO - Inserted/updated 3840 records for ESP
2025-04-08 23:45:26,115 - INFO - Retrieving data for SABS
2025-04-08 23:45:26,580 - INFO - Inserted/updated 1046 records for SABS
2025-04-08 23:45:27,620 - INFO - Retrieving data for OMEX
2025-04-08 23:45:28,633 - INFO - Inserted/updated 3840 records for OMEX
2025-04-08 23:45:29,636 - INFO - Retrieving data for SOPA
2025-04-08 23:45:30,032 - INFO - Inserted/updated 856 records for SOPA
2025-04-08 23:45:31,037 - INFO - Retrieving data for GRF
2025-04-08 23:45:31,997 - INFO - Inserted/updated 3840 records for GRF
2025-04-08 23:45:33,067 - INFO - Retrieving data for GLYC
2025-04-08 23:45:33,890 - INFO - Inserted/updated 2828 records for GLYC
2025-04-08 23:45:34,891 - INFO - Retrieving data for CIF
2025-04-08 23:45:35,896 - INFO - Inserted/updated 3840 records for CIF
2025-04-08 23:45:36,901 - INFO - Retrieving data for ECOR
2025-04-08 23:45:37,489 - INFO - Inserted/updated 1708 records for ECOR
2025-04-08 23:45:38,490 - INFO - Retrieving data for MXE
2025-04-08 23:45:39,551 - INFO - Inserted/updated 3840 records for MXE
2025-04-08 23:45:40,552 - INFO - Retrieving data for COCP
2025-04-08 23:45:41,453 - INFO - Inserted/updated 3493 records for COCP
2025-04-08 23:45:42,471 - INFO - Retrieving data for TAYD
2025-04-08 23:45:43,498 - INFO - Inserted/updated 3840 records for TAYD
2025-04-08 23:45:44,513 - INFO - Retrieving data for XPL
2025-04-08 23:45:45,547 - INFO - Inserted/updated 3840 records for XPL
2025-04-08 23:45:45,147 - INFO - Retrieving data for PT
2025-04-08 23:45:45,696 - INFO - Inserted/updated 1621 records for PT
2025-04-08 23:45:46,700 - INFO - Retrieving data for LPTH
2025-04-08 23:45:47,758 - INFO - Inserted/updated 3840 records for LPTH
2025-04-08 23:45:48,760 - INFO - Retrieving data for MTEX
2025-04-08 23:45:49,825 - INFO - Inserted/updated 3840 records for MTEX
2025-04-08 23:45:50,828 - INFO - Retrieving data for GTIM
2025-04-08 23:45:51,920 - INFO - Inserted/updated 3840 records for GTIM
2025-04-08 23:45:52,975 - INFO - Retrieving data for SSKN
2025-04-08 23:45:54,059 - INFO - Inserted/updated 3840 records for SSKN
2025-04-08 23:45:55,071 - INFO - Retrieving data for NMTC
2025-04-08 23:45:55,633 - INFO - Inserted/updated 1791 records for NMTC
2025-04-08 23:45:56,634 - INFO - Retrieving data for KINS
2025-04-08 23:45:57,765 - INFO - Inserted/updated 3840 records for KINS
2025-04-08 23:45:58,767 - INFO - Retrieving data for DTSS
2025-04-08 23:45:59,434 - INFO - Inserted/updated 2184 records for DTSS
2025-04-08 23:46:00,435 - INFO - Retrieving data for FTFT
2025-04-08 23:46:01,470 - INFO - Inserted/updated 3840 records for FTFT
2025-04-08 23:46:02,502 - INFO - Retrieving data for BCDA
2025-04-08 23:46:05,883 - INFO - Inserted/updated 2891 records for BCDA
2025-04-08 23:46:06,887 - INFO - Retrieving data for OPFI
2025-04-08 23:46:07,324 - INFO - Inserted/updated 1099 records for OPFI
2025-04-08 23:46:08,334 - INFO - Retrieving data for XFOR
2025-04-08 23:46:09,053 - INFO - Inserted/updated 1857 records for XFOR
2025-04-08 23:46:10,060 - INFO - Retrieving data for UGRO
2025-04-08 23:46:10,627 - INFO - Inserted/updated 1356 records for UGRO
2025-04-08 23:46:11,637 - INFO - Retrieving data for FKWL
2025-04-08 23:46:12,629 - INFO - Inserted/updated 3834 records for FKWL
2025-04-08 23:46:13,664 - INFO - Retrieving data for OGEN
2025-04-08 23:46:14,677 - INFO - Inserted/updated 3840 records for OGEN
2025-04-08 23:46:15,679 - INFO - Retrieving data for CTHR
2025-04-08 23:46:15,363 - INFO - Inserted/updated 3840 records for CTHR
2025-04-08 23:46:16,398 - INFO - Retrieving data for BBGI
2025-04-08 23:46:17,459 - INFO - Inserted/updated 3840 records for BBGI
2025-04-08 23:46:18,462 - INFO - Retrieving data for IDAI
2025-04-08 23:46:18,882 - INFO - Inserted/updated 1036 records for IDAI
2025-04-08 23:46:19,887 - INFO - Retrieving data for QNRX
2025-04-08 23:46:20,523 - INFO - Inserted/updated 2185 records for QNRX
2025-04-08 23:46:21,525 - INFO - Retrieving data for KAVL
2025-04-08 23:46:22,611 - INFO - Inserted/updated 3688 records for KAVL
2025-04-08 23:46:23,619 - INFO - Retrieving data for CVV
2025-04-08 23:46:24,636 - INFO - Inserted/updated 3840 records for CVV
2025-04-08 23:46:25,637 - INFO - Retrieving data for RVPH
2025-04-08 23:46:26,134 - INFO - Inserted/updated 1616 records for RVPH
2025-04-08 23:46:27,157 - INFO - Retrieving data for CLPS
2025-04-08 23:46:27,709 - INFO - Inserted/updated 1728 records for CLPS
2025-04-08 23:46:28,711 - INFO - Retrieving data for AKTX
2025-04-08 23:46:29,378 - INFO - Inserted/updated 2402 records for AKTX
2025-04-08 23:46:30,379 - INFO - Retrieving data for LODE
2025-04-08 23:46:31,366 - INFO - Inserted/updated 3840 records for LODE
2025-04-08 23:46:32,368 - INFO - Retrieving data for GLBS
2025-04-08 23:46:33,431 - INFO - Inserted/updated 3840 records for GLBS
2025-04-08 23:46:34,436 - INFO - Retrieving data for BAOS
2025-04-08 23:46:34,842 - INFO - Inserted/updated 1047 records for BAOS
2025-04-08 23:46:35,858 - INFO - Retrieving data for CNET
2025-04-08 23:46:36,827 - INFO - Inserted/updated 3840 records for CNET
2025-04-08 23:46:37,837 - INFO - Retrieving data for DLPN
2025-04-08 23:46:38,416 - INFO - Inserted/updated 1833 records for DLPN
2025-04-08 23:46:39,417 - INFO - Retrieving data for PPSI
2025-04-08 23:46:40,256 - INFO - Inserted/updated 2933 records for PPSI
2025-04-08 23:46:41,257 - INFO - Retrieving data for MTR
2025-04-08 23:46:42,254 - INFO - Inserted/updated 3840 records for MTR
2025-04-08 23:46:43,255 - INFO - Retrieving data for CYN
2025-04-08 23:46:43,626 - INFO - Inserted/updated 870 records for CYN
2025-04-08 23:46:44,627 - INFO - Retrieving data for SGRP
2025-04-08 23:46:45,635 - INFO - Inserted/updated 3840 records for SGRP
2025-04-08 23:46:46,639 - INFO - Retrieving data for AIM
2025-04-08 23:46:46,310 - INFO - Inserted/updated 3838 records for AIM
2025-04-08 23:46:47,386 - INFO - Retrieving data for IMCC
2025-04-08 23:46:47,843 - INFO - Inserted/updated 1207 records for IMCC
2025-04-08 23:46:48,844 - INFO - Retrieving data for WVVI
2025-04-08 23:46:49,890 - INFO - Inserted/updated 3840 records for WVVI
2025-04-08 23:46:50,908 - INFO - Retrieving data for SPRO
2025-04-08 23:46:51,793 - INFO - Inserted/updated 3372 records for SPRO
2025-04-08 23:46:52,798 - INFO - Retrieving data for OCG
2025-04-08 23:46:53,205 - INFO - Inserted/updated 1083 records for OCG
2025-04-08 23:46:54,207 - INFO - Retrieving data for NUKK
2025-04-08 23:46:54,461 - INFO - Inserted/updated 322 records for NUKK
2025-04-08 23:46:55,463 - INFO - Retrieving data for CHEK
2025-04-08 23:46:56,175 - INFO - Inserted/updated 2541 records for CHEK
2025-04-08 23:46:57,178 - INFO - Retrieving data for VINE
2025-04-08 23:46:57,546 - INFO - Inserted/updated 832 records for VINE
2025-04-08 23:46:58,548 - INFO - Retrieving data for VINC
2025-04-08 23:46:59,079 - INFO - Inserted/updated 1224 records for VINC
2025-04-08 23:47:00,084 - INFO - Retrieving data for OCC
2025-04-08 23:47:01,111 - INFO - Inserted/updated 3840 records for OCC
2025-04-08 23:47:02,113 - INFO - Retrieving data for AYRO
2025-04-08 23:47:02,934 - INFO - Inserted/updated 1808 records for AYRO
2025-04-08 23:47:03,942 - INFO - Retrieving data for NSYS
2025-04-08 23:47:05,162 - INFO - Inserted/updated 3840 records for NSYS
2025-04-08 23:47:06,163 - INFO - Retrieving data for FNGR
2025-04-08 23:47:07,455 - INFO - Inserted/updated 2560 records for FNGR
2025-04-08 23:47:08,457 - INFO - Retrieving data for SGMA
2025-04-08 23:47:09,464 - INFO - Inserted/updated 3840 records for SGMA
2025-04-08 23:47:10,469 - INFO - Retrieving data for MCVT
2025-04-08 23:47:11,101 - INFO - Inserted/updated 2048 records for MCVT
2025-04-08 23:47:12,105 - INFO - Retrieving data for BSGM
2025-04-08 23:47:12,822 - INFO - Inserted/updated 2618 records for BSGM
2025-04-08 23:47:13,834 - INFO - Retrieving data for BRN
2025-04-08 23:47:14,918 - INFO - Inserted/updated 3840 records for BRN
2025-04-08 23:47:15,919 - INFO - Retrieving data for SNGX
2025-04-08 23:47:16,866 - INFO - Inserted/updated 3291 records for SNGX
2025-04-08 23:47:17,868 - INFO - Retrieving data for VEEE
2025-04-08 23:47:18,291 - INFO - Inserted/updated 934 records for VEEE
2025-04-08 23:47:17,974 - INFO - Retrieving data for PLAG
2025-04-08 23:47:18,924 - INFO - Inserted/updated 3840 records for PLAG
2025-04-08 23:47:19,926 - INFO - Retrieving data for ELEV
2025-04-08 23:47:20,311 - INFO - Inserted/updated 951 records for ELEV
2025-04-08 23:47:21,314 - INFO - Retrieving data for DCTH
2025-04-08 23:47:22,367 - INFO - Inserted/updated 3840 records for DCTH
2025-04-08 23:47:23,369 - INFO - Retrieving data for ABVC
2025-04-08 23:47:24,267 - INFO - Inserted/updated 3524 records for ABVC
2025-04-08 23:47:25,270 - INFO - Retrieving data for DGLY
2025-04-08 23:47:26,222 - INFO - Inserted/updated 3840 records for DGLY
2025-04-08 23:47:27,232 - INFO - Retrieving data for SVT
2025-04-08 23:47:30,399 - INFO - Inserted/updated 3840 records for SVT
2025-04-08 23:47:31,419 - INFO - Retrieving data for MRM
2025-04-08 23:47:31,939 - INFO - Inserted/updated 1074 records for MRM
2025-04-08 23:47:32,939 - INFO - Retrieving data for GLBZ
2025-04-08 23:47:34,005 - INFO - Inserted/updated 3840 records for GLBZ
2025-04-08 23:47:35,011 - INFO - Retrieving data for NOM
2025-04-08 23:47:36,039 - INFO - Inserted/updated 3840 records for NOM
2025-04-08 23:47:37,042 - INFO - Retrieving data for DAIO
2025-04-08 23:47:38,041 - INFO - Inserted/updated 3840 records for DAIO
2025-04-08 23:47:39,046 - INFO - Retrieving data for DPRO
2025-04-08 23:47:39,510 - INFO - Inserted/updated 1338 records for DPRO
2025-04-08 23:47:40,511 - INFO - Retrieving data for IKT
2025-04-08 23:47:40,937 - INFO - Inserted/updated 1077 records for IKT
2025-04-08 23:47:41,939 - INFO - Retrieving data for UBX
2025-04-08 23:47:42,502 - INFO - Inserted/updated 1743 records for UBX
2025-04-08 23:47:43,505 - INFO - Retrieving data for IGC
2025-04-08 23:47:44,561 - INFO - Inserted/updated 3840 records for IGC
2025-04-08 23:47:45,658 - INFO - Retrieving data for SDIG
2025-04-08 23:47:46,026 - INFO - Inserted/updated 854 records for SDIG
2025-04-08 23:47:47,028 - INFO - Retrieving data for ATNF
2025-04-08 23:47:47,623 - INFO - Inserted/updated 1950 records for ATNF
2025-04-08 23:47:48,625 - INFO - Retrieving data for EKSO
2025-04-08 23:47:47,985 - INFO - Inserted/updated 2824 records for EKSO
2025-04-08 23:47:49,000 - INFO - Retrieving data for SLNH
2025-04-08 23:47:49,939 - INFO - Inserted/updated 3829 records for SLNH
2025-04-08 23:47:50,940 - INFO - Retrieving data for CPOP
2025-04-08 23:47:51,329 - INFO - Inserted/updated 948 records for CPOP
2025-04-08 23:47:52,330 - INFO - Retrieving data for MRIN
2025-04-08 23:47:53,134 - INFO - Inserted/updated 3031 records for MRIN
2025-04-08 23:47:54,150 - INFO - Retrieving data for BPTH
2025-04-08 23:47:55,121 - INFO - Inserted/updated 3840 records for BPTH
2025-04-08 23:47:56,217 - INFO - Retrieving data for DALN
2025-04-08 23:47:57,296 - INFO - Inserted/updated 3840 records for DALN
2025-04-08 23:47:58,298 - INFO - Retrieving data for USAU
2025-04-08 23:47:59,396 - INFO - Inserted/updated 3839 records for USAU
2025-04-08 23:48:00,484 - INFO - Retrieving data for EQS
2025-04-08 23:48:01,781 - INFO - Inserted/updated 3840 records for EQS
2025-04-08 23:48:02,836 - INFO - Retrieving data for ZCMD
2025-04-08 23:48:03,329 - INFO - Inserted/updated 1289 records for ZCMD
2025-04-08 23:48:04,337 - INFO - Retrieving data for KTTA
2025-04-08 23:48:05,783 - INFO - Inserted/updated 895 records for KTTA
2025-04-08 23:48:06,813 - INFO - Retrieving data for SOBR
2025-04-08 23:48:07,702 - INFO - Inserted/updated 2995 records for SOBR
2025-04-08 23:48:08,718 - INFO - Retrieving data for VVOS
2025-04-08 23:48:09,153 - INFO - Inserted/updated 1085 records for VVOS
2025-04-08 23:48:10,160 - INFO - Retrieving data for BTCM
2025-04-08 23:48:10,940 - INFO - Inserted/updated 2860 records for BTCM
2025-04-08 23:48:11,941 - INFO - Retrieving data for CRBP
2025-04-08 23:48:12,648 - INFO - Inserted/updated 2617 records for CRBP
2025-04-08 23:48:13,651 - INFO - Retrieving data for SBET
2025-04-08 23:48:13,904 - INFO - Inserted/updated 289 records for SBET
2025-04-08 23:48:14,905 - INFO - Retrieving data for DSS
2025-04-08 23:48:15,904 - INFO - Inserted/updated 3840 records for DSS
2025-04-08 23:48:16,907 - INFO - Retrieving data for VISL
2025-04-08 23:48:17,733 - INFO - Inserted/updated 3263 records for VISL
2025-04-08 23:48:18,736 - INFO - Retrieving data for MODD
2025-04-08 23:48:19,849 - INFO - Inserted/updated 3439 records for MODD
2025-04-08 23:48:19,525 - INFO - Retrieving data for AGRI
2025-04-08 23:48:19,904 - INFO - Inserted/updated 943 records for AGRI
2025-04-08 23:48:20,906 - INFO - Retrieving data for POAI
2025-04-08 23:48:21,481 - INFO - Inserted/updated 1809 records for POAI
2025-04-08 23:48:22,486 - INFO - Retrieving data for CVR
2025-04-08 23:48:23,552 - INFO - Inserted/updated 3840 records for CVR
2025-04-08 23:48:24,569 - INFO - Retrieving data for SGBX
2025-04-08 23:48:25,146 - INFO - Inserted/updated 1960 records for SGBX
2025-04-08 23:48:26,149 - INFO - Retrieving data for ATHE
2025-04-08 23:48:27,246 - INFO - Inserted/updated 3840 records for ATHE
2025-04-08 23:48:28,250 - INFO - Retrieving data for CABA
2025-04-08 23:48:28,753 - INFO - Inserted/updated 1370 records for CABA
2025-04-08 23:48:29,759 - INFO - Retrieving data for IPW
2025-04-08 23:48:30,145 - INFO - Inserted/updated 982 records for IPW
2025-04-08 23:48:31,149 - INFO - Retrieving data for NCRA
2025-04-08 23:48:31,477 - INFO - Inserted/updated 675 records for NCRA
2025-04-08 23:48:32,482 - INFO - Retrieving data for TRIB
2025-04-08 23:48:33,607 - INFO - Inserted/updated 3840 records for TRIB
2025-04-08 23:48:34,609 - INFO - Retrieving data for CUBA
2025-04-08 23:48:35,697 - INFO - Inserted/updated 3840 records for CUBA
2025-04-08 23:48:36,699 - INFO - Retrieving data for ZKIN
2025-04-08 23:48:37,257 - INFO - Inserted/updated 1910 records for ZKIN
2025-04-08 23:48:38,260 - INFO - Retrieving data for NCTY
2025-04-08 23:48:39,242 - INFO - Inserted/updated 3840 records for NCTY
2025-04-08 23:48:40,250 - INFO - Retrieving data for EDUC
2025-04-08 23:48:41,374 - INFO - Inserted/updated 3840 records for EDUC
2025-04-08 23:48:42,434 - INFO - Retrieving data for CHNR
2025-04-08 23:48:43,469 - INFO - Inserted/updated 3840 records for CHNR
2025-04-08 23:48:44,472 - INFO - Retrieving data for PYPD
2025-04-08 23:48:45,018 - INFO - Inserted/updated 1202 records for PYPD
2025-04-08 23:48:46,081 - INFO - Retrieving data for EDSA
2025-04-08 23:48:46,756 - INFO - Inserted/updated 2369 records for EDSA
2025-04-08 23:48:47,757 - INFO - Retrieving data for PRPO
2025-04-08 23:48:48,770 - INFO - Inserted/updated 3840 records for PRPO
2025-04-08 23:48:49,776 - INFO - Retrieving data for FSI
2025-04-08 23:48:50,790 - INFO - Inserted/updated 3840 records for FSI
2025-04-08 23:48:50,394 - INFO - Retrieving data for NNVC
2025-04-08 23:48:51,392 - INFO - Inserted/updated 3840 records for NNVC
2025-04-08 23:48:52,429 - INFO - Retrieving data for RNXT
2025-04-08 23:48:52,807 - INFO - Inserted/updated 908 records for RNXT
2025-04-08 23:48:53,809 - INFO - Retrieving data for TAIT
2025-04-08 23:48:54,894 - INFO - Inserted/updated 3840 records for TAIT
2025-04-08 23:48:55,964 - INFO - Retrieving data for ASTC
2025-04-08 23:48:57,051 - INFO - Inserted/updated 3840 records for ASTC
2025-04-08 23:48:58,082 - INFO - Retrieving data for NISN
2025-04-08 23:48:58,710 - INFO - Inserted/updated 2082 records for NISN
2025-04-08 23:48:59,717 - INFO - Retrieving data for EZFL
2025-04-08 23:49:00,094 - INFO - Inserted/updated 895 records for EZFL
2025-04-08 23:49:01,201 - INFO - Retrieving data for AIRI
2025-04-08 23:49:02,303 - INFO - Inserted/updated 3840 records for AIRI
2025-04-08 23:49:03,306 - INFO - Retrieving data for ELTK
2025-04-08 23:49:06,161 - INFO - Inserted/updated 3840 records for ELTK
2025-04-08 23:49:07,163 - INFO - Retrieving data for NRSN
2025-04-08 23:49:07,527 - INFO - Inserted/updated 835 records for NRSN
2025-04-08 23:49:08,529 - INFO - Retrieving data for NURO
2025-04-08 23:49:09,626 - INFO - Inserted/updated 3840 records for NURO
2025-04-08 23:49:10,627 - INFO - Retrieving data for DGHI
2025-04-08 23:49:11,035 - INFO - Inserted/updated 836 records for DGHI
2025-04-08 23:49:12,038 - INFO - Retrieving data for KALA
2025-04-08 23:49:12,685 - INFO - Inserted/updated 1941 records for KALA
2025-04-08 23:49:13,687 - INFO - Retrieving data for CREG
2025-04-08 23:49:14,751 - INFO - Inserted/updated 3840 records for CREG
2025-04-08 23:49:15,756 - INFO - Retrieving data for IHT
2025-04-08 23:49:16,780 - INFO - Inserted/updated 3840 records for IHT
2025-04-08 23:49:17,817 - INFO - Retrieving data for INDP
2025-04-08 23:49:18,513 - INFO - Inserted/updated 2435 records for INDP
2025-04-08 23:49:19,514 - INFO - Retrieving data for XELB
2025-04-08 23:49:20,478 - INFO - Inserted/updated 3840 records for XELB
2025-04-08 23:49:21,485 - INFO - Retrieving data for RAVE
2025-04-08 23:49:21,337 - INFO - Inserted/updated 3840 records for RAVE
2025-04-08 23:49:22,345 - INFO - Retrieving data for CKX
2025-04-08 23:49:23,366 - INFO - Inserted/updated 3840 records for CKX
2025-04-08 23:49:24,368 - INFO - Retrieving data for OPXS
2025-04-08 23:49:25,389 - INFO - Inserted/updated 3832 records for OPXS
2025-04-08 23:49:26,558 - INFO - Retrieving data for APWC
2025-04-08 23:49:27,565 - INFO - Inserted/updated 3840 records for APWC
2025-04-08 23:49:28,567 - INFO - Retrieving data for WAVE
2025-04-08 23:49:28,962 - INFO - Inserted/updated 947 records for WAVE
2025-04-08 23:49:29,968 - INFO - Retrieving data for LSF
2025-04-08 23:49:30,420 - INFO - Inserted/updated 1141 records for LSF
2025-04-08 23:49:31,430 - INFO - Retrieving data for VVPR
2025-04-08 23:49:32,083 - INFO - Inserted/updated 2080 records for VVPR
2025-04-08 23:49:33,088 - INFO - Retrieving data for MNPR
2025-04-08 23:49:33,588 - INFO - Inserted/updated 1332 records for MNPR
2025-04-08 23:49:34,589 - INFO - Retrieving data for BHV
2025-04-08 23:49:35,629 - INFO - Inserted/updated 3839 records for BHV
2025-04-08 23:49:36,635 - INFO - Retrieving data for SQFT
2025-04-08 23:49:37,055 - INFO - Inserted/updated 1131 records for SQFT
2025-04-08 23:49:38,065 - INFO - Retrieving data for FEMY
2025-04-08 23:49:38,455 - INFO - Inserted/updated 956 records for FEMY
2025-04-08 23:49:39,455 - INFO - Retrieving data for ONVO
2025-04-08 23:49:40,288 - INFO - Inserted/updated 3307 records for ONVO
2025-04-08 23:49:41,289 - INFO - Retrieving data for FBRX
2025-04-08 23:49:41,859 - INFO - Inserted/updated 2008 records for FBRX
2025-04-08 23:49:42,861 - INFO - Retrieving data for KZIA
2025-04-08 23:49:43,463 - INFO - Inserted/updated 1852 records for KZIA
2025-04-08 23:49:44,464 - INFO - Retrieving data for MDIA
2025-04-08 23:49:44,973 - INFO - Inserted/updated 1322 records for MDIA
2025-04-08 23:49:45,986 - INFO - Retrieving data for WYY
2025-04-08 23:49:47,141 - INFO - Inserted/updated 3838 records for WYY
2025-04-08 23:49:48,144 - INFO - Retrieving data for TTOO
2025-04-08 23:49:48,909 - INFO - Inserted/updated 2684 records for TTOO
2025-04-08 23:49:49,912 - INFO - Retrieving data for AMPG
2025-04-08 23:49:50,954 - INFO - Inserted/updated 3757 records for AMPG
2025-04-08 23:49:51,956 - INFO - Retrieving data for SIF
2025-04-08 23:49:51,543 - INFO - Inserted/updated 3840 records for SIF
2025-04-08 23:49:52,548 - INFO - Retrieving data for AUUD
2025-04-08 23:49:53,031 - INFO - Inserted/updated 1041 records for AUUD
2025-04-08 23:49:54,032 - INFO - Retrieving data for SCKT
2025-04-08 23:49:55,072 - INFO - Inserted/updated 3840 records for SCKT
2025-04-08 23:49:56,074 - INFO - Retrieving data for OPHC
2025-04-08 23:49:57,106 - INFO - Inserted/updated 3840 records for OPHC
2025-04-08 23:49:58,130 - INFO - Retrieving data for CARV
2025-04-08 23:49:59,142 - INFO - Inserted/updated 3840 records for CARV
2025-04-08 23:50:00,145 - INFO - Retrieving data for AEI
2025-04-08 23:50:00,581 - INFO - Inserted/updated 1097 records for AEI
2025-04-08 23:50:01,584 - INFO - Retrieving data for APRE
2025-04-08 23:50:03,102 - INFO - Inserted/updated 1386 records for APRE
2025-04-08 23:50:04,120 - INFO - Retrieving data for ALF
2025-04-08 23:50:04,343 - INFO - Inserted/updated 172 records for ALF
2025-04-08 23:50:05,345 - INFO - Retrieving data for ELSE
2025-04-08 23:50:06,402 - INFO - Inserted/updated 3840 records for ELSE
2025-04-08 23:50:07,424 - INFO - Retrieving data for KUKE
2025-04-08 23:50:07,850 - INFO - Inserted/updated 1065 records for KUKE
2025-04-08 23:50:08,873 - INFO - Retrieving data for CANF
2025-04-08 23:50:09,748 - INFO - Inserted/updated 3124 records for CANF
2025-04-08 23:50:10,749 - INFO - Retrieving data for APDN
2025-04-08 23:50:11,938 - INFO - Inserted/updated 3840 records for APDN
2025-04-08 23:50:12,944 - INFO - Retrieving data for APVO
2025-04-08 23:50:13,615 - INFO - Inserted/updated 2193 records for APVO
2025-04-08 23:50:14,618 - INFO - Retrieving data for TIVC
2025-04-08 23:50:15,008 - INFO - Inserted/updated 854 records for TIVC
2025-04-08 23:50:16,009 - INFO - Retrieving data for BEAT
2025-04-08 23:50:16,389 - INFO - Inserted/updated 854 records for BEAT
2025-04-08 23:50:17,398 - INFO - Retrieving data for HCTI
2025-04-08 23:50:17,783 - INFO - Inserted/updated 875 records for HCTI
2025-04-08 23:50:18,900 - INFO - Retrieving data for ISPC
2025-04-08 23:50:19,450 - INFO - Inserted/updated 957 records for ISPC
2025-04-08 23:50:20,457 - INFO - Retrieving data for CNTX
2025-04-08 23:50:20,840 - INFO - Inserted/updated 870 records for CNTX
2025-04-08 23:50:21,852 - INFO - Retrieving data for BON
2025-04-08 23:50:22,002 - INFO - Inserted/updated 29 records for BON
2025-04-08 23:50:23,009 - INFO - Retrieving data for BJDX
2025-04-08 23:50:23,374 - INFO - Inserted/updated 855 records for BJDX
2025-04-08 23:50:23,055 - INFO - Retrieving data for LEXX
2025-04-08 23:50:23,720 - INFO - Inserted/updated 2203 records for LEXX
2025-04-08 23:50:24,723 - INFO - Retrieving data for SXTC
2025-04-08 23:50:25,217 - INFO - Inserted/updated 1574 records for SXTC
2025-04-08 23:50:26,233 - INFO - Retrieving data for WNW
2025-04-08 23:50:26,658 - INFO - Inserted/updated 1083 records for WNW
2025-04-08 23:50:27,748 - INFO - Retrieving data for BFRI
2025-04-08 23:50:28,115 - INFO - Inserted/updated 863 records for BFRI
2025-04-08 23:50:29,116 - INFO - Retrieving data for RKDA
2025-04-08 23:50:29,824 - INFO - Inserted/updated 2490 records for RKDA
2025-04-08 23:50:30,826 - INFO - Retrieving data for COHN
2025-04-08 23:50:31,915 - INFO - Inserted/updated 3840 records for COHN
2025-04-08 23:50:32,976 - INFO - Retrieving data for DATS
2025-04-08 23:50:33,347 - INFO - Inserted/updated 917 records for DATS
2025-04-08 23:50:34,349 - INFO - Retrieving data for SILO
2025-04-08 23:50:35,023 - INFO - Inserted/updated 2268 records for SILO
2025-04-08 23:50:36,024 - INFO - Retrieving data for TRT
2025-04-08 23:50:37,140 - INFO - Inserted/updated 3840 records for TRT
2025-04-08 23:50:38,143 - INFO - Retrieving data for BLIN
2025-04-08 23:50:39,152 - INFO - Inserted/updated 3840 records for BLIN
2025-04-08 23:50:40,158 - INFO - Retrieving data for CNFR
2025-04-08 23:50:40,854 - INFO - Inserted/updated 2428 records for CNFR
2025-04-08 23:50:41,856 - INFO - Retrieving data for XRTX
2025-04-08 23:50:42,358 - INFO - Inserted/updated 1243 records for XRTX
2025-04-08 23:50:43,359 - INFO - Retrieving data for EEIQ
2025-04-08 23:50:43,756 - INFO - Inserted/updated 1016 records for EEIQ
2025-04-08 23:50:44,757 - INFO - Retrieving data for RCON
2025-04-08 23:50:45,734 - INFO - Inserted/updated 3840 records for RCON
2025-04-08 23:50:46,736 - INFO - Retrieving data for TPST
2025-04-08 23:50:47,555 - INFO - Inserted/updated 3120 records for TPST
2025-04-08 23:50:48,558 - INFO - Retrieving data for MITQ
2025-04-08 23:50:49,012 - INFO - Inserted/updated 943 records for MITQ
2025-04-08 23:50:50,016 - INFO - Retrieving data for WHLR
2025-04-08 23:50:50,788 - INFO - Inserted/updated 3115 records for WHLR
2025-04-08 23:50:51,811 - INFO - Retrieving data for CYTH
2025-04-08 23:50:52,707 - INFO - Inserted/updated 3530 records for CYTH
2025-04-08 23:50:53,713 - INFO - Retrieving data for MARPS
2025-04-08 23:50:53,341 - INFO - Inserted/updated 3840 records for MARPS
2025-04-08 23:50:54,344 - INFO - Retrieving data for LTRY
2025-04-08 23:50:54,899 - INFO - Inserted/updated 1715 records for LTRY
2025-04-08 23:50:55,900 - INFO - Retrieving data for ANTE
2025-04-08 23:50:56,882 - INFO - Inserted/updated 3840 records for ANTE
2025-04-08 23:50:57,885 - INFO - Retrieving data for ICCT
2025-04-08 23:50:58,242 - INFO - Inserted/updated 746 records for ICCT
2025-04-08 23:50:59,255 - INFO - Retrieving data for YCBD
2025-04-08 23:51:00,050 - INFO - Inserted/updated 1496 records for YCBD
2025-04-08 23:51:01,057 - INFO - Retrieving data for CYCC
2025-04-08 23:51:02,241 - INFO - Inserted/updated 3840 records for CYCC
2025-04-08 23:51:03,244 - INFO - Retrieving data for LMFA
2025-04-08 23:51:03,936 - INFO - Inserted/updated 2347 records for LMFA
2025-04-08 23:51:04,938 - INFO - Retrieving data for AMS
2025-04-08 23:51:05,959 - INFO - Inserted/updated 3839 records for AMS
2025-04-08 23:51:06,961 - INFO - Retrieving data for CING
2025-04-08 23:51:07,328 - INFO - Inserted/updated 836 records for CING
2025-04-08 23:51:08,332 - INFO - Retrieving data for GIGM
2025-04-08 23:51:09,500 - INFO - Inserted/updated 3840 records for GIGM
2025-04-08 23:51:10,603 - INFO - Retrieving data for OLB
2025-04-08 23:51:11,597 - INFO - Inserted/updated 3800 records for OLB
2025-04-08 23:51:12,600 - INFO - Retrieving data for TANH
2025-04-08 23:51:13,393 - INFO - Inserted/updated 2527 records for TANH
2025-04-08 23:51:14,395 - INFO - Retrieving data for BTCS
2025-04-08 23:51:15,206 - INFO - Inserted/updated 2792 records for BTCS
2025-04-08 23:51:16,213 - INFO - Retrieving data for OXBR
2025-04-08 23:51:17,018 - INFO - Inserted/updated 2776 records for OXBR
2025-04-08 23:51:18,028 - INFO - Retrieving data for VRPX
2025-04-08 23:51:18,419 - INFO - Inserted/updated 1041 records for VRPX
2025-04-08 23:51:19,434 - INFO - Retrieving data for DTST
2025-04-08 23:51:20,334 - INFO - Inserted/updated 3651 records for DTST
2025-04-08 23:51:21,337 - INFO - Retrieving data for DRUG
2025-04-08 23:51:21,760 - INFO - Inserted/updated 1018 records for DRUG
2025-04-08 23:51:22,761 - INFO - Retrieving data for NDRA
2025-04-08 23:51:23,353 - INFO - Inserted/updated 1954 records for NDRA
2025-04-08 23:51:24,355 - INFO - Retrieving data for PHGE
2025-04-08 23:51:24,876 - INFO - Inserted/updated 1527 records for PHGE
2025-04-08 23:51:24,479 - INFO - Retrieving data for VYNE
2025-04-08 23:51:25,102 - INFO - Inserted/updated 1811 records for VYNE
2025-04-08 23:51:26,103 - INFO - Retrieving data for UCL
2025-04-08 23:51:26,537 - INFO - Inserted/updated 1214 records for UCL
2025-04-08 23:51:27,552 - INFO - Retrieving data for USEG
2025-04-08 23:51:28,572 - INFO - Inserted/updated 3840 records for USEG
2025-04-08 23:51:29,585 - INFO - Retrieving data for DUOT
2025-04-08 23:51:30,278 - INFO - Inserted/updated 2509 records for DUOT
2025-04-08 23:51:31,280 - INFO - Retrieving data for RNAZ
2025-04-08 23:51:31,722 - INFO - Inserted/updated 943 records for RNAZ
2025-04-08 23:51:32,724 - INFO - Retrieving data for BTBD
2025-04-08 23:51:33,147 - INFO - Inserted/updated 853 records for BTBD
2025-04-08 23:51:34,147 - INFO - Retrieving data for TOMZ
2025-04-08 23:51:34,723 - INFO - Inserted/updated 2247 records for TOMZ
2025-04-08 23:51:35,724 - INFO - Retrieving data for CURR
2025-04-08 23:51:35,959 - INFO - Inserted/updated 150 records for CURR
2025-04-08 23:51:36,960 - INFO - Retrieving data for EDTK
2025-04-08 23:51:37,423 - INFO - Inserted/updated 1184 records for EDTK
2025-04-08 23:51:38,425 - INFO - Retrieving data for AEMD
2025-04-08 23:51:39,634 - INFO - Inserted/updated 3840 records for AEMD
2025-04-08 23:51:40,648 - INFO - Retrieving data for JVA
2025-04-08 23:51:41,704 - INFO - Inserted/updated 3840 records for JVA
2025-04-08 23:51:42,715 - INFO - Retrieving data for PZG
2025-04-08 23:51:43,678 - INFO - Inserted/updated 3840 records for PZG
2025-04-08 23:51:44,681 - INFO - Retrieving data for GIPR
2025-04-08 23:51:45,052 - INFO - Inserted/updated 881 records for GIPR
2025-04-08 23:51:46,057 - INFO - Retrieving data for NSPR
2025-04-08 23:51:47,017 - INFO - Inserted/updated 3519 records for NSPR
2025-04-08 23:51:48,022 - INFO - Retrieving data for FORD
2025-04-08 23:51:49,036 - INFO - Inserted/updated 3840 records for FORD
2025-04-08 23:51:50,038 - INFO - Retrieving data for GYRO
2025-04-08 23:51:51,092 - INFO - Inserted/updated 3840 records for GYRO
2025-04-08 23:51:52,102 - INFO - Retrieving data for RETO
2025-04-08 23:51:52,298 - INFO - Inserted/updated 165 records for RETO
2025-04-08 23:51:53,298 - INFO - Retrieving data for CLRO
2025-04-08 23:51:54,412 - INFO - Inserted/updated 3840 records for CLRO
2025-04-08 23:51:55,415 - INFO - Retrieving data for FGF
2025-04-08 23:51:54,843 - INFO - Inserted/updated 2773 records for FGF
2025-04-08 23:51:55,844 - INFO - Retrieving data for UPC
2025-04-08 23:51:56,269 - INFO - Inserted/updated 1017 records for UPC
2025-04-08 23:51:57,434 - INFO - Retrieving data for SONN
2025-04-08 23:51:58,398 - INFO - Inserted/updated 3840 records for SONN
2025-04-08 23:51:59,407 - INFO - Retrieving data for IMTE
2025-04-08 23:51:59,992 - INFO - Inserted/updated 1925 records for IMTE
2025-04-08 23:52:00,994 - INFO - Retrieving data for BBLG
2025-04-08 23:52:01,542 - INFO - Inserted/updated 1745 records for BBLG
2025-04-08 23:52:02,555 - INFO - Retrieving data for PTPI
2025-04-08 23:52:03,033 - INFO - Inserted/updated 1092 records for PTPI
2025-04-08 23:52:04,035 - INFO - Retrieving data for MSN
2025-04-08 23:52:05,066 - INFO - Inserted/updated 3840 records for MSN
2025-04-08 23:52:06,076 - INFO - Retrieving data for IMRN
2025-04-08 23:52:06,774 - INFO - Inserted/updated 1969 records for IMRN
2025-04-08 23:52:07,777 - INFO - Retrieving data for NAOV
2025-04-08 23:52:08,400 - INFO - Inserted/updated 1964 records for NAOV
2025-04-08 23:52:09,401 - INFO - Retrieving data for BKYI
2025-04-08 23:52:10,423 - INFO - Inserted/updated 3840 records for BKYI
2025-04-08 23:52:11,424 - INFO - Retrieving data for IMMX
2025-04-08 23:52:11,823 - INFO - Inserted/updated 830 records for IMMX
2025-04-08 23:52:12,825 - INFO - Retrieving data for RCG
2025-04-08 23:52:13,809 - INFO - Inserted/updated 3840 records for RCG
2025-04-08 23:52:14,817 - INFO - Retrieving data for IINN
2025-04-08 23:52:15,200 - INFO - Inserted/updated 939 records for IINN
2025-04-08 23:52:16,300 - INFO - Retrieving data for IPDN
2025-04-08 23:52:17,110 - INFO - Inserted/updated 3044 records for IPDN
2025-04-08 23:52:18,112 - INFO - Retrieving data for TTNP
2025-04-08 23:52:19,171 - INFO - Inserted/updated 3840 records for TTNP
2025-04-08 23:52:20,175 - INFO - Retrieving data for OTRK
2025-04-08 23:52:20,926 - INFO - Inserted/updated 2979 records for OTRK
2025-04-08 23:52:21,928 - INFO - Retrieving data for MULN
2025-04-08 23:52:22,886 - INFO - Inserted/updated 3840 records for MULN
2025-04-08 23:52:23,889 - INFO - Retrieving data for MDRR
2025-04-08 23:52:24,410 - INFO - Inserted/updated 1598 records for MDRR
2025-04-08 23:52:25,413 - INFO - Retrieving data for AGFY
2025-04-08 23:52:25,907 - INFO - Inserted/updated 1054 records for AGFY
2025-04-08 23:52:25,508 - INFO - Retrieving data for NLSP
2025-04-08 23:52:25,982 - INFO - Inserted/updated 1053 records for NLSP
2025-04-08 23:52:27,023 - INFO - Retrieving data for LEDS
2025-04-08 23:52:27,926 - INFO - Inserted/updated 3604 records for LEDS
2025-04-08 23:52:28,929 - INFO - Retrieving data for NEPH
2025-04-08 23:52:29,677 - INFO - Inserted/updated 2277 records for NEPH
2025-04-08 23:52:30,680 - INFO - Retrieving data for BOSC
2025-04-08 23:52:31,724 - INFO - Inserted/updated 3840 records for BOSC
2025-04-08 23:52:32,729 - INFO - Retrieving data for LOGC
2025-04-08 23:52:33,202 - INFO - Inserted/updated 1082 records for LOGC
2025-04-08 23:52:34,224 - INFO - Retrieving data for WAFU
2025-04-08 23:52:34,768 - INFO - Inserted/updated 1495 records for WAFU
2025-04-08 23:52:35,773 - INFO - Retrieving data for SKYE
2025-04-08 23:52:36,531 - INFO - Inserted/updated 2518 records for SKYE
2025-04-08 23:52:37,536 - INFO - Retrieving data for AWX
2025-04-08 23:52:38,602 - INFO - Inserted/updated 3839 records for AWX
2025-04-08 23:52:39,607 - INFO - Retrieving data for MYO
2025-04-08 23:52:40,196 - INFO - Inserted/updated 1968 records for MYO
2025-04-08 23:52:41,210 - INFO - Retrieving data for EFSH
2025-04-08 23:52:41,687 - INFO - Inserted/updated 1257 records for EFSH
2025-04-08 23:52:42,690 - INFO - Retrieving data for JZXN
2025-04-08 23:52:43,071 - INFO - Inserted/updated 978 records for JZXN
2025-04-08 23:52:44,072 - INFO - Retrieving data for INLX
2025-04-08 23:52:44,865 - INFO - Inserted/updated 2523 records for INLX
2025-04-08 23:52:45,866 - INFO - Retrieving data for CLEU
2025-04-08 23:52:46,315 - INFO - Inserted/updated 1236 records for CLEU
2025-04-08 23:52:47,318 - INFO - Retrieving data for BLBX
2025-04-08 23:52:48,007 - INFO - Inserted/updated 2204 records for BLBX
2025-04-08 23:52:49,009 - INFO - Retrieving data for LIQT
2025-04-08 23:52:49,962 - INFO - Inserted/updated 3421 records for LIQT
2025-04-08 23:52:50,967 - INFO - Retrieving data for QLGN
2025-04-08 23:52:51,733 - INFO - Inserted/updated 2463 records for QLGN
2025-04-08 23:52:52,733 - INFO - Retrieving data for GLMD
2025-04-08 23:52:53,515 - INFO - Inserted/updated 2786 records for GLMD
2025-04-08 23:52:54,593 - INFO - Retrieving data for TSSI
2025-04-08 23:52:55,596 - INFO - Inserted/updated 3769 records for TSSI
2025-04-08 23:52:56,603 - INFO - Retrieving data for VRME
2025-04-08 23:52:57,628 - INFO - Inserted/updated 3827 records for VRME
2025-04-08 23:52:57,288 - INFO - Retrieving data for UNCY
2025-04-08 23:52:57,684 - INFO - Inserted/updated 941 records for UNCY
2025-04-08 23:52:58,785 - INFO - Retrieving data for TAOP
2025-04-08 23:52:59,791 - INFO - Inserted/updated 3840 records for TAOP
2025-04-08 23:53:00,793 - INFO - Retrieving data for SONM
2025-04-08 23:53:01,302 - INFO - Inserted/updated 1487 records for SONM
2025-04-08 23:53:02,304 - INFO - Retrieving data for PTIX
2025-04-08 23:53:03,290 - INFO - Inserted/updated 1884 records for PTIX
2025-04-08 23:53:04,292 - INFO - Retrieving data for BRTX
2025-04-08 23:53:05,150 - INFO - Inserted/updated 2995 records for BRTX
2025-04-08 23:53:06,155 - INFO - Retrieving data for SINT
2025-04-08 23:53:06,914 - INFO - Inserted/updated 2805 records for SINT
2025-04-08 23:53:07,918 - INFO - Retrieving data for SLRX
2025-04-08 23:53:08,703 - INFO - Inserted/updated 2564 records for SLRX
2025-04-08 23:53:09,705 - INFO - Retrieving data for JAGX
2025-04-08 23:53:10,455 - INFO - Inserted/updated 2492 records for JAGX
2025-04-08 23:53:11,456 - INFO - Retrieving data for RELI
2025-04-08 23:53:12,082 - INFO - Inserted/updated 1951 records for RELI
2025-04-08 23:53:13,083 - INFO - Retrieving data for TOPS
2025-04-08 23:53:14,146 - INFO - Inserted/updated 3840 records for TOPS
2025-04-08 23:53:15,148 - INFO - Retrieving data for MIND
2025-04-08 23:53:16,182 - INFO - Inserted/updated 3840 records for MIND
2025-04-08 23:53:17,185 - INFO - Retrieving data for WINT
2025-04-08 23:53:17,915 - INFO - Inserted/updated 2322 records for WINT
2025-04-08 23:53:18,930 - INFO - Retrieving data for SOWG
2025-04-08 23:53:19,616 - INFO - Inserted/updated 2277 records for SOWG
2025-04-08 23:53:20,619 - INFO - Retrieving data for ADIL
2025-04-08 23:53:21,199 - INFO - Inserted/updated 1684 records for ADIL
2025-04-08 23:53:22,200 - INFO - Retrieving data for SPCB
2025-04-08 23:53:23,158 - INFO - Inserted/updated 3840 records for SPCB
2025-04-08 23:53:24,161 - INFO - Retrieving data for ALLR
2025-04-08 23:53:24,567 - INFO - Inserted/updated 827 records for ALLR
2025-04-08 23:53:25,569 - INFO - Retrieving data for PHIO
2025-04-08 23:53:26,393 - INFO - Inserted/updated 3247 records for PHIO
2025-04-08 23:53:27,395 - INFO - Retrieving data for ARTW
2025-04-08 23:53:28,423 - INFO - Inserted/updated 3840 records for ARTW
2025-04-08 23:53:28,022 - INFO - Retrieving data for MSGM
2025-04-08 23:53:28,455 - INFO - Inserted/updated 1064 records for MSGM
2025-04-08 23:53:29,457 - INFO - Retrieving data for HOTH
2025-04-08 23:53:30,000 - INFO - Inserted/updated 1545 records for HOTH
2025-04-08 23:53:31,056 - INFO - Retrieving data for NXGL
2025-04-08 23:53:31,418 - INFO - Inserted/updated 826 records for NXGL
2025-04-08 23:53:32,443 - INFO - Retrieving data for LIXT
2025-04-08 23:53:33,399 - INFO - Inserted/updated 3760 records for LIXT
2025-04-08 23:53:34,409 - INFO - Retrieving data for XBIO
2025-04-08 23:53:35,209 - INFO - Inserted/updated 2761 records for XBIO
2025-04-08 23:53:36,212 - INFO - Retrieving data for HIHO
2025-04-08 23:53:37,281 - INFO - Inserted/updated 3840 records for HIHO
2025-04-08 23:53:38,287 - INFO - Retrieving data for PSTV
2025-04-08 23:53:39,294 - INFO - Inserted/updated 3840 records for PSTV
2025-04-08 23:53:40,296 - INFO - Retrieving data for GAME
2025-04-08 23:53:40,838 - INFO - Inserted/updated 1642 records for GAME
2025-04-08 23:53:41,839 - INFO - Retrieving data for AMBO
2025-04-08 23:53:42,382 - INFO - Inserted/updated 1723 records for AMBO
2025-04-08 23:53:43,396 - INFO - Retrieving data for WISA
2025-04-08 23:53:43,621 - ERROR - Error processing ticker WISA: 'Time Series (Daily)'
2025-04-08 23:53:44,623 - INFO - Retrieving data for SNOA
2025-04-08 23:53:46,670 - INFO - Inserted/updated 3840 records for SNOA
2025-04-08 23:53:47,683 - INFO - Retrieving data for UUU
2025-04-08 23:53:48,689 - INFO - Inserted/updated 3839 records for UUU
2025-04-08 23:53:49,698 - INFO - Retrieving data for GOVX
2025-04-08 23:53:50,540 - INFO - Inserted/updated 3190 records for GOVX
2025-04-08 23:53:51,542 - INFO - Retrieving data for DXF
2025-04-08 23:53:51,714 - INFO - Inserted/updated 52 records for DXF
2025-04-08 23:53:52,716 - INFO - Retrieving data for CREX
2025-04-08 23:53:53,532 - INFO - Inserted/updated 2975 records for CREX
2025-04-08 23:53:54,539 - INFO - Retrieving data for ENSC
2025-04-08 23:53:55,113 - INFO - Inserted/updated 1781 records for ENSC
2025-04-08 23:53:56,116 - INFO - Retrieving data for CPHI
2025-04-08 23:53:57,235 - INFO - Inserted/updated 3840 records for CPHI
2025-04-08 23:53:58,251 - INFO - Retrieving data for SISI
2025-04-08 23:53:58,910 - INFO - Inserted/updated 2144 records for SISI
2025-04-08 23:53:58,513 - INFO - Retrieving data for SSY
2025-04-08 23:53:59,593 - INFO - Inserted/updated 3840 records for SSY
2025-04-08 23:54:00,596 - INFO - Retrieving data for NCPL
2025-04-08 23:54:01,173 - INFO - Inserted/updated 1826 records for NCPL
2025-04-08 23:54:02,174 - INFO - Retrieving data for GBR
2025-04-08 23:54:04,197 - INFO - Inserted/updated 3840 records for GBR
2025-04-08 23:54:05,223 - INFO - Retrieving data for MFH
2025-04-08 23:54:06,255 - INFO - Inserted/updated 2517 records for MFH
2025-04-08 23:54:07,258 - INFO - Retrieving data for WORX
2025-04-08 23:54:08,050 - INFO - Inserted/updated 2138 records for WORX
2025-04-08 23:54:09,053 - INFO - Retrieving data for AMST
2025-04-08 23:54:09,518 - INFO - Inserted/updated 1139 records for AMST
2025-04-08 23:54:10,520 - INFO - Retrieving data for NUWE
2025-04-08 23:54:11,380 - INFO - Inserted/updated 3305 records for NUWE
2025-04-08 23:54:12,381 - INFO - Retrieving data for PRFX
2025-04-08 23:54:12,835 - INFO - Inserted/updated 1156 records for PRFX
2025-04-08 23:54:13,886 - INFO - Retrieving data for XTLB
2025-04-08 23:54:14,891 - INFO - Inserted/updated 3840 records for XTLB
2025-04-08 23:54:15,894 - INFO - Retrieving data for CLWT
2025-04-08 23:54:17,024 - INFO - Inserted/updated 3840 records for CLWT
2025-04-08 23:54:18,028 - INFO - Retrieving data for EZGO
2025-04-08 23:54:18,483 - INFO - Inserted/updated 1056 records for EZGO
2025-04-08 23:54:19,484 - INFO - Retrieving data for OBLG
2025-04-08 23:54:20,551 - INFO - Inserted/updated 3840 records for OBLG
2025-04-08 23:54:21,555 - INFO - Retrieving data for CNSP
2025-04-08 23:54:22,194 - INFO - Inserted/updated 1360 records for CNSP
2025-04-08 23:54:23,197 - INFO - Retrieving data for EJH
2025-04-08 23:54:23,624 - INFO - Inserted/updated 980 records for EJH
2025-04-08 23:54:24,625 - INFO - Retrieving data for RSLS
2025-04-08 23:54:25,158 - INFO - Inserted/updated 2138 records for RSLS
2025-04-08 23:54:26,159 - INFO - Retrieving data for COSM
2025-04-08 23:54:27,011 - INFO - Inserted/updated 3109 records for COSM
2025-04-08 23:54:28,014 - INFO - Retrieving data for NBY
2025-04-08 23:54:29,025 - INFO - Inserted/updated 3840 records for NBY
2025-04-08 23:54:30,027 - INFO - Retrieving data for TENX
2025-04-08 23:54:29,697 - INFO - Inserted/updated 3840 records for TENX
2025-04-08 23:54:30,702 - INFO - Retrieving data for AYTU
2025-04-08 23:54:31,252 - INFO - Inserted/updated 2049 records for AYTU
2025-04-08 23:54:32,254 - INFO - Retrieving data for STRR
2025-04-08 23:54:33,280 - INFO - Inserted/updated 3840 records for STRR
2025-04-08 23:54:34,284 - INFO - Retrieving data for RHE
2025-04-08 23:54:34,840 - INFO - Inserted/updated 1846 records for RHE
2025-04-08 23:54:35,841 - INFO - Retrieving data for GFAI
2025-04-08 23:54:36,269 - INFO - Inserted/updated 1067 records for GFAI
2025-04-08 23:54:37,297 - INFO - Retrieving data for MYSZ
2025-04-08 23:54:37,924 - INFO - Inserted/updated 2190 records for MYSZ
2025-04-08 23:54:38,961 - INFO - Retrieving data for CETX
2025-04-08 23:54:39,681 - INFO - Inserted/updated 2462 records for CETX
2025-04-08 23:54:40,686 - INFO - Retrieving data for ATXI
2025-04-08 23:54:41,310 - INFO - Inserted/updated 1957 records for ATXI
2025-04-08 23:54:42,345 - INFO - Retrieving data for SNAX
2025-04-08 23:54:42,976 - INFO - Inserted/updated 2099 records for SNAX
2025-04-08 23:54:43,977 - INFO - Retrieving data for ADXN
2025-04-08 23:54:44,522 - INFO - Inserted/updated 1302 records for ADXN
2025-04-08 23:54:45,522 - INFO - Retrieving data for SNES
2025-04-08 23:54:46,148 - INFO - Inserted/updated 2094 records for SNES
2025-04-08 23:54:47,151 - INFO - Retrieving data for DRMA
2025-04-08 23:54:47,568 - INFO - Inserted/updated 917 records for DRMA
2025-04-08 23:54:48,572 - INFO - Retrieving data for CRKN
2025-04-08 23:54:49,008 - INFO - Inserted/updated 1190 records for CRKN
2025-04-08 23:54:50,009 - INFO - Retrieving data for NVFY
2025-04-08 23:54:50,974 - INFO - Inserted/updated 3389 records for NVFY
2025-04-08 23:54:51,981 - INFO - Retrieving data for AEHL
2025-04-08 23:54:53,085 - INFO - Inserted/updated 3840 records for AEHL
2025-04-08 23:54:54,095 - INFO - Retrieving data for EFOI
2025-04-08 23:54:54,814 - INFO - Inserted/updated 2697 records for EFOI
2025-04-08 23:54:55,816 - INFO - Retrieving data for CELZ
2025-04-08 23:54:56,515 - INFO - Inserted/updated 2367 records for CELZ
2025-04-08 23:54:57,517 - INFO - Retrieving data for COEP
2025-04-08 23:54:57,955 - INFO - Inserted/updated 1081 records for COEP
2025-04-08 23:54:58,960 - INFO - Retrieving data for VS
2025-04-08 23:54:59,428 - INFO - Inserted/updated 1062 records for VS
2025-04-08 23:55:00,429 - INFO - Retrieving data for OP
2025-04-08 23:55:00,848 - INFO - Inserted/updated 842 records for OP
2025-04-08 23:55:00,452 - INFO - Retrieving data for BNTC
2025-04-08 23:55:01,321 - INFO - Inserted/updated 2425 records for BNTC
2025-04-08 23:55:02,336 - INFO - Retrieving data for SYTA
2025-04-08 23:55:04,432 - INFO - Inserted/updated 1782 records for SYTA
2025-04-08 23:55:05,449 - INFO - Retrieving data for KPRX
2025-04-08 23:55:06,641 - INFO - Inserted/updated 2437 records for KPRX
2025-04-08 23:55:07,645 - INFO - Retrieving data for PALI
2025-04-08 23:55:08,657 - INFO - Inserted/updated 3840 records for PALI
2025-04-08 23:55:09,688 - INFO - Retrieving data for HSDT
2025-04-08 23:55:10,518 - INFO - Inserted/updated 2687 records for HSDT
2025-04-08 23:55:11,532 - INFO - Retrieving data for SPRC
2025-04-08 23:55:11,913 - INFO - Inserted/updated 905 records for SPRC
2025-04-08 23:55:12,915 - INFO - Retrieving data for PSHG
2025-04-08 23:55:13,837 - INFO - Inserted/updated 3588 records for PSHG
2025-04-08 23:55:14,842 - INFO - Retrieving data for APLD
2025-04-08 23:55:15,769 - INFO - Inserted/updated 3404 records for APLD
2025-04-08 23:55:16,775 - INFO - Retrieving data for ECAT
2025-04-08 23:55:17,154 - INFO - Inserted/updated 886 records for ECAT
2025-04-08 23:55:18,155 - INFO - Retrieving data for MSPR
2025-04-08 23:55:18,795 - INFO - Inserted/updated 1121 records for MSPR
2025-04-08 23:55:19,798 - INFO - Retrieving data for MSSA
2025-04-08 23:55:20,182 - INFO - Inserted/updated 717 records for MSSA
2025-04-08 23:55:21,183 - INFO - Retrieving data for MTEK
2025-04-08 23:55:21,604 - INFO - Inserted/updated 798 records for MTEK
2025-04-08 23:55:22,607 - INFO - Retrieving data for NEOV
2025-04-08 23:55:23,102 - INFO - Inserted/updated 1228 records for NEOV
2025-04-08 23:55:24,105 - INFO - Retrieving data for NA
2025-04-08 23:55:24,487 - INFO - Inserted/updated 689 records for NA
2025-04-08 23:55:25,492 - INFO - Retrieving data for NAAS
2025-04-08 23:55:26,571 - INFO - Inserted/updated 1876 records for NAAS
2025-04-08 23:55:27,572 - INFO - Retrieving data for NAMS
2025-04-08 23:55:27,935 - INFO - Inserted/updated 594 records for NAMS
2025-04-08 23:55:28,992 - INFO - Retrieving data for NBXG
2025-04-08 23:55:29,454 - INFO - Inserted/updated 972 records for NBXG
2025-04-08 23:55:30,511 - INFO - Retrieving data for MOB
2025-04-08 23:55:30,844 - INFO - Inserted/updated 657 records for MOB
2025-04-08 23:55:31,871 - INFO - Retrieving data for MODG
2025-04-08 23:55:31,493 - INFO - Inserted/updated 3840 records for MODG
2025-04-08 23:55:32,495 - INFO - Retrieving data for MPTI
2025-04-08 23:55:32,822 - INFO - Inserted/updated 631 records for MPTI
2025-04-08 23:55:33,825 - INFO - Retrieving data for MLTX
2025-04-08 23:55:34,270 - INFO - Inserted/updated 1119 records for MLTX
2025-04-08 23:55:35,284 - INFO - Retrieving data for MHUA
2025-04-08 23:55:35,643 - INFO - Inserted/updated 788 records for MHUA
2025-04-08 23:55:36,688 - INFO - Retrieving data for MIO
2025-04-08 23:55:37,117 - INFO - Inserted/updated 922 records for MIO
2025-04-08 23:55:38,119 - INFO - Retrieving data for MGLD
2025-04-08 23:55:39,088 - INFO - Inserted/updated 3609 records for MGLD
2025-04-08 23:55:40,092 - INFO - Retrieving data for NYAX
2025-04-08 23:55:40,432 - INFO - Inserted/updated 714 records for NYAX
2025-04-08 23:55:41,434 - INFO - Retrieving data for NXL
2025-04-08 23:55:41,732 - INFO - Inserted/updated 642 records for NXL
2025-04-08 23:55:42,737 - INFO - Retrieving data for NXPL
2025-04-08 23:55:43,583 - INFO - Inserted/updated 2739 records for NXPL
2025-04-08 23:55:44,613 - INFO - Retrieving data for OACC
2025-04-08 23:55:45,159 - INFO - Inserted/updated 77 records for OACC
2025-04-08 23:55:46,179 - INFO - Retrieving data for OBE
2025-04-08 23:55:46,702 - INFO - Inserted/updated 1261 records for OBE
2025-04-08 23:55:47,704 - INFO - Retrieving data for OCEA
2025-04-08 23:55:48,021 - INFO - Inserted/updated 538 records for OCEA
2025-04-08 23:55:49,053 - INFO - Retrieving data for NUTX
2025-04-08 23:55:49,879 - INFO - Inserted/updated 2981 records for NUTX
2025-04-08 23:55:50,883 - INFO - Retrieving data for NVCT
2025-04-08 23:55:51,249 - INFO - Inserted/updated 796 records for NVCT
2025-04-08 23:55:52,252 - INFO - Retrieving data for NWTN
2025-04-08 23:55:52,580 - INFO - Inserted/updated 602 records for NWTN
2025-04-08 23:55:53,588 - INFO - Retrieving data for NVX
2025-04-08 23:55:53,948 - INFO - Inserted/updated 798 records for NVX
2025-04-08 23:55:54,952 - INFO - Retrieving data for OMCL
2025-04-08 23:55:56,000 - INFO - Inserted/updated 3840 records for OMCL
2025-04-08 23:55:57,004 - INFO - Retrieving data for ONFO
2025-04-08 23:55:57,391 - INFO - Inserted/updated 656 records for ONFO
2025-04-08 23:55:58,392 - INFO - Retrieving data for OPAL
2025-04-08 23:55:58,756 - INFO - Inserted/updated 681 records for OPAL
2025-04-08 23:55:59,759 - INFO - Retrieving data for ODV
2025-04-08 23:56:00,211 - INFO - Inserted/updated 1210 records for ODV
2025-04-08 23:56:01,267 - INFO - Retrieving data for OKYO
2025-04-08 23:56:01,682 - INFO - Inserted/updated 726 records for OKYO
2025-04-08 23:56:02,698 - INFO - Retrieving data for NOTE
2025-04-08 23:56:03,605 - INFO - Inserted/updated 1089 records for NOTE
2025-04-08 23:56:04,607 - INFO - Retrieving data for NPCT
2025-04-08 23:56:05,008 - INFO - Inserted/updated 992 records for NPCT
2025-04-08 23:56:06,012 - INFO - Retrieving data for NPFD
2025-04-08 23:56:06,852 - INFO - Inserted/updated 830 records for NPFD
2025-04-08 23:56:07,858 - INFO - Retrieving data for NRUC
2025-04-08 23:56:08,369 - INFO - Inserted/updated 1489 records for NRUC
2025-04-08 23:56:09,371 - INFO - Retrieving data for NRGV
2025-04-08 23:56:09,800 - INFO - Inserted/updated 790 records for NRGV
2025-04-08 23:56:10,804 - INFO - Retrieving data for NSTS
2025-04-08 23:56:11,167 - INFO - Inserted/updated 808 records for NSTS
2025-04-08 23:56:12,170 - INFO - Retrieving data for NMAI
2025-04-08 23:56:12,541 - INFO - Inserted/updated 847 records for NMAI
2025-04-08 23:56:13,544 - INFO - Retrieving data for NMCO
2025-04-08 23:56:14,089 - INFO - Inserted/updated 1398 records for NMCO
2025-04-08 23:56:15,092 - INFO - Retrieving data for NIC
2025-04-08 23:56:15,785 - INFO - Inserted/updated 2307 records for NIC
2025-04-08 23:56:16,787 - INFO - Retrieving data for RITM
2025-04-08 23:56:17,634 - INFO - Inserted/updated 3003 records for RITM
2025-04-08 23:56:18,686 - INFO - Retrieving data for RGTI
2025-04-08 23:56:19,160 - INFO - Inserted/updated 996 records for RGTI
2025-04-08 23:56:20,164 - INFO - Retrieving data for REVB
2025-04-08 23:56:20,591 - INFO - Inserted/updated 1102 records for REVB
2025-04-08 23:56:21,591 - INFO - Retrieving data for RFAC
2025-04-08 23:56:21,932 - INFO - Inserted/updated 708 records for RFAC
2025-04-08 23:56:22,935 - INFO - Retrieving data for REBN
2025-04-08 23:56:23,260 - INFO - Inserted/updated 666 records for REBN
2025-04-08 23:56:24,260 - INFO - Retrieving data for RENE
2025-04-08 23:56:24,615 - INFO - Inserted/updated 691 records for RENE
2025-04-08 23:56:25,618 - INFO - Retrieving data for RCS
2025-04-08 23:56:26,688 - INFO - Inserted/updated 3840 records for RCS
2025-04-08 23:56:27,690 - INFO - Retrieving data for RAYA
2025-04-08 23:56:28,009 - INFO - Inserted/updated 580 records for RAYA
2025-04-08 23:56:29,012 - INFO - Retrieving data for QVCD
2025-04-08 23:56:29,687 - INFO - Inserted/updated 1648 records for QVCD
2025-04-08 23:56:30,688 - INFO - Retrieving data for PWUP
2025-04-08 23:56:31,040 - INFO - Inserted/updated 751 records for PWUP
2025-04-08 23:56:32,043 - INFO - Retrieving data for QNCX
2025-04-08 23:56:32,579 - INFO - Inserted/updated 1488 records for QNCX
2025-04-08 23:56:33,581 - INFO - Retrieving data for QBTS
2025-04-08 23:56:32,516 - INFO - Inserted/updated 670 records for QBTS
2025-04-08 23:56:33,518 - INFO - Retrieving data for PRE
2025-04-08 23:56:33,873 - INFO - Inserted/updated 725 records for PRE
2025-04-08 23:56:34,878 - INFO - Retrieving data for PR
2025-04-08 23:56:35,578 - INFO - Inserted/updated 2259 records for PR
2025-04-08 23:56:36,579 - INFO - Retrieving data for PROK
2025-04-08 23:56:36,956 - INFO - Inserted/updated 689 records for PROK
2025-04-08 23:56:37,959 - INFO - Retrieving data for PSNY
2025-04-08 23:56:38,300 - INFO - Inserted/updated 700 records for PSNY
2025-04-08 23:56:39,305 - INFO - Retrieving data for PRZO
2025-04-08 23:56:39,636 - INFO - Inserted/updated 427 records for PRZO
2025-04-08 23:56:40,719 - INFO - Retrieving data for PMEC
2025-04-08 23:56:40,973 - INFO - Inserted/updated 376 records for PMEC
2025-04-08 23:56:41,974 - INFO - Retrieving data for PLUR
2025-04-08 23:56:42,987 - INFO - Inserted/updated 3840 records for PLUR
2025-04-08 23:56:44,061 - INFO - Retrieving data for PLAO
2025-04-08 23:56:44,472 - INFO - Inserted/updated 735 records for PLAO
2025-04-08 23:56:45,515 - INFO - Retrieving data for POET
2025-04-08 23:56:46,199 - INFO - Inserted/updated 2281 records for POET
2025-04-08 23:56:47,202 - INFO - Retrieving data for PMN
2025-04-08 23:56:48,197 - INFO - Inserted/updated 3827 records for PMN
2025-04-08 23:56:49,201 - INFO - Retrieving data for PET
2025-04-08 23:56:49,553 - INFO - Inserted/updated 669 records for PET
2025-04-08 23:56:50,560 - INFO - Retrieving data for PERF
2025-04-08 23:56:50,987 - INFO - Inserted/updated 1032 records for PERF
2025-04-08 23:56:51,991 - INFO - Retrieving data for PEPG
2025-04-08 23:56:52,334 - INFO - Inserted/updated 733 records for PEPG
2025-04-08 23:56:53,336 - INFO - Retrieving data for PEV
2025-04-08 23:56:53,709 - INFO - Inserted/updated 711 records for PEV
2025-04-08 23:56:54,710 - INFO - Retrieving data for PGY
2025-04-08 23:56:55,086 - INFO - Inserted/updated 701 records for PGY
2025-04-08 23:56:56,089 - INFO - Retrieving data for OZ
2025-04-08 23:56:56,581 - INFO - Inserted/updated 1317 records for OZ
2025-04-08 23:56:57,582 - INFO - Retrieving data for OST
2025-04-08 23:56:57,826 - INFO - Inserted/updated 175 records for OST
2025-04-08 23:56:58,830 - INFO - Retrieving data for PCM
2025-04-08 23:56:59,860 - INFO - Inserted/updated 3840 records for PCM
2025-04-08 23:57:00,863 - INFO - Retrieving data for PAXS
2025-04-08 23:57:01,238 - INFO - Inserted/updated 802 records for PAXS
2025-04-08 23:57:02,239 - INFO - Retrieving data for PARA
2025-04-08 23:57:03,381 - INFO - Inserted/updated 3840 records for PARA
2025-04-08 23:57:04,387 - INFO - Retrieving data for LNW
2025-04-08 23:57:04,187 - INFO - Inserted/updated 3840 records for LNW
2025-04-08 23:57:05,206 - INFO - Retrieving data for LRE
2025-04-08 23:57:06,777 - INFO - Inserted/updated 384 records for LRE
2025-04-08 23:57:07,780 - INFO - Retrieving data for LRHC
2025-04-08 23:57:08,040 - INFO - Inserted/updated 376 records for LRHC
2025-04-08 23:57:09,042 - INFO - Retrieving data for LPCN
2025-04-08 23:57:09,881 - INFO - Inserted/updated 2883 records for LPCN
2025-04-08 23:57:10,888 - INFO - Retrieving data for LOVE
2025-04-08 23:57:11,453 - INFO - Inserted/updated 1705 records for LOVE
2025-04-08 23:57:12,454 - INFO - Retrieving data for LSTA
2025-04-08 23:57:13,597 - INFO - Inserted/updated 3840 records for LSTA
2025-04-08 23:57:14,598 - INFO - Retrieving data for LSAK
2025-04-08 23:57:15,745 - INFO - Inserted/updated 3840 records for LSAK
2025-04-08 23:57:16,753 - INFO - Retrieving data for LICN
2025-04-08 23:57:17,146 - INFO - Inserted/updated 545 records for LICN
2025-04-08 23:57:18,150 - INFO - Retrieving data for LIPO
2025-04-08 23:57:18,464 - INFO - Inserted/updated 577 records for LIPO
2025-04-08 23:57:19,468 - INFO - Retrieving data for LGMK
2025-04-08 23:57:20,490 - INFO - Inserted/updated 2928 records for LGMK
2025-04-08 23:57:21,491 - INFO - Retrieving data for LUCY
2025-04-08 23:57:21,811 - INFO - Inserted/updated 665 records for LUCY
2025-04-08 23:57:22,832 - INFO - Retrieving data for MATV
2025-04-08 23:57:23,899 - INFO - Inserted/updated 3840 records for MATV
2025-04-08 23:57:24,900 - INFO - Retrieving data for MAIA
2025-04-08 23:57:25,227 - INFO - Inserted/updated 677 records for MAIA
2025-04-08 23:57:26,227 - INFO - Retrieving data for LYT
2025-04-08 23:57:26,554 - INFO - Inserted/updated 699 records for LYT
2025-04-08 23:57:27,571 - INFO - Retrieving data for MDV
2025-04-08 23:57:27,912 - INFO - Inserted/updated 791 records for MDV
2025-04-08 23:57:28,914 - INFO - Retrieving data for MEGI
2025-04-08 23:57:29,283 - INFO - Inserted/updated 865 records for MEGI
2025-04-08 23:57:30,285 - INFO - Retrieving data for MEGL
2025-04-08 23:57:30,679 - INFO - Inserted/updated 671 records for MEGL
2025-04-08 23:57:31,740 - INFO - Retrieving data for MFIC
2025-04-08 23:57:32,855 - INFO - Inserted/updated 3840 records for MFIC
2025-04-08 23:57:33,912 - INFO - Retrieving data for META
2025-04-08 23:57:34,746 - INFO - Inserted/updated 3241 records for META
2025-04-08 23:57:34,377 - INFO - Retrieving data for KNTK
2025-04-08 23:57:34,985 - INFO - Inserted/updated 1995 records for KNTK
2025-04-08 23:57:35,988 - INFO - Retrieving data for KITT
2025-04-08 23:57:36,399 - INFO - Inserted/updated 924 records for KITT
2025-04-08 23:57:37,399 - INFO - Retrieving data for KLC
2025-04-08 23:57:37,635 - INFO - Inserted/updated 124 records for KLC
2025-04-08 23:57:38,636 - INFO - Retrieving data for KSCP
2025-04-08 23:57:39,011 - INFO - Inserted/updated 802 records for KSCP
2025-04-08 23:57:40,013 - INFO - Retrieving data for KWE
2025-04-08 23:57:40,479 - INFO - Inserted/updated 1065 records for KWE
2025-04-08 23:57:41,481 - INFO - Retrieving data for KTH
2025-04-08 23:57:42,468 - INFO - Inserted/updated 3840 records for KTH
2025-04-08 23:57:43,551 - INFO - Retrieving data for KTN
2025-04-08 23:57:44,577 - INFO - Inserted/updated 3840 records for KTN
2025-04-08 23:57:45,578 - INFO - Retrieving data for LAB
2025-04-08 23:57:46,161 - INFO - Inserted/updated 1238 records for LAB
2025-04-08 23:57:47,164 - INFO - Retrieving data for LANV
2025-04-08 23:57:47,599 - INFO - Inserted/updated 1023 records for LANV
2025-04-08 23:57:48,602 - INFO - Retrieving data for LBGJ
2025-04-08 23:57:48,793 - INFO - Inserted/updated 114 records for LBGJ
2025-04-08 23:57:49,794 - INFO - Retrieving data for LCFY
2025-04-08 23:57:50,193 - INFO - Inserted/updated 762 records for LCFY
2025-04-08 23:57:51,194 - INFO - Retrieving data for IVVD
2025-04-08 23:57:51,562 - INFO - Inserted/updated 922 records for IVVD
2025-04-08 23:57:52,569 - INFO - Retrieving data for IXHL
2025-04-08 23:57:52,819 - INFO - Inserted/updated 339 records for IXHL
2025-04-08 23:57:54,002 - INFO - Retrieving data for IZM
2025-04-08 23:57:54,325 - INFO - Inserted/updated 519 records for IZM
2025-04-08 23:57:55,371 - INFO - Retrieving data for JCSE
2025-04-08 23:57:55,725 - INFO - Inserted/updated 743 records for JCSE
2025-04-08 23:57:56,903 - INFO - Retrieving data for JFBR
2025-04-08 23:57:57,317 - INFO - Inserted/updated 656 records for JFBR
2025-04-08 23:57:58,321 - INFO - Retrieving data for IVCA
2025-04-08 23:57:58,657 - INFO - Inserted/updated 696 records for IVCA
2025-04-08 23:57:59,658 - INFO - Retrieving data for ISPO
2025-04-08 23:58:00,070 - INFO - Inserted/updated 1046 records for ISPO
2025-04-08 23:58:01,077 - INFO - Retrieving data for JUNS
2025-04-08 23:58:01,442 - INFO - Inserted/updated 86 records for JUNS
2025-04-08 23:58:02,444 - INFO - Retrieving data for JZ
2025-04-08 23:58:03,849 - INFO - Inserted/updated 656 records for JZ
2025-04-08 23:58:04,850 - INFO - Retrieving data for GSUN
2025-04-08 23:58:05,791 - INFO - Inserted/updated 702 records for GSUN
2025-04-08 23:58:05,388 - INFO - Retrieving data for GWAV
2025-04-08 23:58:06,102 - INFO - Inserted/updated 2239 records for GWAV
2025-04-08 23:58:07,115 - INFO - Retrieving data for GUG
2025-04-08 23:58:07,515 - INFO - Inserted/updated 845 records for GUG
2025-04-08 23:58:08,529 - INFO - Retrieving data for HKD
2025-04-08 23:58:08,908 - INFO - Inserted/updated 686 records for HKD
2025-04-08 23:58:09,910 - INFO - Retrieving data for HKIT
2025-04-08 23:58:10,159 - INFO - Inserted/updated 278 records for HKIT
2025-04-08 23:58:11,160 - INFO - Retrieving data for HLP
2025-04-08 23:58:11,475 - INFO - Inserted/updated 509 records for HLP
2025-04-08 23:58:12,483 - INFO - Retrieving data for HLN
2025-04-08 23:58:12,809 - INFO - Inserted/updated 681 records for HLN
2025-04-08 23:58:13,809 - INFO - Retrieving data for HCVI
2025-04-08 23:58:14,209 - INFO - Inserted/updated 845 records for HCVI
2025-04-08 23:58:15,210 - INFO - Retrieving data for GRRR
2025-04-08 23:58:15,576 - INFO - Inserted/updated 687 records for GRRR
2025-04-08 23:58:16,580 - INFO - Retrieving data for GROV
2025-04-08 23:58:16,993 - INFO - Inserted/updated 981 records for GROV
2025-04-08 23:58:17,996 - INFO - Retrieving data for GRNT
2025-04-08 23:58:18,477 - INFO - Inserted/updated 1109 records for GRNT
2025-04-08 23:58:19,490 - INFO - Retrieving data for GRFX
2025-04-08 23:58:19,802 - INFO - Inserted/updated 663 records for GRFX
2025-04-08 23:58:20,804 - INFO - Retrieving data for GPAT
2025-04-08 23:58:21,020 - INFO - Inserted/updated 194 records for GPAT
2025-04-08 23:58:22,022 - INFO - Retrieving data for GNLX
2025-04-08 23:58:22,338 - INFO - Inserted/updated 552 records for GNLX
2025-04-08 23:58:23,339 - INFO - Retrieving data for GNS
2025-04-08 23:58:23,673 - INFO - Inserted/updated 750 records for GNS
2025-04-08 23:58:24,684 - INFO - Retrieving data for GLE
2025-04-08 23:58:24,876 - INFO - Inserted/updated 137 records for GLE
2025-04-08 23:58:25,878 - INFO - Retrieving data for GLST
2025-04-08 23:58:26,213 - INFO - Inserted/updated 603 records for GLST
2025-04-08 23:58:27,216 - INFO - Retrieving data for HLVX
2025-04-08 23:58:27,560 - INFO - Inserted/updated 738 records for HLVX
2025-04-08 23:58:28,567 - INFO - Retrieving data for HNVR
2025-04-08 23:58:28,914 - INFO - Inserted/updated 730 records for HNVR
2025-04-08 23:58:29,918 - INFO - Retrieving data for HOUR
2025-04-08 23:58:30,315 - INFO - Inserted/updated 815 records for HOUR
2025-04-08 23:58:31,321 - INFO - Retrieving data for HOUS
2025-04-08 23:58:32,109 - INFO - Inserted/updated 3140 records for HOUS
2025-04-08 23:58:33,111 - INFO - Retrieving data for HTCR
2025-04-08 23:58:33,476 - INFO - Inserted/updated 792 records for HTCR
2025-04-08 23:58:34,481 - INFO - Retrieving data for HSCS
2025-04-08 23:58:34,835 - INFO - Inserted/updated 706 records for HSCS
2025-04-08 23:58:35,839 - INFO - Retrieving data for HUBC
2025-04-08 23:58:36,159 - INFO - Inserted/updated 530 records for HUBC
2025-04-08 23:58:35,766 - INFO - Retrieving data for IBG
2025-04-08 23:58:35,961 - INFO - Inserted/updated 133 records for IBG
2025-04-08 23:58:36,969 - INFO - Retrieving data for IAUX
2025-04-08 23:58:37,345 - INFO - Inserted/updated 994 records for IAUX
2025-04-08 23:58:38,345 - INFO - Retrieving data for ICG
2025-04-08 23:58:38,701 - INFO - Inserted/updated 518 records for ICG
2025-04-08 23:58:39,724 - INFO - Retrieving data for IDR
2025-04-08 23:58:40,641 - INFO - Inserted/updated 3537 records for IDR
2025-04-08 23:58:41,643 - INFO - Retrieving data for INTR
2025-04-08 23:58:41,999 - INFO - Inserted/updated 701 records for INTR
2025-04-08 23:58:43,001 - INFO - Retrieving data for INTS
2025-04-08 23:58:43,267 - INFO - Inserted/updated 445 records for INTS
2025-04-08 23:58:44,267 - INFO - Retrieving data for IPX
2025-04-08 23:58:44,647 - INFO - Inserted/updated 703 records for IPX
2025-04-08 23:58:45,667 - INFO - Retrieving data for IONR
2025-04-08 23:58:46,074 - INFO - Inserted/updated 696 records for IONR
2025-04-08 23:58:47,075 - INFO - Retrieving data for ILAG
2025-04-08 23:58:47,452 - INFO - Inserted/updated 688 records for ILAG
2025-04-08 23:58:48,487 - INFO - Retrieving data for IMPP
2025-04-08 23:58:48,852 - INFO - Inserted/updated 837 records for IMPP
2025-04-08 23:58:49,857 - INFO - Retrieving data for IE
2025-04-08 23:58:50,215 - INFO - Inserted/updated 698 records for IE
2025-04-08 23:58:51,218 - INFO - Retrieving data for COHR
2025-04-08 23:58:52,221 - INFO - Inserted/updated 3840 records for COHR
2025-04-08 23:58:53,223 - INFO - Retrieving data for CORZ
2025-04-08 23:58:53,470 - INFO - Inserted/updated 303 records for CORZ
2025-04-08 23:58:54,470 - INFO - Retrieving data for CLRC
2025-04-08 23:58:54,814 - INFO - Inserted/updated 715 records for CLRC
2025-04-08 23:58:55,818 - INFO - Retrieving data for CRDO
2025-04-08 23:58:56,212 - INFO - Inserted/updated 802 records for CRDO
2025-04-08 23:58:57,220 - INFO - Retrieving data for CRBG
2025-04-08 23:58:57,579 - INFO - Inserted/updated 643 records for CRBG
2025-04-08 23:58:58,583 - INFO - Retrieving data for CTM
2025-04-08 23:58:59,142 - INFO - Inserted/updated 1805 records for CTM
2025-04-08 23:59:00,143 - INFO - Retrieving data for EIC
2025-04-08 23:59:00,686 - INFO - Inserted/updated 1436 records for EIC
2025-04-08 23:59:01,689 - INFO - Retrieving data for EHAB
2025-04-08 23:59:02,028 - INFO - Inserted/updated 695 records for EHAB
2025-04-08 23:59:03,264 - INFO - Retrieving data for ELBM
2025-04-08 23:59:03,982 - INFO - Inserted/updated 2028 records for ELBM
2025-04-08 23:59:04,984 - INFO - Retrieving data for ELC
2025-04-08 23:59:05,964 - INFO - Inserted/updated 2171 records for ELC
2025-04-08 23:59:06,968 - INFO - Retrieving data for ECBK
2025-04-08 23:59:07,310 - INFO - Inserted/updated 677 records for ECBK
2025-04-08 23:59:06,906 - INFO - Retrieving data for EDBL
2025-04-08 23:59:07,256 - INFO - Inserted/updated 734 records for EDBL
2025-04-08 23:59:08,409 - INFO - Retrieving data for EE
2025-04-08 23:59:08,774 - INFO - Inserted/updated 749 records for EE
2025-04-08 23:59:09,889 - INFO - Retrieving data for DXYZ
2025-04-08 23:59:10,116 - INFO - Inserted/updated 260 records for DXYZ
2025-04-08 23:59:11,128 - INFO - Retrieving data for DRCT
2025-04-08 23:59:11,478 - INFO - Inserted/updated 791 records for DRCT
2025-04-08 23:59:12,496 - INFO - Retrieving data for DRS
2025-04-08 23:59:12,804 - INFO - Inserted/updated 591 records for DRS
2025-04-08 23:59:13,807 - INFO - Retrieving data for DRTS
2025-04-08 23:59:14,291 - INFO - Inserted/updated 1028 records for DRTS
2025-04-08 23:59:15,323 - INFO - Retrieving data for DSGR
2025-04-08 23:59:16,346 - INFO - Inserted/updated 3840 records for DSGR
2025-04-08 23:59:17,347 - INFO - Retrieving data for DMYY
2025-04-08 23:59:17,673 - INFO - Inserted/updated 585 records for DMYY
2025-04-08 23:59:18,688 - INFO - Retrieving data for DMA
2025-04-08 23:59:19,071 - INFO - Inserted/updated 811 records for DMA
2025-04-08 23:59:20,086 - INFO - Retrieving data for DINO
2025-04-08 23:59:21,282 - INFO - Inserted/updated 3840 records for DINO
2025-04-08 23:59:22,286 - INFO - Retrieving data for DECA
2025-04-08 23:59:22,724 - INFO - Inserted/updated 712 records for DECA
2025-04-08 23:59:23,729 - INFO - Retrieving data for DC
2025-04-08 23:59:24,073 - INFO - Inserted/updated 755 records for DC
2025-04-08 23:59:25,171 - INFO - Retrieving data for DAVE
2025-04-08 23:59:25,560 - INFO - Inserted/updated 994 records for DAVE
2025-04-08 23:59:26,577 - INFO - Retrieving data for FRGT
2025-04-08 23:59:27,171 - INFO - Inserted/updated 1928 records for FRGT
2025-04-08 23:59:28,172 - INFO - Retrieving data for FRGE
2025-04-08 23:59:28,642 - INFO - Inserted/updated 1052 records for FRGE
2025-04-08 23:59:29,651 - INFO - Retrieving data for FSHP
2025-04-08 23:59:29,894 - INFO - Inserted/updated 162 records for FSHP
2025-04-08 23:59:30,897 - INFO - Retrieving data for FTII
2025-04-08 23:59:31,265 - INFO - Inserted/updated 752 records for FTII
2025-04-08 23:59:32,280 - INFO - Retrieving data for FORL
2025-04-08 23:59:32,575 - INFO - Inserted/updated 476 records for FORL
2025-04-08 23:59:33,578 - INFO - Retrieving data for GJH
2025-04-08 23:59:34,515 - INFO - Inserted/updated 3840 records for GJH
2025-04-08 23:59:35,517 - INFO - Retrieving data for GJO
2025-04-08 23:59:36,494 - INFO - Inserted/updated 3840 records for GJO
2025-04-08 23:59:37,501 - INFO - Retrieving data for GJP
2025-04-08 23:59:38,668 - INFO - Inserted/updated 3840 records for GJP
2025-04-08 23:59:38,356 - INFO - Retrieving data for GJS
2025-04-08 23:59:39,412 - INFO - Inserted/updated 3840 records for GJS
2025-04-08 23:59:40,430 - INFO - Retrieving data for GJT
2025-04-08 23:59:41,474 - INFO - Inserted/updated 3840 records for GJT
2025-04-08 23:59:42,476 - INFO - Retrieving data for GGR
2025-04-08 23:59:42,924 - INFO - Inserted/updated 1033 records for GGR
2025-04-08 23:59:43,929 - INFO - Retrieving data for GETY
2025-04-08 23:59:44,380 - INFO - Inserted/updated 1143 records for GETY
2025-04-08 23:59:45,420 - INFO - Retrieving data for GDST
2025-04-08 23:59:45,795 - INFO - Inserted/updated 748 records for GDST
2025-04-08 23:59:46,796 - INFO - Retrieving data for GELS
2025-04-08 23:59:46,992 - INFO - Inserted/updated 110 records for GELS
2025-04-08 23:59:47,997 - INFO - Retrieving data for GCT
2025-04-08 23:59:48,324 - INFO - Inserted/updated 662 records for GCT
2025-04-08 23:59:49,325 - INFO - Retrieving data for GCTK
2025-04-08 23:59:50,162 - INFO - Inserted/updated 2982 records for GCTK
2025-04-08 23:59:51,164 - INFO - Retrieving data for GBTG
2025-04-08 23:59:51,610 - INFO - Inserted/updated 1098 records for GBTG
2025-04-08 23:59:52,715 - INFO - Retrieving data for GBBK
2025-04-08 23:59:53,055 - INFO - Inserted/updated 704 records for GBBK
2025-04-08 23:59:54,056 - INFO - Retrieving data for GABC
2025-04-08 23:59:55,055 - INFO - Inserted/updated 3840 records for GABC
2025-04-08 23:59:56,060 - INFO - Retrieving data for EPOW
2025-04-08 23:59:56,297 - INFO - Inserted/updated 283 records for EPOW
2025-04-08 23:59:57,298 - INFO - Retrieving data for EP
2025-04-08 23:59:58,155 - INFO - Inserted/updated 3517 records for EP
2025-04-08 23:59:59,157 - INFO - Retrieving data for ENOV
2025-04-09 00:00:00,202 - INFO - Inserted/updated 3839 records for ENOV
2025-04-09 00:00:01,206 - INFO - Retrieving data for EMBC
2025-04-09 00:00:01,613 - INFO - Inserted/updated 757 records for EMBC
2025-04-09 00:00:02,615 - INFO - Retrieving data for EMCG
2025-04-09 00:00:04,482 - INFO - Inserted/updated 632 records for EMCG
2025-04-09 00:00:05,484 - INFO - Retrieving data for ELV
2025-04-09 00:00:06,796 - INFO - Inserted/updated 3840 records for ELV
2025-04-09 00:00:07,797 - INFO - Retrieving data for EU
2025-04-09 00:00:08,518 - INFO - Inserted/updated 2474 records for EU
2025-04-09 00:00:09,520 - INFO - Retrieving data for EVGR
2025-04-09 00:00:08,497 - INFO - Inserted/updated 717 records for EVGR
2025-04-09 00:00:09,498 - INFO - Retrieving data for EVEX
2025-04-09 00:00:09,952 - INFO - Inserted/updated 1068 records for EVEX
2025-04-09 00:00:10,956 - INFO - Retrieving data for ESAB
2025-04-09 00:00:11,593 - INFO - Inserted/updated 760 records for ESAB
2025-04-09 00:00:12,593 - INFO - Retrieving data for EXOD
2025-04-09 00:00:13,150 - INFO - Inserted/updated 894 records for EXOD
2025-04-09 00:00:14,150 - INFO - Retrieving data for FEAM
2025-04-09 00:00:14,506 - INFO - Inserted/updated 770 records for FEAM
2025-04-09 00:00:15,524 - INFO - Retrieving data for FGI
2025-04-09 00:00:16,090 - INFO - Inserted/updated 804 records for FGI
2025-04-09 00:00:17,092 - INFO - Retrieving data for FIP
2025-04-09 00:00:17,436 - INFO - Inserted/updated 677 records for FIP
2025-04-09 00:00:18,438 - INFO - Retrieving data for AFRI
2025-04-09 00:00:18,808 - INFO - Inserted/updated 709 records for AFRI
2025-04-09 00:00:19,810 - INFO - Retrieving data for ALVO
2025-04-09 00:00:20,148 - INFO - Inserted/updated 705 records for ALVO
2025-04-09 00:00:21,163 - INFO - Retrieving data for AKAN
2025-04-09 00:00:21,511 - INFO - Inserted/updated 770 records for AKAN
2025-04-09 00:00:22,513 - INFO - Retrieving data for ACLX
2025-04-09 00:00:22,858 - INFO - Inserted/updated 796 records for ACLX
2025-04-09 00:00:23,864 - INFO - Retrieving data for ACNT
2025-04-09 00:00:24,880 - INFO - Inserted/updated 3840 records for ACNT
2025-04-09 00:00:25,881 - INFO - Retrieving data for ACON
2025-04-09 00:00:26,225 - INFO - Inserted/updated 743 records for ACON
2025-04-09 00:00:27,333 - INFO - Retrieving data for ANGH
2025-04-09 00:00:27,687 - INFO - Inserted/updated 797 records for ANGH
2025-04-09 00:00:28,689 - INFO - Retrieving data for ANTX
2025-04-09 00:00:29,079 - INFO - Inserted/updated 762 records for ANTX
2025-04-09 00:00:30,081 - INFO - Retrieving data for AORT
2025-04-09 00:00:31,176 - INFO - Inserted/updated 3840 records for AORT
2025-04-09 00:00:32,182 - INFO - Retrieving data for AMLX
2025-04-09 00:00:32,539 - INFO - Inserted/updated 815 records for AMLX
2025-04-09 00:00:33,540 - INFO - Retrieving data for AMTD
2025-04-09 00:00:34,032 - INFO - Inserted/updated 1428 records for AMTD
2025-04-09 00:00:35,033 - INFO - Retrieving data for AMPX
2025-04-09 00:00:35,365 - INFO - Inserted/updated 643 records for AMPX
2025-04-09 00:00:36,368 - INFO - Retrieving data for AQU
2025-04-09 00:00:36,676 - INFO - Inserted/updated 596 records for AQU
2025-04-09 00:00:37,768 - INFO - Retrieving data for AREN
2025-04-09 00:00:38,844 - INFO - Inserted/updated 3831 records for AREN
2025-04-09 00:00:39,846 - INFO - Retrieving data for ASST
2025-04-09 00:00:40,157 - INFO - Inserted/updated 546 records for ASST
2025-04-09 00:00:39,759 - INFO - Retrieving data for ASNS
2025-04-09 00:00:40,106 - INFO - Inserted/updated 728 records for ASNS
2025-04-09 00:00:41,107 - INFO - Retrieving data for ASPI
2025-04-09 00:00:41,422 - INFO - Inserted/updated 603 records for ASPI
2025-04-09 00:00:42,424 - INFO - Retrieving data for ATER
2025-04-09 00:00:42,897 - INFO - Inserted/updated 1465 records for ATER
2025-04-09 00:00:43,899 - INFO - Retrieving data for ATAT
2025-04-09 00:00:44,219 - INFO - Inserted/updated 602 records for ATAT
2025-04-09 00:00:45,220 - INFO - Retrieving data for AUST
2025-04-09 00:00:45,557 - INFO - Inserted/updated 735 records for AUST
2025-04-09 00:00:46,607 - INFO - Retrieving data for AZ
2025-04-09 00:00:47,040 - INFO - Inserted/updated 1199 records for AZ
2025-04-09 00:00:48,051 - INFO - Retrieving data for BTMD
2025-04-09 00:00:48,438 - INFO - Inserted/updated 992 records for BTMD
2025-04-09 00:00:49,440 - INFO - Retrieving data for BTOG
2025-04-09 00:00:49,949 - INFO - Inserted/updated 1421 records for BTOG
2025-04-09 00:00:50,953 - INFO - Retrieving data for BYNO
2025-04-09 00:00:51,309 - INFO - Inserted/updated 755 records for BYNO
2025-04-09 00:00:52,323 - INFO - Retrieving data for CHRD
2025-04-09 00:00:52,757 - INFO - Inserted/updated 1099 records for CHRD
2025-04-09 00:00:53,759 - INFO - Retrieving data for CHSCP
2025-04-09 00:00:54,807 - INFO - Inserted/updated 3840 records for CHSCP
2025-04-09 00:00:55,818 - INFO - Retrieving data for CHSN
2025-04-09 00:00:56,121 - INFO - Inserted/updated 508 records for CHSN
2025-04-09 00:00:57,128 - INFO - Retrieving data for CDTG
2025-04-09 00:00:57,415 - INFO - Inserted/updated 244 records for CDTG
2025-04-09 00:00:58,465 - INFO - Retrieving data for CDP
2025-04-09 00:00:59,499 - INFO - Inserted/updated 3840 records for CDP
2025-04-09 00:01:00,578 - INFO - Retrieving data for CEAD
2025-04-09 00:01:01,425 - INFO - Inserted/updated 2869 records for CEAD
2025-04-09 00:01:02,428 - INFO - Retrieving data for CFSB
2025-04-09 00:01:02,778 - INFO - Inserted/updated 811 records for CFSB
2025-04-09 00:01:03,781 - INFO - Retrieving data for CFFI
2025-04-09 00:01:06,155 - INFO - Inserted/updated 3840 records for CFFI
2025-04-09 00:01:07,178 - INFO - Retrieving data for CENN
2025-04-09 00:01:07,430 - INFO - Inserted/updated 280 records for CENN
2025-04-09 00:01:08,436 - INFO - Retrieving data for BIGZ
2025-04-09 00:01:08,849 - INFO - Inserted/updated 1014 records for BIGZ
2025-04-09 00:01:09,851 - INFO - Retrieving data for BLCO
2025-04-09 00:01:10,190 - INFO - Inserted/updated 733 records for BLCO
2025-04-09 00:01:11,192 - INFO - Retrieving data for BLAC
2025-04-09 00:01:10,087 - INFO - Inserted/updated 517 records for BLAC
2025-04-09 00:01:11,089 - INFO - Retrieving data for BLTE
2025-04-09 00:01:11,492 - INFO - Inserted/updated 738 records for BLTE
2025-04-09 00:01:12,495 - INFO - Retrieving data for BNGO
2025-04-09 00:01:13,258 - INFO - Inserted/updated 1645 records for BNGO
2025-04-09 00:01:14,260 - INFO - Retrieving data for BMR
2025-04-09 00:01:14,577 - INFO - Inserted/updated 530 records for BMR
2025-04-09 00:01:15,593 - INFO - Retrieving data for BNRG
2025-04-09 00:01:15,938 - INFO - Inserted/updated 720 records for BNRG
2025-04-09 00:01:16,941 - INFO - Retrieving data for BOC
2025-04-09 00:01:17,559 - INFO - Inserted/updated 1964 records for BOC
2025-04-09 00:01:18,562 - INFO - Retrieving data for BRCC
2025-04-09 00:01:18,951 - INFO - Inserted/updated 989 records for BRCC
2025-04-09 00:01:19,955 - INFO - Retrieving data for BPYPM
2025-04-09 00:01:20,457 - INFO - Inserted/updated 930 records for BPYPM
2025-04-09 00:01:21,460 - INFO - Retrieving data for BEKE
2025-04-09 00:01:22,135 - INFO - Inserted/updated 1169 records for BEKE
2025-04-09 00:01:23,136 - INFO - Retrieving data for BEEP
2025-04-09 00:01:23,502 - INFO - Inserted/updated 974 records for BEEP
2025-04-09 00:01:24,503 - INFO - Retrieving data for BFH
2025-04-09 00:01:25,484 - INFO - Inserted/updated 3840 records for BFH
2025-04-09 00:01:26,485 - INFO - Retrieving data for BHM
2025-04-09 00:01:26,799 - INFO - Inserted/updated 634 records for BHM
2025-04-09 00:01:27,802 - INFO - Retrieving data for BIAF
2025-04-09 00:01:28,166 - INFO - Inserted/updated 652 records for BIAF
2025-04-09 00:01:29,184 - INFO - Retrieving data for BBUC
2025-04-09 00:01:29,539 - INFO - Inserted/updated 776 records for BBUC
2025-04-09 00:01:30,571 - INFO - Retrieving data for BANL
2025-04-09 00:01:30,857 - INFO - Inserted/updated 513 records for BANL
2025-04-09 00:01:31,859 - INFO - Retrieving data for BALL
2025-04-09 00:01:32,890 - INFO - Inserted/updated 3840 records for BALL
2025-04-09 00:01:33,893 - INFO - Retrieving data for BACK
2025-04-09 00:01:34,409 - INFO - Inserted/updated 1547 records for BACK
2025-04-09 00:01:35,419 - INFO - Retrieving data for BAER
2025-04-09 00:01:35,796 - INFO - Inserted/updated 1021 records for BAER
2025-04-09 00:01:36,797 - INFO - Retrieving data for UBXG
2025-04-09 00:01:37,040 - INFO - Inserted/updated 258 records for UBXG
2025-04-09 00:01:38,041 - INFO - Retrieving data for UPXI
2025-04-09 00:01:38,413 - INFO - Inserted/updated 952 records for UPXI
2025-04-09 00:01:39,415 - INFO - Retrieving data for USEA
2025-04-09 00:01:39,753 - INFO - Inserted/updated 693 records for USEA
2025-04-09 00:01:40,796 - INFO - Retrieving data for VBNK
2025-04-09 00:01:41,165 - INFO - Inserted/updated 907 records for VBNK
2025-04-09 00:01:40,787 - INFO - Retrieving data for VANI
2025-04-09 00:01:41,418 - INFO - Inserted/updated 2611 records for VANI
2025-04-09 00:01:42,419 - INFO - Retrieving data for VRAX
2025-04-09 00:01:42,741 - INFO - Inserted/updated 682 records for VRAX
2025-04-09 00:01:43,742 - INFO - Retrieving data for VNRX
2025-04-09 00:01:44,569 - INFO - Inserted/updated 3393 records for VNRX
2025-04-09 00:01:45,573 - INFO - Retrieving data for VOXR
2025-04-09 00:01:46,004 - INFO - Inserted/updated 1181 records for VOXR
2025-04-09 00:01:47,095 - INFO - Retrieving data for VVX
2025-04-09 00:01:47,881 - INFO - Inserted/updated 2657 records for VVX
2025-04-09 00:01:48,883 - INFO - Retrieving data for VZLA
2025-04-09 00:01:49,165 - INFO - Inserted/updated 200 records for VZLA
2025-04-09 00:01:50,167 - INFO - Retrieving data for VIGL
2025-04-09 00:01:50,539 - INFO - Inserted/updated 815 records for VIGL
2025-04-09 00:01:51,547 - INFO - Retrieving data for VMCA
2025-04-09 00:01:51,924 - INFO - Inserted/updated 742 records for VMCA
2025-04-09 00:01:52,927 - INFO - Retrieving data for SYM
2025-04-09 00:01:53,348 - INFO - Inserted/updated 1027 records for SYM
2025-04-09 00:01:54,354 - INFO - Retrieving data for TCRT
2025-04-09 00:01:55,333 - INFO - Inserted/updated 3840 records for TCRT
2025-04-09 00:01:56,336 - INFO - Retrieving data for TCBP
2025-04-09 00:01:56,681 - INFO - Inserted/updated 779 records for TCBP
2025-04-09 00:01:57,682 - INFO - Retrieving data for TBLD
2025-04-09 00:01:58,076 - INFO - Inserted/updated 929 records for TBLD
2025-04-09 00:01:59,077 - INFO - Retrieving data for TGL
2025-04-09 00:01:59,407 - INFO - Inserted/updated 667 records for TGL
2025-04-09 00:02:00,408 - INFO - Retrieving data for TFPM
2025-04-09 00:02:00,778 - INFO - Inserted/updated 884 records for TFPM
2025-04-09 00:02:01,789 - INFO - Retrieving data for TFSA
2025-04-09 00:02:02,864 - INFO - Inserted/updated 1044 records for TFSA
2025-04-09 00:02:03,864 - INFO - Retrieving data for THCH
2025-04-09 00:02:04,240 - INFO - Inserted/updated 633 records for THCH
2025-04-09 00:02:05,242 - INFO - Retrieving data for THRD
2025-04-09 00:02:06,234 - INFO - Inserted/updated 644 records for THRD
2025-04-09 00:02:07,236 - INFO - Retrieving data for TIRX
2025-04-09 00:02:08,186 - INFO - Inserted/updated 1055 records for TIRX
2025-04-09 00:02:09,190 - INFO - Retrieving data for TKLF
2025-04-09 00:02:09,759 - INFO - Inserted/updated 809 records for TKLF
2025-04-09 00:02:10,764 - INFO - Retrieving data for TLF
2025-04-09 00:02:11,751 - INFO - Inserted/updated 3840 records for TLF
2025-04-09 00:02:12,757 - INFO - Retrieving data for TNON
2025-04-09 00:02:11,787 - INFO - Inserted/updated 740 records for TNON
2025-04-09 00:02:12,788 - INFO - Retrieving data for TMQ
2025-04-09 00:02:13,772 - INFO - Inserted/updated 3258 records for TMQ
2025-04-09 00:02:14,777 - INFO - Retrieving data for TOP
2025-04-09 00:02:14,970 - INFO - Inserted/updated 115 records for TOP
2025-04-09 00:02:15,975 - INFO - Retrieving data for TPET
2025-04-09 00:02:16,312 - INFO - Inserted/updated 496 records for TPET
2025-04-09 00:02:17,313 - INFO - Retrieving data for TPG
2025-04-09 00:02:17,665 - INFO - Inserted/updated 811 records for TPG
2025-04-09 00:02:18,666 - INFO - Retrieving data for TPTA
2025-04-09 00:02:19,250 - INFO - Inserted/updated 959 records for TPTA
2025-04-09 00:02:20,259 - INFO - Retrieving data for STSS
2025-04-09 00:02:20,601 - INFO - Inserted/updated 748 records for STSS
2025-04-09 00:02:21,603 - INFO - Retrieving data for STRW
2025-04-09 00:02:21,986 - INFO - Inserted/updated 639 records for STRW
2025-04-09 00:02:22,991 - INFO - Retrieving data for STR
2025-04-09 00:02:23,587 - INFO - Inserted/updated 1906 records for STR
2025-04-09 00:02:24,588 - INFO - Retrieving data for STEW
2025-04-09 00:02:24,910 - INFO - Inserted/updated 756 records for STEW
2025-04-09 00:02:25,912 - INFO - Retrieving data for STKH
2025-04-09 00:02:26,330 - INFO - Inserted/updated 1024 records for STKH
2025-04-09 00:02:27,333 - INFO - Retrieving data for SVRE
2025-04-09 00:02:27,675 - INFO - Inserted/updated 714 records for SVRE
2025-04-09 00:02:28,676 - INFO - Retrieving data for SVV
2025-04-09 00:02:28,967 - INFO - Inserted/updated 446 records for SVV
2025-04-09 00:02:29,969 - INFO - Retrieving data for SWVL
2025-04-09 00:02:30,327 - INFO - Inserted/updated 758 records for SWVL
2025-04-09 00:02:31,338 - INFO - Retrieving data for SVII
2025-04-09 00:02:31,714 - INFO - Inserted/updated 612 records for SVII
2025-04-09 00:02:32,714 - INFO - Retrieving data for SRTS
2025-04-09 00:02:33,369 - INFO - Inserted/updated 2189 records for SRTS
2025-04-09 00:02:34,372 - INFO - Retrieving data for SST
2025-04-09 00:02:34,814 - INFO - Inserted/updated 1173 records for SST
2025-04-09 00:02:35,816 - INFO - Retrieving data for STBX
2025-04-09 00:02:36,179 - INFO - Inserted/updated 191 records for STBX
2025-04-09 00:02:37,186 - INFO - Retrieving data for SOUN
2025-04-09 00:02:37,528 - INFO - Inserted/updated 739 records for SOUN
2025-04-09 00:02:38,578 - INFO - Retrieving data for SPGC
2025-04-09 00:02:38,807 - ERROR - Error processing ticker SPGC: 'Time Series (Daily)'
2025-04-09 00:02:39,808 - INFO - Retrieving data for SOND
2025-04-09 00:02:40,186 - INFO - Inserted/updated 1023 records for SOND
2025-04-09 00:02:41,187 - INFO - Retrieving data for SNTI
2025-04-09 00:02:41,606 - INFO - Inserted/updated 972 records for SNTI
2025-04-09 00:02:42,618 - INFO - Retrieving data for SMR
2025-04-09 00:02:43,117 - INFO - Inserted/updated 1087 records for SMR
2025-04-09 00:02:42,716 - INFO - Retrieving data for SMX
2025-04-09 00:02:43,105 - INFO - Inserted/updated 835 records for SMX
2025-04-09 00:02:44,106 - INFO - Retrieving data for SMXT
2025-04-09 00:02:44,342 - INFO - Inserted/updated 280 records for SMXT
2025-04-09 00:02:45,364 - INFO - Retrieving data for SMTK
2025-04-09 00:02:45,597 - INFO - Inserted/updated 213 records for SMTK
2025-04-09 00:02:46,598 - INFO - Retrieving data for SKYX
2025-04-09 00:02:47,090 - INFO - Inserted/updated 1483 records for SKYX
2025-04-09 00:02:48,093 - INFO - Retrieving data for SKYH
2025-04-09 00:02:48,534 - INFO - Inserted/updated 1088 records for SKYH
2025-04-09 00:02:49,540 - INFO - Retrieving data for SKGR
2025-04-09 00:02:49,958 - INFO - Inserted/updated 662 records for SKGR
2025-04-09 00:02:50,959 - INFO - Retrieving data for SES
2025-04-09 00:02:51,382 - INFO - Inserted/updated 1033 records for SES
2025-04-09 00:02:52,384 - INFO - Retrieving data for SGLY
2025-04-09 00:02:53,429 - INFO - Inserted/updated 3840 records for SGLY
2025-04-09 00:02:54,430 - INFO - Retrieving data for SGHC
2025-04-09 00:02:54,786 - INFO - Inserted/updated 801 records for SGHC
2025-04-09 00:02:55,801 - INFO - Retrieving data for SHEL
2025-04-09 00:02:56,838 - INFO - Inserted/updated 3840 records for SHEL
2025-04-09 00:02:57,841 - INFO - Retrieving data for SHPH
2025-04-09 00:02:58,169 - INFO - Inserted/updated 653 records for SHPH
2025-04-09 00:02:59,172 - INFO - Retrieving data for RLTY
2025-04-09 00:02:59,519 - INFO - Inserted/updated 783 records for RLTY
2025-04-09 00:03:00,520 - INFO - Retrieving data for RMMZ
2025-04-09 00:03:00,891 - INFO - Inserted/updated 791 records for RMMZ
2025-04-09 00:03:01,895 - INFO - Retrieving data for SATL
2025-04-09 00:03:02,557 - INFO - Inserted/updated 1014 records for SATL
2025-04-09 00:03:03,589 - INFO - Retrieving data for SATX
2025-04-09 00:03:04,086 - INFO - Inserted/updated 612 records for SATX
2025-04-09 00:03:05,088 - INFO - Retrieving data for RYTM
2025-04-09 00:03:05,825 - INFO - Inserted/updated 1887 records for RYTM
2025-04-09 00:03:06,826 - INFO - Retrieving data for RTO
2025-04-09 00:03:07,787 - INFO - Inserted/updated 3840 records for RTO
2025-04-09 00:03:08,789 - INFO - Retrieving data for RVSN
2025-04-09 00:03:09,168 - INFO - Inserted/updated 758 records for RVSN
2025-04-09 00:03:10,175 - INFO - Retrieving data for YOSH
2025-04-09 00:03:10,492 - INFO - Inserted/updated 647 records for YOSH
2025-04-09 00:03:11,498 - INFO - Retrieving data for YOTA
2025-04-09 00:03:12,405 - INFO - Inserted/updated 699 records for YOTA
2025-04-09 00:03:13,407 - INFO - Retrieving data for XPON
2025-04-09 00:03:13,821 - INFO - Inserted/updated 757 records for XPON
2025-04-09 00:03:13,473 - INFO - Retrieving data for ZTEK
2025-04-09 00:03:14,196 - INFO - Inserted/updated 2195 records for ZTEK
2025-04-09 00:03:15,198 - INFO - Retrieving data for ZIMV
2025-04-09 00:03:15,622 - INFO - Inserted/updated 780 records for ZIMV
2025-04-09 00:03:16,625 - INFO - Retrieving data for WLGS
2025-04-09 00:03:17,154 - INFO - Inserted/updated 494 records for WLGS
2025-04-09 00:03:18,155 - INFO - Retrieving data for WLDS
2025-04-09 00:03:18,480 - INFO - Inserted/updated 645 records for WLDS
2025-04-09 00:03:19,634 - INFO - Retrieving data for WEST
2025-04-09 00:03:19,977 - INFO - Inserted/updated 656 records for WEST
2025-04-09 00:03:20,978 - INFO - Retrieving data for WETH
2025-04-09 00:03:21,509 - INFO - Inserted/updated 1499 records for WETH
2025-04-09 00:03:22,511 - INFO - Retrieving data for WDS
2025-04-09 00:03:23,557 - INFO - Inserted/updated 3840 records for WDS
2025-04-09 00:03:24,562 - INFO - Retrieving data for WDI
2025-04-09 00:03:24,930 - INFO - Inserted/updated 951 records for WDI
2025-04-09 00:03:25,931 - INFO - Retrieving data for WBD
2025-04-09 00:03:27,015 - INFO - Inserted/updated 3838 records for WBD
2025-04-09 00:03:28,016 - INFO - Retrieving data for WLY
2025-04-09 00:03:29,014 - INFO - Inserted/updated 3840 records for WLY
2025-04-09 00:03:30,016 - INFO - Retrieving data for TBB
2025-04-09 00:03:30,866 - INFO - Inserted/updated 1865 records for TBB
2025-04-09 00:03:31,868 - INFO - Retrieving data for GOOG
2025-04-09 00:03:32,611 - INFO - Inserted/updated 2776 records for GOOG
2025-04-09 00:03:33,612 - INFO - Retrieving data for CCZ
2025-04-09 00:03:34,724 - INFO - Inserted/updated 3791 records for CCZ
2025-04-09 00:03:35,730 - INFO - Retrieving data for AMX
2025-04-09 00:03:37,080 - INFO - Inserted/updated 3840 records for AMX
2025-04-09 00:03:38,143 - INFO - Retrieving data for BBDO
2025-04-09 00:03:39,032 - INFO - Inserted/updated 3288 records for BBDO
2025-04-09 00:03:40,035 - INFO - Retrieving data for SOJC
2025-04-09 00:03:40,591 - INFO - Inserted/updated 1850 records for SOJC
2025-04-09 00:03:41,627 - INFO - Retrieving data for FOX
2025-04-09 00:03:42,204 - INFO - Inserted/updated 1528 records for FOX
2025-04-09 00:03:43,205 - INFO - Retrieving data for FITBI
2025-04-09 00:03:43,989 - INFO - Inserted/updated 2851 records for FITBI
2025-04-09 00:03:44,991 - INFO - Retrieving data for LBRDK
2025-04-09 00:03:44,320 - INFO - Inserted/updated 2622 records for LBRDK
2025-04-09 00:03:45,327 - INFO - Retrieving data for FWONK
2025-04-09 00:03:46,079 - INFO - Inserted/updated 2706 records for FWONK
2025-04-09 00:03:47,097 - INFO - Retrieving data for FWONA
2025-04-09 00:03:47,885 - INFO - Inserted/updated 3080 records for FWONA
2025-04-09 00:03:48,903 - INFO - Retrieving data for BPYPP
2025-04-09 00:03:49,416 - INFO - Inserted/updated 1527 records for BPYPP
2025-04-09 00:03:50,429 - INFO - Retrieving data for ACGLO
2025-04-09 00:03:51,026 - INFO - Inserted/updated 1923 records for ACGLO
2025-04-09 00:03:52,029 - INFO - Retrieving data for LBTYK
2025-04-09 00:03:52,904 - INFO - Inserted/updated 3840 records for LBTYK
2025-04-09 00:03:54,049 - INFO - Retrieving data for LBTYB
2025-04-09 00:03:55,032 - INFO - Inserted/updated 3840 records for LBTYB
2025-04-09 00:03:56,053 - INFO - Retrieving data for NWS
2025-04-09 00:03:56,849 - INFO - Inserted/updated 2970 records for NWS
2025-04-09 00:03:57,851 - INFO - Retrieving data for Z
2025-04-09 00:03:58,581 - INFO - Inserted/updated 2436 records for Z
2025-04-09 00:03:59,660 - INFO - Retrieving data for RZB
2025-04-09 00:04:00,315 - INFO - Inserted/updated 2219 records for RZB
2025-04-09 00:04:01,316 - INFO - Retrieving data for AGNCN
2025-04-09 00:04:02,030 - INFO - Inserted/updated 1922 records for AGNCN
2025-04-09 00:04:03,065 - INFO - Retrieving data for AGNCM
2025-04-09 00:04:04,013 - INFO - Inserted/updated 1537 records for AGNCM
2025-04-09 00:04:05,036 - INFO - Retrieving data for CMSA
2025-04-09 00:04:05,665 - INFO - Inserted/updated 1780 records for CMSA
2025-04-09 00:04:06,668 - INFO - Retrieving data for JSM
2025-04-09 00:04:07,691 - INFO - Inserted/updated 3840 records for JSM
2025-04-09 00:04:08,693 - INFO - Retrieving data for UNMA
2025-04-09 00:04:09,239 - INFO - Inserted/updated 1711 records for UNMA
2025-04-09 00:04:10,256 - INFO - Retrieving data for BHFAL
2025-04-09 00:04:10,800 - INFO - Inserted/updated 1650 records for BHFAL
2025-04-09 00:04:11,801 - INFO - Retrieving data for DTW
2025-04-09 00:04:12,378 - INFO - Inserted/updated 1853 records for DTW
2025-04-09 00:04:13,379 - INFO - Retrieving data for BHFAP
2025-04-09 00:04:13,886 - INFO - Inserted/updated 1525 records for BHFAP
2025-04-09 00:04:15,055 - INFO - Retrieving data for UA
2025-04-09 00:04:15,829 - INFO - Inserted/updated 2265 records for UA
2025-04-09 00:04:15,434 - INFO - Retrieving data for SLMBP
2025-04-09 00:04:16,590 - INFO - Inserted/updated 3840 records for SLMBP
2025-04-09 00:04:17,591 - INFO - Retrieving data for QRTEB
2025-04-09 00:04:18,634 - INFO - Inserted/updated 3837 records for QRTEB
2025-04-09 00:04:19,638 - INFO - Retrieving data for WTFCM
2025-04-09 00:04:20,306 - INFO - Inserted/updated 2453 records for WTFCM
2025-04-09 00:04:21,317 - INFO - Retrieving data for ESGRO
2025-04-09 00:04:21,857 - INFO - Inserted/updated 1607 records for ESGRO
2025-04-09 00:04:22,861 - INFO - Retrieving data for ESGRP
2025-04-09 00:04:23,561 - INFO - Inserted/updated 1710 records for ESGRP
2025-04-09 00:04:24,562 - INFO - Retrieving data for VLYPO
2025-04-09 00:04:25,186 - INFO - Inserted/updated 1935 records for VLYPO
2025-04-09 00:04:26,186 - INFO - Retrieving data for VLYPP
2025-04-09 00:04:26,992 - INFO - Inserted/updated 2468 records for VLYPP
2025-04-09 00:04:28,031 - INFO - Retrieving data for HOVNP
2025-04-09 00:04:29,012 - INFO - Inserted/updated 3840 records for HOVNP
2025-04-09 00:04:30,085 - INFO - Retrieving data for RUSHB
2025-04-09 00:04:31,157 - INFO - Inserted/updated 3840 records for RUSHB
2025-04-09 00:04:32,160 - INFO - Retrieving data for CENTA
2025-04-09 00:04:33,122 - INFO - Inserted/updated 3840 records for CENTA
2025-04-09 00:04:34,137 - INFO - Retrieving data for LILAK
2025-04-09 00:04:34,802 - INFO - Inserted/updated 2457 records for LILAK
2025-04-09 00:04:35,804 - INFO - Retrieving data for BATRA
2025-04-09 00:04:36,465 - INFO - Inserted/updated 2258 records for BATRA
2025-04-09 00:04:37,466 - INFO - Retrieving data for BATRK
2025-04-09 00:04:38,176 - INFO - Inserted/updated 2258 records for BATRK
2025-04-09 00:04:39,184 - INFO - Retrieving data for MHLA
2025-04-09 00:04:39,849 - INFO - Inserted/updated 2217 records for MHLA
2025-04-09 00:04:40,853 - INFO - Retrieving data for HCXY
2025-04-09 00:04:41,390 - INFO - Inserted/updated 1641 records for HCXY
2025-04-09 00:04:42,397 - INFO - Retrieving data for EAI
2025-04-09 00:04:43,030 - INFO - Inserted/updated 2172 records for EAI
2025-04-09 00:04:44,032 - INFO - Retrieving data for NYMTN
2025-04-09 00:04:44,618 - INFO - Inserted/updated 1886 records for NYMTN
2025-04-09 00:04:45,659 - INFO - Retrieving data for KELYB
2025-04-09 00:04:46,808 - INFO - Inserted/updated 3840 records for KELYB
2025-04-09 00:04:46,404 - INFO - Retrieving data for ECCX
2025-04-09 00:04:47,004 - INFO - Inserted/updated 1745 records for ECCX
2025-04-09 00:04:48,006 - INFO - Retrieving data for SENEB
2025-04-09 00:04:49,100 - INFO - Inserted/updated 3840 records for SENEB
2025-04-09 00:04:50,103 - INFO - Retrieving data for DGICB
2025-04-09 00:04:51,096 - INFO - Inserted/updated 3840 records for DGICB
2025-04-09 00:04:52,098 - INFO - Retrieving data for OXLCO
2025-04-09 00:04:52,487 - INFO - Inserted/updated 919 records for OXLCO
2025-04-09 00:04:53,488 - INFO - Retrieving data for LANDM
2025-04-09 00:04:53,934 - INFO - Inserted/updated 1064 records for LANDM
2025-04-09 00:04:54,938 - INFO - Retrieving data for BH
2025-04-09 00:04:56,056 - INFO - Inserted/updated 3840 records for BH
2025-04-09 00:04:57,058 - INFO - Retrieving data for BELFB
2025-04-09 00:04:58,086 - INFO - Inserted/updated 3840 records for BELFB
2025-04-09 00:04:59,098 - INFO - Retrieving data for UONEK
2025-04-09 00:05:00,102 - INFO - Inserted/updated 3840 records for UONEK
2025-04-09 00:05:01,105 - INFO - Retrieving data for ENO
2025-04-09 00:05:01,854 - INFO - Inserted/updated 2274 records for ENO
2025-04-09 00:05:02,863 - INFO - Retrieving data for FATBB
2025-04-09 00:05:03,250 - INFO - Inserted/updated 910 records for FATBB
2025-04-09 00:05:04,255 - INFO - Retrieving data for SOHOB
2025-04-09 00:05:04,871 - INFO - Inserted/updated 2165 records for SOHOB
2025-04-09 00:05:05,957 - INFO - Retrieving data for FBIOP
2025-04-09 00:05:06,575 - INFO - Inserted/updated 1859 records for FBIOP
2025-04-09 00:05:07,580 - INFO - Retrieving data for SOHOO
2025-04-09 00:05:08,180 - INFO - Inserted/updated 1887 records for SOHOO
2025-04-09 00:05:09,182 - INFO - Retrieving data for SOHON
2025-04-09 00:05:09,698 - INFO - Inserted/updated 1506 records for SOHON
2025-04-09 00:05:10,699 - INFO - Retrieving data for RDIB
2025-04-09 00:05:11,759 - INFO - Inserted/updated 3840 records for RDIB
2025-04-09 00:05:12,763 - INFO - Retrieving data for RSF
2025-04-09 00:05:13,426 - INFO - Inserted/updated 2148 records for RSF
2025-04-09 00:05:14,428 - INFO - Retrieving data for WVVIP
2025-04-09 00:05:15,138 - INFO - Inserted/updated 2207 records for WVVIP
2025-04-09 00:05:16,143 - INFO - Retrieving data for AFGC
2025-04-09 00:05:16,631 - INFO - Inserted/updated 1343 records for AFGC
2025-04-09 00:05:17,642 - INFO - Retrieving data for FTLF
2025-04-09 00:05:17,268 - INFO - Inserted/updated 3832 records for FTLF
2025-04-09 00:05:18,275 - INFO - Retrieving data for CYCCP
2025-04-09 00:05:19,227 - INFO - Inserted/updated 3840 records for CYCCP
2025-04-09 00:05:20,237 - INFO - Retrieving data for WHLRD
2025-04-09 00:05:20,879 - INFO - Inserted/updated 2148 records for WHLRD
2025-04-09 00:05:21,890 - INFO - Retrieving data for TVC
2025-04-09 00:05:23,007 - INFO - Inserted/updated 3840 records for TVC
2025-04-09 00:05:24,035 - INFO - Retrieving data for TVE
2025-04-09 00:05:25,151 - INFO - Inserted/updated 3840 records for TVE
2025-04-09 00:05:26,155 - INFO - Retrieving data for WHLRP
2025-04-09 00:05:26,881 - INFO - Inserted/updated 2651 records for WHLRP
2025-04-09 00:05:27,886 - INFO - Retrieving data for OXBRW
2025-04-09 00:05:28,592 - INFO - Inserted/updated 2358 records for OXBRW
2025-04-09 00:05:29,594 - INFO - Retrieving data for RNWWW
2025-04-09 00:05:30,113 - INFO - Inserted/updated 1052 records for RNWWW
2025-04-09 00:05:31,113 - INFO - Retrieving data for RSVRW
2025-04-09 00:05:31,657 - INFO - Inserted/updated 1068 records for RSVRW
2025-04-09 00:05:32,674 - INFO - Retrieving data for RVPHW
2025-04-09 00:05:33,332 - INFO - Inserted/updated 1412 records for RVPHW
2025-04-09 00:05:34,333 - INFO - Retrieving data for RVSNW
2025-04-09 00:05:34,792 - INFO - Inserted/updated 757 records for RVSNW
2025-04-09 00:05:35,793 - INFO - Retrieving data for RWAYL
2025-04-09 00:05:36,403 - INFO - Inserted/updated 675 records for RWAYL
2025-04-09 00:05:37,404 - INFO - Retrieving data for SABSW
2025-04-09 00:05:37,948 - INFO - Inserted/updated 1045 records for SABSW
2025-04-09 00:05:38,950 - INFO - Retrieving data for SATLW
2025-04-09 00:05:39,500 - INFO - Inserted/updated 1014 records for SATLW
2025-04-09 00:05:40,501 - INFO - Retrieving data for SAT
2025-04-09 00:05:40,958 - INFO - Inserted/updated 736 records for SAT
2025-04-09 00:05:42,050 - INFO - Retrieving data for SIGIP
2025-04-09 00:05:42,604 - INFO - Inserted/updated 1086 records for SIGIP
2025-04-09 00:05:43,607 - INFO - Retrieving data for SFB
2025-04-09 00:05:44,331 - INFO - Inserted/updated 1878 records for SFB
2025-04-09 00:05:45,339 - INFO - Retrieving data for SEATW
2025-04-09 00:05:45,919 - INFO - Inserted/updated 1127 records for SEATW
2025-04-09 00:05:46,920 - INFO - Retrieving data for SBBA
2025-04-09 00:05:47,493 - INFO - Inserted/updated 1190 records for SBBA
2025-04-09 00:05:48,496 - INFO - Retrieving data for SBFMW
2025-04-09 00:05:47,552 - INFO - Inserted/updated 787 records for SBFMW
2025-04-09 00:05:48,677 - INFO - Retrieving data for SCCC
2025-04-09 00:05:49,231 - INFO - Inserted/updated 1150 records for SCCC
2025-04-09 00:05:50,234 - INFO - Retrieving data for SCCD
2025-04-09 00:05:50,754 - INFO - Inserted/updated 826 records for SCCD
2025-04-09 00:05:51,755 - INFO - Retrieving data for SCCE
2025-04-09 00:05:52,214 - INFO - Inserted/updated 773 records for SCCE
2025-04-09 00:05:53,215 - INFO - Retrieving data for SCCF
2025-04-09 00:05:53,671 - INFO - Inserted/updated 729 records for SCCF
2025-04-09 00:05:54,685 - INFO - Retrieving data for SCCG
2025-04-09 00:05:55,113 - INFO - Inserted/updated 657 records for SCCG
2025-04-09 00:05:56,118 - INFO - Retrieving data for STSSW
2025-04-09 00:05:56,609 - INFO - Inserted/updated 747 records for STSSW
2025-04-09 00:05:57,610 - INFO - Retrieving data for STRRP
2025-04-09 00:05:58,220 - INFO - Inserted/updated 1400 records for STRRP
2025-04-09 00:05:59,225 - INFO - Retrieving data for SVREW
2025-04-09 00:05:59,652 - INFO - Inserted/updated 712 records for SVREW
2025-04-09 00:06:00,654 - INFO - Retrieving data for SWVLW
2025-04-09 00:06:01,173 - INFO - Inserted/updated 757 records for SWVLW
2025-04-09 00:06:02,351 - INFO - Retrieving data for SRZNW
2025-04-09 00:06:02,844 - INFO - Inserted/updated 918 records for SRZNW
2025-04-09 00:06:03,844 - INFO - Retrieving data for SSSSL
2025-04-09 00:06:04,364 - INFO - Inserted/updated 829 records for SSSSL
2025-04-09 00:06:05,364 - INFO - Retrieving data for SREA
2025-04-09 00:06:05,863 - INFO - Inserted/updated 1454 records for SREA
2025-04-09 00:06:06,863 - INFO - Retrieving data for SQFTP
2025-04-09 00:06:07,392 - INFO - Inserted/updated 961 records for SQFTP
2025-04-09 00:06:08,395 - INFO - Retrieving data for SQFTW
2025-04-09 00:06:08,883 - INFO - Inserted/updated 805 records for SQFTW
2025-04-09 00:06:09,886 - INFO - Retrieving data for SKGRW
2025-04-09 00:06:10,304 - INFO - Inserted/updated 665 records for SKGRW
2025-04-09 00:06:11,436 - INFO - Retrieving data for SLNHP
2025-04-09 00:06:11,977 - INFO - Inserted/updated 912 records for SLNHP
2025-04-09 00:06:12,978 - INFO - Retrieving data for SLDPW
2025-04-09 00:06:13,497 - INFO - Inserted/updated 979 records for SLDPW
2025-04-09 00:06:14,499 - INFO - Retrieving data for SONDW
2025-04-09 00:06:15,035 - INFO - Inserted/updated 1023 records for SONDW
2025-04-09 00:06:16,036 - INFO - Retrieving data for SOJD
2025-04-09 00:06:16,631 - INFO - Inserted/updated 1316 records for SOJD
2025-04-09 00:06:17,633 - INFO - Retrieving data for SOJE
2025-04-09 00:06:18,205 - INFO - Inserted/updated 1141 records for SOJE
2025-04-09 00:06:19,206 - INFO - Retrieving data for SOUNW
2025-04-09 00:06:19,702 - INFO - Inserted/updated 994 records for SOUNW
2025-04-09 00:06:19,305 - INFO - Retrieving data for SNAXW
2025-04-09 00:06:20,009 - INFO - Inserted/updated 1871 records for SNAXW
2025-04-09 00:06:21,044 - INFO - Retrieving data for SNCRL
2025-04-09 00:06:21,561 - INFO - Inserted/updated 944 records for SNCRL
2025-04-09 00:06:22,563 - INFO - Retrieving data for SYTAW
2025-04-09 00:06:23,112 - INFO - Inserted/updated 1138 records for SYTAW
2025-04-09 00:06:24,116 - INFO - Retrieving data for TALKW
2025-04-09 00:06:24,698 - INFO - Inserted/updated 1179 records for TALKW
2025-04-09 00:06:25,716 - INFO - Retrieving data for TCBPW
2025-04-09 00:06:26,163 - INFO - Inserted/updated 779 records for TCBPW
2025-04-09 00:06:27,163 - INFO - Retrieving data for TCBIO
2025-04-09 00:06:27,670 - INFO - Inserted/updated 1035 records for TCBIO
2025-04-09 00:06:28,671 - INFO - Retrieving data for TBLAW
2025-04-09 00:06:29,271 - INFO - Inserted/updated 1115 records for TBLAW
2025-04-09 00:06:30,274 - INFO - Retrieving data for TMCWW
2025-04-09 00:06:30,803 - INFO - Inserted/updated 1201 records for TMCWW
2025-04-09 00:06:31,804 - INFO - Retrieving data for TOIIW
2025-04-09 00:06:32,374 - INFO - Inserted/updated 1212 records for TOIIW
2025-04-09 00:06:33,376 - INFO - Retrieving data for VIASP
2025-04-09 00:06:34,098 - INFO - Inserted/updated 2032 records for VIASP
2025-04-09 00:06:35,108 - INFO - Retrieving data for VMCAW
2025-04-09 00:06:35,647 - INFO - Inserted/updated 742 records for VMCAW
2025-04-09 00:06:36,723 - INFO - Retrieving data for VSSYW
2025-04-09 00:06:37,378 - INFO - Inserted/updated 1062 records for VSSYW
2025-04-09 00:06:38,386 - INFO - Retrieving data for VRMEW
2025-04-09 00:06:38,945 - INFO - Inserted/updated 1207 records for VRMEW
2025-04-09 00:06:39,947 - INFO - Retrieving data for UZD
2025-04-09 00:06:40,506 - INFO - Inserted/updated 1165 records for UZD
2025-04-09 00:06:41,516 - INFO - Retrieving data for UZE
2025-04-09 00:06:42,059 - INFO - Inserted/updated 1083 records for UZE
2025-04-09 00:06:43,086 - INFO - Retrieving data for UZF
2025-04-09 00:06:43,570 - INFO - Inserted/updated 972 records for UZF
2025-04-09 00:06:44,580 - INFO - Retrieving data for UKOMW
2025-04-09 00:06:45,120 - INFO - Inserted/updated 1100 records for UKOMW
2025-04-09 00:06:46,122 - INFO - Retrieving data for TZUP
2025-04-09 00:06:46,475 - INFO - Inserted/updated 765 records for TZUP
2025-04-09 00:06:47,491 - INFO - Retrieving data for YOTAR
2025-04-09 00:06:47,835 - INFO - Inserted/updated 696 records for YOTAR
2025-04-09 00:06:48,837 - INFO - Retrieving data for YOTAU
2025-04-09 00:06:49,292 - INFO - Inserted/updated 745 records for YOTAU
2025-04-09 00:06:50,334 - INFO - Retrieving data for YOTAW
2025-04-09 00:06:49,780 - INFO - Inserted/updated 698 records for YOTAW
2025-04-09 00:06:50,780 - INFO - Retrieving data for XOSWW
2025-04-09 00:06:51,320 - INFO - Inserted/updated 1089 records for XOSWW
2025-04-09 00:06:52,322 - INFO - Retrieving data for XOMAO
2025-04-09 00:06:52,717 - INFO - Inserted/updated 1004 records for XOMAO
2025-04-09 00:06:53,719 - INFO - Retrieving data for XOMAP
2025-04-09 00:06:54,142 - INFO - Inserted/updated 1082 records for XOMAP
2025-04-09 00:06:55,143 - INFO - Retrieving data for ZIONP
2025-04-09 00:06:55,843 - INFO - Inserted/updated 2653 records for ZIONP
2025-04-09 00:06:56,846 - INFO - Retrieving data for WTFCP
2025-04-09 00:06:57,301 - INFO - Inserted/updated 1237 records for WTFCP
2025-04-09 00:06:58,355 - INFO - Retrieving data for WLYB
2025-04-09 00:06:59,366 - INFO - Inserted/updated 3840 records for WLYB
2025-04-09 00:07:00,368 - INFO - Retrieving data for WSBCP
2025-04-09 00:07:00,977 - INFO - Inserted/updated 1175 records for WSBCP
2025-04-09 00:07:01,994 - INFO - Retrieving data for WLDSW
2025-04-09 00:07:04,611 - INFO - Inserted/updated 644 records for WLDSW
2025-04-09 00:07:05,613 - INFO - Retrieving data for WINVU
2025-04-09 00:07:06,097 - INFO - Inserted/updated 895 records for WINVU
2025-04-09 00:07:07,252 - INFO - Retrieving data for WAFDP
2025-04-09 00:07:07,823 - INFO - Inserted/updated 1051 records for WAFDP
2025-04-09 00:07:08,836 - INFO - Retrieving data for CEADW
2025-04-09 00:07:09,267 - INFO - Inserted/updated 790 records for CEADW
2025-04-09 00:07:10,277 - INFO - Retrieving data for CDROW
2025-04-09 00:07:10,956 - INFO - Inserted/updated 1055 records for CDROW
2025-04-09 00:07:11,958 - INFO - Retrieving data for CCNEP
2025-04-09 00:07:12,403 - INFO - Inserted/updated 1163 records for CCNEP
2025-04-09 00:07:13,416 - INFO - Retrieving data for CELUW
2025-04-09 00:07:14,050 - INFO - Inserted/updated 1330 records for CELUW
2025-04-09 00:07:15,051 - INFO - Retrieving data for CGABL
2025-04-09 00:07:15,455 - INFO - Inserted/updated 977 records for CGABL
2025-04-09 00:07:16,468 - INFO - Retrieving data for CHSCL
2025-04-09 00:07:17,436 - INFO - Inserted/updated 2573 records for CHSCL
2025-04-09 00:07:18,439 - INFO - Retrieving data for CHSCM
2025-04-09 00:07:19,401 - INFO - Inserted/updated 2657 records for CHSCM
2025-04-09 00:07:20,413 - INFO - Retrieving data for CHSCN
2025-04-09 00:07:21,330 - INFO - Inserted/updated 2791 records for CHSCN
2025-04-09 00:07:20,929 - INFO - Retrieving data for CHSCO
2025-04-09 00:07:21,893 - INFO - Inserted/updated 2904 records for CHSCO
2025-04-09 00:07:22,938 - INFO - Retrieving data for CINGW
2025-04-09 00:07:23,320 - INFO - Inserted/updated 836 records for CINGW
2025-04-09 00:07:24,322 - INFO - Retrieving data for CIFRW
2025-04-09 00:07:24,781 - INFO - Inserted/updated 1089 records for CIFRW
2025-04-09 00:07:25,944 - INFO - Retrieving data for BZFDW
2025-04-09 00:07:26,481 - INFO - Inserted/updated 1029 records for BZFDW
2025-04-09 00:07:27,482 - INFO - Retrieving data for BWBBP
2025-04-09 00:07:28,009 - INFO - Inserted/updated 914 records for BWBBP
2025-04-09 00:07:29,012 - INFO - Retrieving data for BWNB
2025-04-09 00:07:29,499 - INFO - Inserted/updated 829 records for BWNB
2025-04-09 00:07:30,507 - INFO - Retrieving data for BWSN
2025-04-09 00:07:30,929 - INFO - Inserted/updated 1041 records for BWSN
2025-04-09 00:07:31,935 - INFO - Retrieving data for BIPH
2025-04-09 00:07:32,437 - INFO - Inserted/updated 972 records for BIPH
2025-04-09 00:07:33,439 - INFO - Retrieving data for BIPI
2025-04-09 00:07:33,917 - INFO - Inserted/updated 803 records for BIPI
2025-04-09 00:07:34,918 - INFO - Retrieving data for BLDEW
2025-04-09 00:07:35,369 - INFO - Inserted/updated 1250 records for BLDEW
2025-04-09 00:07:36,376 - INFO - Retrieving data for BNIXR
2025-04-09 00:07:36,886 - INFO - Inserted/updated 861 records for BNIXR
2025-04-09 00:07:37,887 - INFO - Retrieving data for BNIXW
2025-04-09 00:07:38,363 - INFO - Inserted/updated 864 records for BNIXW
2025-04-09 00:07:39,364 - INFO - Retrieving data for BPOPM
2025-04-09 00:07:40,562 - INFO - Inserted/updated 3840 records for BPOPM
2025-04-09 00:07:41,564 - INFO - Retrieving data for BPYPN
2025-04-09 00:07:42,157 - INFO - Inserted/updated 1297 records for BPYPN
2025-04-09 00:07:43,158 - INFO - Retrieving data for BPYPO
2025-04-09 00:07:43,783 - INFO - Inserted/updated 1421 records for BPYPO
2025-04-09 00:07:44,785 - INFO - Retrieving data for BCTXW
2025-04-09 00:07:45,310 - INFO - Inserted/updated 1036 records for BCTXW
2025-04-09 00:07:46,403 - INFO - Retrieving data for BEATW
2025-04-09 00:07:46,874 - INFO - Inserted/updated 853 records for BEATW
2025-04-09 00:07:47,883 - INFO - Retrieving data for BEPH
2025-04-09 00:07:48,454 - INFO - Inserted/updated 1000 records for BEPH
2025-04-09 00:07:49,459 - INFO - Retrieving data for BEPI
2025-04-09 00:07:50,000 - INFO - Inserted/updated 832 records for BEPI
2025-04-09 00:07:51,002 - INFO - Retrieving data for BIAFW
2025-04-09 00:07:51,477 - INFO - Inserted/updated 652 records for BIAFW
2025-04-09 00:07:51,076 - INFO - Retrieving data for BHFAM
2025-04-09 00:07:51,610 - INFO - Inserted/updated 851 records for BHFAM
2025-04-09 00:07:52,665 - INFO - Retrieving data for BHFAN
2025-04-09 00:07:53,184 - INFO - Inserted/updated 1106 records for BHFAN
2025-04-09 00:07:54,187 - INFO - Retrieving data for BHFAO
2025-04-09 00:07:55,129 - INFO - Inserted/updated 1230 records for BHFAO
2025-04-09 00:07:56,130 - INFO - Retrieving data for BBLGW
2025-04-09 00:07:56,518 - INFO - Inserted/updated 875 records for BBLGW
2025-04-09 00:07:57,523 - INFO - Retrieving data for BANFP
2025-04-09 00:07:58,524 - INFO - Inserted/updated 3840 records for BANFP
2025-04-09 00:07:59,536 - INFO - Retrieving data for ACONW
2025-04-09 00:08:00,042 - INFO - Inserted/updated 743 records for ACONW
2025-04-09 00:08:01,045 - INFO - Retrieving data for ADNWW
2025-04-09 00:08:01,594 - INFO - Inserted/updated 1388 records for ADNWW
2025-04-09 00:08:02,596 - INFO - Retrieving data for ADSEW
2025-04-09 00:08:05,160 - INFO - Inserted/updated 1026 records for ADSEW
2025-04-09 00:08:06,172 - INFO - Retrieving data for AEFC
2025-04-09 00:08:06,811 - INFO - Inserted/updated 1371 records for AEFC
2025-04-09 00:08:07,811 - INFO - Retrieving data for ADVWW
2025-04-09 00:08:08,477 - INFO - Inserted/updated 1480 records for ADVWW
2025-04-09 00:08:09,479 - INFO - Retrieving data for ACGLN
2025-04-09 00:08:10,024 - INFO - Inserted/updated 967 records for ACGLN
2025-04-09 00:08:11,027 - INFO - Retrieving data for ALVOW
2025-04-09 00:08:11,486 - INFO - Inserted/updated 705 records for ALVOW
2025-04-09 00:08:12,488 - INFO - Retrieving data for AIZN
2025-04-09 00:08:13,090 - INFO - Inserted/updated 1096 records for AIZN
2025-04-09 00:08:14,092 - INFO - Retrieving data for AFGD
2025-04-09 00:08:14,686 - INFO - Inserted/updated 1219 records for AFGD
2025-04-09 00:08:15,689 - INFO - Retrieving data for AFGE
2025-04-09 00:08:16,587 - INFO - Inserted/updated 2465 records for AFGE
2025-04-09 00:08:17,640 - INFO - Retrieving data for AFGB
2025-04-09 00:08:18,355 - INFO - Inserted/updated 1524 records for AFGB
2025-04-09 00:08:19,358 - INFO - Retrieving data for AFRIW
2025-04-09 00:08:19,794 - INFO - Inserted/updated 708 records for AFRIW
2025-04-09 00:08:20,794 - INFO - Retrieving data for AGNCL
2025-04-09 00:08:21,212 - INFO - Inserted/updated 645 records for AGNCL
2025-04-09 00:08:22,216 - INFO - Retrieving data for AGNCO
2025-04-09 00:08:22,841 - INFO - Inserted/updated 1390 records for AGNCO
2025-04-09 00:08:22,460 - INFO - Retrieving data for AGNCP
2025-04-09 00:08:23,071 - INFO - Inserted/updated 1301 records for AGNCP
2025-04-09 00:08:24,096 - INFO - Retrieving data for AIMAU
2025-04-09 00:08:25,004 - INFO - Inserted/updated 741 records for AIMAU
2025-04-09 00:08:26,007 - INFO - Retrieving data for AIMAW
2025-04-09 00:08:26,427 - INFO - Inserted/updated 702 records for AIMAW
2025-04-09 00:08:27,441 - INFO - Retrieving data for AIMBU
2025-04-09 00:08:27,876 - INFO - Inserted/updated 697 records for AIMBU
2025-04-09 00:08:28,923 - INFO - Retrieving data for ARQQW
2025-04-09 00:08:29,444 - INFO - Inserted/updated 1008 records for ARQQW
2025-04-09 00:08:30,445 - INFO - Retrieving data for ARKOW
2025-04-09 00:08:31,115 - INFO - Inserted/updated 1510 records for ARKOW
2025-04-09 00:08:32,122 - INFO - Retrieving data for ARGD
2025-04-09 00:08:32,818 - INFO - Inserted/updated 1741 records for ARGD
2025-04-09 00:08:33,823 - INFO - Retrieving data for AREBW
2025-04-09 00:08:34,288 - INFO - Inserted/updated 794 records for AREBW
2025-04-09 00:08:35,332 - INFO - Retrieving data for ARBKL
2025-04-09 00:08:35,851 - INFO - Inserted/updated 849 records for ARBKL
2025-04-09 00:08:36,856 - INFO - Retrieving data for ARBEW
2025-04-09 00:08:37,325 - INFO - Inserted/updated 878 records for ARBEW
2025-04-09 00:08:38,326 - INFO - Retrieving data for AQNB
2025-04-09 00:08:38,966 - INFO - Inserted/updated 1476 records for AQNB
2025-04-09 00:08:39,969 - INFO - Retrieving data for AMPGW
2025-04-09 00:08:40,500 - INFO - Inserted/updated 1041 records for AMPGW
2025-04-09 00:08:41,500 - INFO - Retrieving data for APCXW
2025-04-09 00:08:41,992 - INFO - Inserted/updated 816 records for APCXW
2025-04-09 00:08:42,994 - INFO - Retrieving data for ANGHW
2025-04-09 00:08:43,876 - INFO - Inserted/updated 1162 records for ANGHW
2025-04-09 00:08:44,884 - INFO - Retrieving data for ASTLW
2025-04-09 00:08:45,243 - INFO - Inserted/updated 870 records for ASTLW
2025-04-09 00:08:46,245 - INFO - Retrieving data for ATNFW
2025-04-09 00:08:46,780 - INFO - Inserted/updated 1625 records for ATNFW
2025-04-09 00:08:47,786 - INFO - Retrieving data for ATLCL
2025-04-09 00:08:48,202 - INFO - Inserted/updated 846 records for ATLCL
2025-04-09 00:08:49,306 - INFO - Retrieving data for ATLCP
2025-04-09 00:08:49,724 - INFO - Inserted/updated 960 records for ATLCP
2025-04-09 00:08:50,727 - INFO - Retrieving data for ATCOL
2025-04-09 00:08:51,171 - INFO - Inserted/updated 978 records for ATCOL
2025-04-09 00:08:52,173 - INFO - Retrieving data for AUROW
2025-04-09 00:08:52,568 - INFO - Inserted/updated 984 records for AUROW
2025-04-09 00:08:53,570 - INFO - Retrieving data for AUUDW
2025-04-09 00:08:52,707 - INFO - Inserted/updated 1041 records for AUUDW
2025-04-09 00:08:53,709 - INFO - Retrieving data for AVPTW
2025-04-09 00:08:54,186 - INFO - Inserted/updated 1298 records for AVPTW
2025-04-09 00:08:55,189 - INFO - Retrieving data for GATEW
2025-04-09 00:08:55,896 - INFO - Inserted/updated 847 records for GATEW
2025-04-09 00:08:56,899 - INFO - Retrieving data for GCMGW
2025-04-09 00:08:57,319 - INFO - Inserted/updated 1101 records for GCMGW
2025-04-09 00:08:58,320 - INFO - Retrieving data for GAINN
2025-04-09 00:08:58,713 - INFO - Inserted/updated 1030 records for GAINN
2025-04-09 00:08:59,715 - INFO - Retrieving data for GAINZ
2025-04-09 00:09:00,161 - INFO - Inserted/updated 913 records for GAINZ
2025-04-09 00:09:01,161 - INFO - Retrieving data for GGROW
2025-04-09 00:09:01,649 - INFO - Inserted/updated 1033 records for GGROW
2025-04-09 00:09:02,667 - INFO - Retrieving data for GEGGL
2025-04-09 00:09:03,381 - INFO - Inserted/updated 703 records for GEGGL
2025-04-09 00:09:04,382 - INFO - Retrieving data for GDSTR
2025-04-09 00:09:05,066 - INFO - Inserted/updated 748 records for GDSTR
2025-04-09 00:09:06,066 - INFO - Retrieving data for GDSTU
2025-04-09 00:09:06,525 - INFO - Inserted/updated 753 records for GDSTU
2025-04-09 00:09:07,525 - INFO - Retrieving data for GDSTW
2025-04-09 00:09:08,019 - INFO - Inserted/updated 737 records for GDSTW
2025-04-09 00:09:09,040 - INFO - Retrieving data for GECCO
2025-04-09 00:09:09,799 - INFO - Inserted/updated 952 records for GECCO
2025-04-09 00:09:10,800 - INFO - Retrieving data for GFAIW
2025-04-09 00:09:11,199 - INFO - Inserted/updated 885 records for GFAIW
2025-04-09 00:09:12,208 - INFO - Retrieving data for FULTP
2025-04-09 00:09:12,773 - INFO - Inserted/updated 1119 records for FULTP
2025-04-09 00:09:13,774 - INFO - Retrieving data for FTIIU
2025-04-09 00:09:14,218 - INFO - Inserted/updated 788 records for FTIIU
2025-04-09 00:09:15,279 - INFO - Retrieving data for FTIIW
2025-04-09 00:09:15,836 - INFO - Inserted/updated 750 records for FTIIW
2025-04-09 00:09:16,838 - INFO - Retrieving data for FSUN
2025-04-09 00:09:17,217 - INFO - Inserted/updated 673 records for FSUN
2025-04-09 00:09:18,258 - INFO - Retrieving data for FTAIN
2025-04-09 00:09:18,662 - INFO - Inserted/updated 1020 records for FTAIN
2025-04-09 00:09:19,670 - INFO - Retrieving data for FTAIO
2025-04-09 00:09:20,152 - INFO - Inserted/updated 1313 records for FTAIO
2025-04-09 00:09:21,157 - INFO - Retrieving data for FRMEP
2025-04-09 00:09:21,544 - INFO - Inserted/updated 757 records for FRMEP
2025-04-09 00:09:22,544 - INFO - Retrieving data for FOSLL
2025-04-09 00:09:22,923 - INFO - Inserted/updated 856 records for FOSLL
2025-04-09 00:09:23,923 - INFO - Retrieving data for EVGRU
2025-04-09 00:09:24,308 - INFO - Inserted/updated 755 records for EVGRU
2025-04-09 00:09:23,909 - INFO - Retrieving data for EVGOW
2025-04-09 00:09:24,390 - INFO - Inserted/updated 1099 records for EVGOW
2025-04-09 00:09:25,392 - INFO - Retrieving data for EVLVW
2025-04-09 00:09:25,754 - INFO - Inserted/updated 483 records for EVLVW
2025-04-09 00:09:26,755 - INFO - Retrieving data for EOSEW
2025-04-09 00:09:27,246 - INFO - Inserted/updated 1216 records for EOSEW
2025-04-09 00:09:28,252 - INFO - Retrieving data for FITBO
2025-04-09 00:09:28,779 - INFO - Inserted/updated 1400 records for FITBO
2025-04-09 00:09:29,786 - INFO - Retrieving data for FITBP
2025-04-09 00:09:30,341 - INFO - Inserted/updated 1411 records for FITBP
2025-04-09 00:09:31,342 - INFO - Retrieving data for FFIEW
2025-04-09 00:09:31,764 - INFO - Inserted/updated 1158 records for FFIEW
2025-04-09 00:09:32,764 - INFO - Retrieving data for FGFPP
2025-04-09 00:09:33,341 - INFO - Inserted/updated 1788 records for FGFPP
2025-04-09 00:09:34,343 - INFO - Retrieving data for FGBIP
2025-04-09 00:09:34,722 - INFO - Inserted/updated 995 records for FGBIP
2025-04-09 00:09:35,723 - INFO - Retrieving data for FGMCU
2025-04-09 00:09:36,005 - INFO - Inserted/updated 49 records for FGMCU
2025-04-09 00:09:37,027 - INFO - Retrieving data for FATBP
2025-04-09 00:09:37,487 - INFO - Inserted/updated 1191 records for FATBP
2025-04-09 00:09:38,491 - INFO - Retrieving data for FATBW
2025-04-09 00:09:38,957 - INFO - Inserted/updated 1191 records for FATBW
2025-04-09 00:09:39,964 - INFO - Retrieving data for FCNCO
2025-04-09 00:09:40,342 - INFO - Inserted/updated 817 records for FCNCO
2025-04-09 00:09:41,347 - INFO - Retrieving data for FCNCP
2025-04-09 00:09:42,191 - INFO - Inserted/updated 1280 records for FCNCP
2025-04-09 00:09:43,191 - INFO - Retrieving data for FCRX
2025-04-09 00:09:43,576 - INFO - Inserted/updated 971 records for FCRX
2025-04-09 00:09:44,577 - INFO - Retrieving data for CLNNW
2025-04-09 00:09:45,009 - INFO - Inserted/updated 1071 records for CLNNW
2025-04-09 00:09:46,011 - INFO - Retrieving data for CLRCU
2025-04-09 00:09:46,455 - INFO - Inserted/updated 739 records for CLRCU
2025-04-09 00:09:47,457 - INFO - Retrieving data for CLRCW
2025-04-09 00:09:47,937 - INFO - Inserted/updated 712 records for CLRCW
2025-04-09 00:09:48,945 - INFO - Retrieving data for CMSC
2025-04-09 00:09:49,510 - INFO - Inserted/updated 1639 records for CMSC
2025-04-09 00:09:50,677 - INFO - Retrieving data for CMSD
2025-04-09 00:09:51,197 - INFO - Inserted/updated 1542 records for CMSD
2025-04-09 00:09:52,226 - INFO - Retrieving data for CMPOW
2025-04-09 00:09:52,659 - INFO - Inserted/updated 1100 records for CMPOW
2025-04-09 00:09:53,705 - INFO - Retrieving data for CNOBP
2025-04-09 00:09:54,077 - INFO - Inserted/updated 909 records for CNOBP
2025-04-09 00:09:55,079 - INFO - Retrieving data for CORZW
2025-04-09 00:09:55,314 - INFO - Inserted/updated 303 records for CORZW
2025-04-09 00:09:54,906 - INFO - Retrieving data for CRESW
2025-04-09 00:09:55,291 - INFO - Inserted/updated 951 records for CRESW
2025-04-09 00:09:56,293 - INFO - Retrieving data for CTDD
2025-04-09 00:09:56,912 - INFO - Inserted/updated 1998 records for CTDD
2025-04-09 00:09:57,920 - INFO - Retrieving data for CTBB
2025-04-09 00:09:58,640 - INFO - Inserted/updated 2169 records for CTBB
2025-04-09 00:09:59,642 - INFO - Retrieving data for CUBB
2025-04-09 00:10:00,169 - INFO - Inserted/updated 1330 records for CUBB
2025-04-09 00:10:01,220 - INFO - Retrieving data for CURIW
2025-04-09 00:10:01,705 - INFO - Inserted/updated 1242 records for CURIW
2025-04-09 00:10:02,708 - INFO - Retrieving data for DECAU
2025-04-09 00:10:03,788 - INFO - Inserted/updated 753 records for DECAU
2025-04-09 00:10:04,788 - INFO - Retrieving data for DDT
2025-04-09 00:10:05,917 - INFO - Inserted/updated 3840 records for DDT
2025-04-09 00:10:07,037 - INFO - Retrieving data for DHCNI
2025-04-09 00:10:08,885 - INFO - Inserted/updated 3197 records for DHCNI
2025-04-09 00:10:09,903 - INFO - Retrieving data for DHCNL
2025-04-09 00:10:10,567 - INFO - Inserted/updated 2297 records for DHCNL
2025-04-09 00:10:11,584 - INFO - Retrieving data for DCOMP
2025-04-09 00:10:12,112 - INFO - Inserted/updated 1305 records for DCOMP
2025-04-09 00:10:13,121 - INFO - Retrieving data for DAVEW
2025-04-09 00:10:13,535 - INFO - Inserted/updated 991 records for DAVEW
2025-04-09 00:10:14,539 - INFO - Retrieving data for DATSW
2025-04-09 00:10:14,917 - INFO - Inserted/updated 917 records for DATSW
2025-04-09 00:10:15,960 - INFO - Retrieving data for DTB
2025-04-09 00:10:16,397 - INFO - Inserted/updated 1131 records for DTB
2025-04-09 00:10:17,416 - INFO - Retrieving data for DTG
2025-04-09 00:10:17,823 - INFO - Inserted/updated 843 records for DTG
2025-04-09 00:10:18,826 - INFO - Retrieving data for DRMAW
2025-04-09 00:10:19,196 - INFO - Inserted/updated 916 records for DRMAW
2025-04-09 00:10:20,204 - INFO - Retrieving data for DRTSW
2025-04-09 00:10:20,568 - INFO - Inserted/updated 1027 records for DRTSW
2025-04-09 00:10:21,617 - INFO - Retrieving data for DUKB
2025-04-09 00:10:22,150 - INFO - Inserted/updated 1646 records for DUKB
2025-04-09 00:10:23,152 - INFO - Retrieving data for DTSTW
2025-04-09 00:10:23,562 - INFO - Inserted/updated 979 records for DTSTW
2025-04-09 00:10:24,565 - INFO - Retrieving data for EFSCP
2025-04-09 00:10:24,920 - INFO - Inserted/updated 854 records for EFSCP
2025-04-09 00:10:25,933 - INFO - Retrieving data for EICA
2025-04-09 00:10:26,294 - INFO - Inserted/updated 871 records for EICA
2025-04-09 00:10:25,905 - INFO - Retrieving data for EDBLW
2025-04-09 00:10:26,246 - INFO - Inserted/updated 732 records for EDBLW
2025-04-09 00:10:27,250 - INFO - Retrieving data for ECCC
2025-04-09 00:10:27,655 - INFO - Inserted/updated 961 records for ECCC
2025-04-09 00:10:28,657 - INFO - Retrieving data for ECCV
2025-04-09 00:10:29,020 - INFO - Inserted/updated 803 records for ECCV
2025-04-09 00:10:30,034 - INFO - Retrieving data for ECCW
2025-04-09 00:10:30,449 - INFO - Inserted/updated 1013 records for ECCW
2025-04-09 00:10:31,455 - INFO - Retrieving data for RCB
2025-04-09 00:10:31,948 - INFO - Inserted/updated 1435 records for RCB
2025-04-09 00:10:33,003 - INFO - Retrieving data for RCC
2025-04-09 00:10:33,394 - INFO - Inserted/updated 1042 records for RCC
2025-04-09 00:10:34,466 - INFO - Retrieving data for QSIAW
2025-04-09 00:10:34,902 - INFO - Inserted/updated 1111 records for QSIAW
2025-04-09 00:10:35,914 - INFO - Retrieving data for QRTEP
2025-04-09 00:10:36,349 - INFO - Inserted/updated 1147 records for QRTEP
2025-04-09 00:10:37,350 - INFO - Retrieving data for QVCC
2025-04-09 00:10:37,836 - INFO - Inserted/updated 1346 records for QVCC
2025-04-09 00:10:38,849 - INFO - Retrieving data for RGTIW
2025-04-09 00:10:39,251 - INFO - Inserted/updated 995 records for RGTIW
2025-04-09 00:10:40,269 - INFO - Retrieving data for RILYG
2025-04-09 00:10:40,655 - INFO - Inserted/updated 838 records for RILYG
2025-04-09 00:10:41,658 - INFO - Retrieving data for RILYK
2025-04-09 00:10:42,057 - INFO - Inserted/updated 1012 records for RILYK
2025-04-09 00:10:43,070 - INFO - Retrieving data for RILYL
2025-04-09 00:10:43,651 - INFO - Inserted/updated 1953 records for RILYL
2025-04-09 00:10:44,653 - INFO - Retrieving data for RILYM
2025-04-09 00:10:45,149 - INFO - Inserted/updated 1267 records for RILYM
2025-04-09 00:10:46,219 - INFO - Retrieving data for RILYN
2025-04-09 00:10:46,710 - INFO - Inserted/updated 1393 records for RILYN
2025-04-09 00:10:47,726 - INFO - Retrieving data for RILYP
2025-04-09 00:10:48,189 - INFO - Inserted/updated 1385 records for RILYP
2025-04-09 00:10:49,192 - INFO - Retrieving data for RILYT
2025-04-09 00:10:49,656 - INFO - Inserted/updated 1056 records for RILYT
2025-04-09 00:10:50,661 - INFO - Retrieving data for RILYZ
2025-04-09 00:10:51,095 - INFO - Inserted/updated 921 records for RILYZ
2025-04-09 00:10:52,097 - INFO - Retrieving data for RFACR
2025-04-09 00:10:52,444 - INFO - Inserted/updated 706 records for RFACR
2025-04-09 00:10:53,448 - INFO - Retrieving data for RFACU
2025-04-09 00:10:54,006 - INFO - Inserted/updated 724 records for RFACU
2025-04-09 00:10:55,016 - INFO - Retrieving data for RFACW
2025-04-09 00:10:55,497 - INFO - Inserted/updated 707 records for RFACW
2025-04-09 00:10:56,498 - INFO - Retrieving data for REVBW
2025-04-09 00:10:56,966 - INFO - Inserted/updated 1103 records for REVBW
2025-04-09 00:10:56,576 - INFO - Retrieving data for PWUPU
2025-04-09 00:10:57,040 - INFO - Inserted/updated 752 records for PWUPU
2025-04-09 00:10:58,041 - INFO - Retrieving data for PWUPW
2025-04-09 00:10:58,374 - INFO - Inserted/updated 750 records for PWUPW
2025-04-09 00:10:59,375 - INFO - Retrieving data for PXSAW
2025-04-09 00:10:59,800 - INFO - Inserted/updated 1128 records for PXSAW
2025-04-09 00:11:00,802 - INFO - Retrieving data for PRH
2025-04-09 00:11:01,584 - INFO - Inserted/updated 2548 records for PRH
2025-04-09 00:11:02,587 - INFO - Retrieving data for PROCW
2025-04-09 00:11:02,958 - INFO - Inserted/updated 839 records for PROCW
2025-04-09 00:11:03,962 - INFO - Retrieving data for PRENW
2025-04-09 00:11:04,323 - INFO - Inserted/updated 725 records for PRENW
2025-04-09 00:11:05,326 - INFO - Retrieving data for PRS
2025-04-09 00:11:05,620 - INFO - Inserted/updated 482 records for PRS
2025-04-09 00:11:06,623 - INFO - Retrieving data for PSNYW
2025-04-09 00:11:06,979 - INFO - Inserted/updated 700 records for PSNYW
2025-04-09 00:11:07,982 - INFO - Retrieving data for PCTTU
2025-04-09 00:11:08,440 - INFO - Inserted/updated 1239 records for PCTTU
2025-04-09 00:11:09,449 - INFO - Retrieving data for PCTTW
2025-04-09 00:11:09,939 - INFO - Inserted/updated 1189 records for PCTTW
2025-04-09 00:11:10,940 - INFO - Retrieving data for PARAA
2025-04-09 00:11:11,922 - INFO - Inserted/updated 3839 records for PARAA
2025-04-09 00:11:12,923 - INFO - Retrieving data for PAVMZ
2025-04-09 00:11:13,500 - INFO - Inserted/updated 1654 records for PAVMZ
2025-04-09 00:11:14,502 - INFO - Retrieving data for ORGNW
2025-04-09 00:11:14,960 - INFO - Inserted/updated 1153 records for ORGNW
2025-04-09 00:11:15,963 - INFO - Retrieving data for OXLCL
2025-04-09 00:11:16,431 - INFO - Inserted/updated 1020 records for OXLCL
2025-04-09 00:11:17,432 - INFO - Retrieving data for OXLCP
2025-04-09 00:11:17,887 - INFO - Inserted/updated 1300 records for OXLCP
2025-04-09 00:11:18,893 - INFO - Retrieving data for OXLCZ
2025-04-09 00:11:19,259 - INFO - Inserted/updated 810 records for OXLCZ
2025-04-09 00:11:20,261 - INFO - Retrieving data for OXLCN
2025-04-09 00:11:20,753 - INFO - Inserted/updated 1496 records for OXLCN
2025-04-09 00:11:21,875 - INFO - Retrieving data for OXSQZ
2025-04-09 00:11:22,409 - INFO - Inserted/updated 1512 records for OXSQZ
2025-04-09 00:11:23,442 - INFO - Retrieving data for OXSQG
2025-04-09 00:11:23,884 - INFO - Inserted/updated 975 records for OXSQG
2025-04-09 00:11:24,886 - INFO - Retrieving data for OZKAP
2025-04-09 00:11:25,300 - INFO - Inserted/updated 863 records for OZKAP
2025-04-09 00:11:26,303 - INFO - Retrieving data for PFXNZ
2025-04-09 00:11:26,680 - INFO - Inserted/updated 851 records for PFXNZ
2025-04-09 00:11:27,683 - INFO - Retrieving data for PETWW
2025-04-09 00:11:28,013 - INFO - Inserted/updated 668 records for PETWW
2025-04-09 00:11:27,616 - INFO - Retrieving data for PFH
2025-04-09 00:11:28,072 - INFO - Inserted/updated 1155 records for PFH
2025-04-09 00:11:29,084 - INFO - Retrieving data for PGYWW
2025-04-09 00:11:29,462 - INFO - Inserted/updated 701 records for PGYWW
2025-04-09 00:11:30,463 - INFO - Retrieving data for PIIIW
2025-04-09 00:11:30,966 - INFO - Inserted/updated 1006 records for PIIIW
2025-04-09 00:11:32,014 - INFO - Retrieving data for PNFPP
2025-04-09 00:11:32,506 - INFO - Inserted/updated 1223 records for PNFPP
2025-04-09 00:11:33,509 - INFO - Retrieving data for POWWP
2025-04-09 00:11:33,893 - INFO - Inserted/updated 975 records for POWWP
2025-04-09 00:11:34,940 - INFO - Retrieving data for NCPLW
2025-04-09 00:11:35,370 - INFO - Inserted/updated 686 records for NCPLW
2025-04-09 00:11:36,372 - INFO - Retrieving data for NEOVW
2025-04-09 00:11:36,709 - INFO - Inserted/updated 677 records for NEOVW
2025-04-09 00:11:37,711 - INFO - Retrieving data for NEWTZ
2025-04-09 00:11:38,206 - INFO - Inserted/updated 1057 records for NEWTZ
2025-04-09 00:11:39,212 - INFO - Retrieving data for NESRW
2025-04-09 00:11:39,895 - INFO - Inserted/updated 1715 records for NESRW
2025-04-09 00:11:40,897 - INFO - Retrieving data for MTEKW
2025-04-09 00:11:41,267 - INFO - Inserted/updated 797 records for MTEKW
2025-04-09 00:11:42,271 - INFO - Retrieving data for MSSAR
2025-04-09 00:11:42,615 - INFO - Inserted/updated 713 records for MSSAR
2025-04-09 00:11:43,616 - INFO - Retrieving data for MSSAU
2025-04-09 00:11:44,072 - INFO - Inserted/updated 755 records for MSSAU
2025-04-09 00:11:45,073 - INFO - Retrieving data for MSSAW
2025-04-09 00:11:45,472 - INFO - Inserted/updated 717 records for MSSAW
2025-04-09 00:11:46,472 - INFO - Retrieving data for MSPRW
2025-04-09 00:11:46,901 - INFO - Inserted/updated 716 records for MSPRW
2025-04-09 00:11:47,905 - INFO - Retrieving data for MSPRZ
2025-04-09 00:11:48,499 - INFO - Inserted/updated 1119 records for MSPRZ
2025-04-09 00:11:49,500 - INFO - Retrieving data for MVSTW
2025-04-09 00:11:50,059 - INFO - Inserted/updated 1445 records for MVSTW
2025-04-09 00:11:51,069 - INFO - Retrieving data for MYPSW
2025-04-09 00:11:51,302 - INFO - Inserted/updated 126 records for MYPSW
2025-04-09 00:11:52,304 - INFO - Retrieving data for MSBIP
2025-04-09 00:11:52,636 - INFO - Inserted/updated 662 records for MSBIP
2025-04-09 00:11:53,688 - INFO - Retrieving data for MNSBP
2025-04-09 00:11:54,122 - INFO - Inserted/updated 1146 records for MNSBP
2025-04-09 00:11:55,124 - INFO - Retrieving data for MOBBW
2025-04-09 00:11:55,447 - INFO - Inserted/updated 656 records for MOBBW
2025-04-09 00:11:56,515 - INFO - Retrieving data for MNTSW
2025-04-09 00:11:56,973 - INFO - Inserted/updated 1229 records for MNTSW
2025-04-09 00:11:57,974 - INFO - Retrieving data for MLACU
2025-04-09 00:11:58,241 - INFO - Inserted/updated 78 records for MLACU
2025-04-09 00:11:57,838 - INFO - Retrieving data for MHNC
2025-04-09 00:11:58,620 - INFO - Inserted/updated 2857 records for MHNC
2025-04-09 00:11:59,623 - INFO - Retrieving data for MGR
2025-04-09 00:12:00,130 - INFO - Inserted/updated 1516 records for MGR
2025-04-09 00:12:01,131 - INFO - Retrieving data for MGRB
2025-04-09 00:12:01,575 - INFO - Inserted/updated 1137 records for MGRB
2025-04-09 00:12:02,576 - INFO - Retrieving data for MGRD
2025-04-09 00:12:02,976 - INFO - Inserted/updated 932 records for MGRD
2025-04-09 00:12:03,977 - INFO - Retrieving data for NLSPW
2025-04-09 00:12:04,508 - INFO - Inserted/updated 1053 records for NLSPW
2025-04-09 00:12:05,519 - INFO - Retrieving data for NNAVW
2025-04-09 00:12:05,896 - INFO - Inserted/updated 863 records for NNAVW
2025-04-09 00:12:06,898 - INFO - Retrieving data for NRXPW
2025-04-09 00:12:07,419 - INFO - Inserted/updated 1395 records for NRXPW
2025-04-09 00:12:08,420 - INFO - Retrieving data for NRSNW
2025-04-09 00:12:08,830 - INFO - Inserted/updated 835 records for NRSNW
2025-04-09 00:12:09,834 - INFO - Retrieving data for NTRSO
2025-04-09 00:12:10,313 - INFO - Inserted/updated 1367 records for NTRSO
2025-04-09 00:12:11,318 - INFO - Retrieving data for NTRBW
2025-04-09 00:12:11,686 - INFO - Inserted/updated 883 records for NTRBW
2025-04-09 00:12:12,688 - INFO - Retrieving data for ONBPO
2025-04-09 00:12:13,135 - INFO - Inserted/updated 788 records for ONBPO
2025-04-09 00:12:14,137 - INFO - Retrieving data for ONBPP
2025-04-09 00:12:14,481 - INFO - Inserted/updated 788 records for ONBPP
2025-04-09 00:12:15,481 - INFO - Retrieving data for ONFOW
2025-04-09 00:12:15,836 - INFO - Inserted/updated 655 records for ONFOW
2025-04-09 00:12:16,836 - INFO - Retrieving data for OPINL
2025-04-09 00:12:17,299 - INFO - Inserted/updated 1204 records for OPINL
2025-04-09 00:12:18,301 - INFO - Retrieving data for OFSSH
2025-04-09 00:12:18,798 - INFO - Inserted/updated 864 records for OFSSH
2025-04-09 00:12:19,801 - INFO - Retrieving data for NVVEW
2025-04-09 00:12:20,208 - INFO - Inserted/updated 1017 records for NVVEW
2025-04-09 00:12:21,209 - INFO - Retrieving data for OCCIN
2025-04-09 00:12:21,554 - INFO - Inserted/updated 838 records for OCCIN
2025-04-09 00:12:22,562 - INFO - Retrieving data for OCCIO
2025-04-09 00:12:22,949 - INFO - Inserted/updated 995 records for OCCIO
2025-04-09 00:12:23,951 - INFO - Retrieving data for OCFCP
2025-04-09 00:12:24,399 - INFO - Inserted/updated 1237 records for OCFCP
2025-04-09 00:12:25,549 - INFO - Retrieving data for NYMTZ
2025-04-09 00:12:25,907 - INFO - Inserted/updated 849 records for NYMTZ
2025-04-09 00:12:27,061 - INFO - Retrieving data for NYMTL
2025-04-09 00:12:27,442 - INFO - Inserted/updated 948 records for NYMTL
2025-04-09 00:12:29,018 - INFO - Retrieving data for NYMTM
2025-04-09 00:12:29,495 - INFO - Inserted/updated 1380 records for NYMTM
2025-04-09 00:12:29,100 - INFO - Retrieving data for NXPLW
2025-04-09 00:12:29,507 - INFO - Inserted/updated 970 records for NXPLW
2025-04-09 00:12:30,507 - INFO - Retrieving data for NXGLW
2025-04-09 00:12:30,868 - INFO - Inserted/updated 825 records for NXGLW
2025-04-09 00:12:31,870 - INFO - Retrieving data for LIXTW
2025-04-09 00:12:32,288 - INFO - Inserted/updated 1096 records for LIXTW
2025-04-09 00:12:33,392 - INFO - Retrieving data for LIDRW
2025-04-09 00:12:33,818 - INFO - Inserted/updated 1069 records for LIDRW
2025-04-09 00:12:34,823 - INFO - Retrieving data for LGHLW
2025-04-09 00:12:35,306 - INFO - Inserted/updated 1209 records for LGHLW
2025-04-09 00:12:36,307 - INFO - Retrieving data for LEXXW
2025-04-09 00:12:36,731 - INFO - Inserted/updated 1064 records for LEXXW
2025-04-09 00:12:37,732 - INFO - Retrieving data for LFMDP
2025-04-09 00:12:38,102 - INFO - Inserted/updated 881 records for LFMDP
2025-04-09 00:12:39,109 - INFO - Retrieving data for LSEAW
2025-04-09 00:12:39,368 - INFO - Inserted/updated 373 records for LSEAW
2025-04-09 00:12:40,400 - INFO - Retrieving data for LUCYW
2025-04-09 00:12:40,777 - INFO - Inserted/updated 665 records for LUCYW
2025-04-09 00:12:41,779 - INFO - Retrieving data for LTRYW
2025-04-09 00:12:42,428 - INFO - Inserted/updated 1531 records for LTRYW
2025-04-09 00:12:43,429 - INFO - Retrieving data for MBNKP
2025-04-09 00:12:43,956 - INFO - Inserted/updated 1334 records for MBNKP
2025-04-09 00:12:44,956 - INFO - Retrieving data for MBINN
2025-04-09 00:12:45,377 - INFO - Inserted/updated 1021 records for MBINN
2025-04-09 00:12:46,393 - INFO - Retrieving data for MAPSW
2025-04-09 00:12:46,920 - INFO - Inserted/updated 1311 records for MAPSW
2025-04-09 00:12:47,923 - INFO - Retrieving data for METCL
2025-04-09 00:12:48,302 - INFO - Inserted/updated 939 records for METCL
2025-04-09 00:12:49,304 - INFO - Retrieving data for KMPB
2025-04-09 00:12:49,671 - INFO - Inserted/updated 771 records for KMPB
2025-04-09 00:12:50,673 - INFO - Retrieving data for KKRS
2025-04-09 00:12:51,076 - INFO - Inserted/updated 997 records for KKRS
2025-04-09 00:12:52,079 - INFO - Retrieving data for KITTW
2025-04-09 00:12:52,456 - INFO - Inserted/updated 924 records for KITTW
2025-04-09 00:12:53,487 - INFO - Retrieving data for LANDO
2025-04-09 00:12:53,967 - INFO - Inserted/updated 1123 records for LANDO
2025-04-09 00:12:54,971 - INFO - Retrieving data for LBRDP
2025-04-09 00:12:55,393 - INFO - Inserted/updated 1078 records for LBRDP
2025-04-09 00:12:56,395 - INFO - Retrieving data for LCFYW
2025-04-09 00:12:56,894 - INFO - Inserted/updated 761 records for LCFYW
2025-04-09 00:12:57,913 - INFO - Retrieving data for KTTAW
2025-04-09 00:12:58,286 - INFO - Inserted/updated 894 records for KTTAW
2025-04-09 00:12:59,292 - INFO - Retrieving data for KPLTW
2025-04-09 00:12:59,749 - INFO - Inserted/updated 1264 records for KPLTW
2025-04-09 00:13:00,772 - INFO - Retrieving data for JSPRW
2025-04-09 00:12:59,825 - INFO - Inserted/updated 1241 records for JSPRW
2025-04-09 00:13:00,828 - INFO - Retrieving data for IVDAW
2025-04-09 00:13:01,181 - INFO - Inserted/updated 756 records for IVDAW
2025-04-09 00:13:02,182 - INFO - Retrieving data for JFBRW
2025-04-09 00:13:02,631 - INFO - Inserted/updated 656 records for JFBRW
2025-04-09 00:13:03,631 - INFO - Retrieving data for ISPOW
2025-04-09 00:13:04,066 - INFO - Inserted/updated 1046 records for ISPOW
2025-04-09 00:13:05,070 - INFO - Retrieving data for IVCAW
2025-04-09 00:13:05,391 - INFO - Inserted/updated 694 records for IVCAW
2025-04-09 00:13:06,392 - INFO - Retrieving data for IINNW
2025-04-09 00:13:06,794 - INFO - Inserted/updated 939 records for IINNW
2025-04-09 00:13:07,796 - INFO - Retrieving data for INBKZ
2025-04-09 00:13:09,350 - INFO - Inserted/updated 1462 records for INBKZ
2025-04-09 00:13:10,351 - INFO - Retrieving data for IMTXW
2025-04-09 00:13:10,796 - INFO - Inserted/updated 1198 records for IMTXW
2025-04-09 00:13:11,806 - INFO - Retrieving data for IMPPP
2025-04-09 00:13:12,190 - INFO - Inserted/updated 838 records for IMPPP
2025-04-09 00:13:13,190 - INFO - Retrieving data for INVZW
2025-04-09 00:13:13,710 - INFO - Inserted/updated 1008 records for INVZW
2025-04-09 00:13:14,723 - INFO - Retrieving data for HROWL
2025-04-09 00:13:15,118 - INFO - Inserted/updated 985 records for HROWL
2025-04-09 00:13:16,119 - INFO - Retrieving data for HTOOW
2025-04-09 00:13:16,546 - INFO - Inserted/updated 1086 records for HTOOW
2025-04-09 00:13:17,551 - INFO - Retrieving data for HTLFP
2025-04-09 00:13:17,984 - INFO - Inserted/updated 1160 records for HTLFP
2025-04-09 00:13:18,985 - INFO - Retrieving data for HTFB
2025-04-09 00:13:19,381 - INFO - Inserted/updated 1007 records for HTFB
2025-04-09 00:13:20,400 - INFO - Retrieving data for HTFC
2025-04-09 00:13:20,746 - INFO - Inserted/updated 699 records for HTFC
2025-04-09 00:13:21,750 - INFO - Retrieving data for HNNAZ
2025-04-09 00:13:22,125 - INFO - Inserted/updated 867 records for HNNAZ
2025-04-09 00:13:23,127 - INFO - Retrieving data for HPKEW
2025-04-09 00:13:23,566 - INFO - Inserted/updated 1162 records for HPKEW
2025-04-09 00:13:24,571 - INFO - Retrieving data for HOFVW
2025-04-09 00:13:25,022 - INFO - Inserted/updated 1198 records for HOFVW
2025-04-09 00:13:26,024 - INFO - Retrieving data for HWCPZ
2025-04-09 00:13:26,459 - INFO - Inserted/updated 1209 records for HWCPZ
2025-04-09 00:13:27,503 - INFO - Retrieving data for HTZWW
2025-04-09 00:13:27,897 - INFO - Inserted/updated 946 records for HTZWW
2025-04-09 00:13:28,899 - INFO - Retrieving data for HUMAW
2025-04-09 00:13:29,329 - INFO - Inserted/updated 1097 records for HUMAW
2025-04-09 00:13:30,331 - INFO - Retrieving data for HYMCL
2025-04-09 00:13:30,806 - INFO - Inserted/updated 1056 records for HYMCL
2025-04-09 00:13:30,411 - INFO - Retrieving data for HYMCW
2025-04-09 00:13:30,743 - INFO - Inserted/updated 638 records for HYMCW
2025-04-09 00:13:31,767 - INFO - Retrieving data for GRRRW
2025-04-09 00:13:32,108 - INFO - Inserted/updated 687 records for GRRRW
2025-04-09 00:13:33,118 - INFO - Retrieving data for GSMGW
2025-04-09 00:13:33,656 - INFO - Inserted/updated 1444 records for GSMGW
2025-04-09 00:13:34,659 - INFO - Retrieving data for GOODN
2025-04-09 00:13:35,143 - INFO - Inserted/updated 1391 records for GOODN
2025-04-09 00:13:36,145 - INFO - Retrieving data for GOVXW
2025-04-09 00:13:36,584 - INFO - Inserted/updated 1138 records for GOVXW
2025-04-09 00:13:37,585 - INFO - Retrieving data for GRABW
2025-04-09 00:13:38,021 - INFO - Inserted/updated 1089 records for GRABW
2025-04-09 00:13:39,024 - INFO - Retrieving data for GREEL
2025-04-09 00:13:39,439 - INFO - Inserted/updated 874 records for GREEL
2025-04-09 00:13:40,451 - INFO - Retrieving data for HBANM
2025-04-09 00:13:40,836 - INFO - Inserted/updated 962 records for HBANM
2025-04-09 00:13:41,840 - INFO - Retrieving data for HBANP
2025-04-09 00:13:42,228 - INFO - Inserted/updated 1051 records for HBANP
2025-04-09 00:13:42,229 - INFO - Import completed in 9635.70 seconds
2025-04-09 00:13:42,229 - INFO - Successfully processed 5382/5391 tickers
2025-04-09 00:13:42,229 - INFO - Total records imported: 14634918
