[2025-03-21 19:19:28,084 :: EDGAR_DB :: ERROR] Invalid numeric value for report_date: 06/2010
[2025-03-21 19:19:28,084 :: EDGAR_DB :: ERROR] penn (6/2010): Invalid data types: report_date=06/2010
[2025-03-21 19:19:28,089 :: EDGAR_DB :: INFO] penn (6/2010): Created new record with 12 non-zero financial metrics
[2025-03-21 19:19:28,102 :: EDGAR_DB :: ERROR] Invalid numeric value for report_date: 09/2010
[2025-03-21 19:19:28,102 :: EDGAR_DB :: ERROR] penn (9/2010): Invalid data types: report_date=09/2010
[2025-03-21 19:19:28,103 :: EDGAR_DB :: INFO] penn (9/2010): Created new record with 12 non-zero financial metrics
[2025-03-21 19:19:28,115 :: EDGAR_DB :: ERROR] Invalid numeric value for report_date: 12/2010
[2025-03-21 19:19:28,115 :: EDGAR_DB :: ERROR] penn (12/2010): Invalid data types: report_date=12/2010
[2025-03-21 19:19:28,116 :: EDGAR_DB :: INFO] penn (12/2010): Created new record with 17 non-zero financial metrics
[2025-03-21 19:19:28,130 :: EDGAR_DB :: ERROR] Invalid numeric value for report_date: 03/2011
[2025-03-21 19:19:28,130 :: EDGAR_DB :: ERROR] penn (3/2011): Invalid data types: report_date=03/2011
[2025-03-21 19:19:28,130 :: EDGAR_DB :: INFO] penn (3/2011): Created new record with 15 non-zero financial metrics
[2025-03-21 19:19:28,143 :: EDGAR_DB :: ERROR] Invalid numeric value for report_date: 06/2011
[2025-03-21 19:19:28,143 :: EDGAR_DB :: ERROR] penn (6/2011): Invalid data types: report_date=06/2011
[2025-03-21 19:19:28,143 :: EDGAR_DB :: INFO] penn (6/2011): Created new record with 11 non-zero financial metrics
[2025-03-21 19:19:28,157 :: EDGAR_DB :: ERROR] Invalid numeric value for report_date: 09/2011
[2025-03-21 19:19:28,157 :: EDGAR_DB :: ERROR] penn (9/2011): Invalid data types: report_date=09/2011
[2025-03-21 19:19:28,158 :: EDGAR_DB :: INFO] penn (9/2011): Created new record with 11 non-zero financial metrics
[2025-03-21 19:19:28,170 :: EDGAR_DB :: ERROR] Invalid numeric value for report_date: 12/2011
[2025-03-21 19:19:28,170 :: EDGAR_DB :: ERROR] penn (12/2011): Invalid data types: report_date=12/2011
[2025-03-21 19:19:28,170 :: EDGAR_DB :: INFO] penn (12/2011): Created new record with 13 non-zero financial metrics
[2025-03-21 19:19:28,182 :: EDGAR_DB :: ERROR] Invalid numeric value for report_date: 03/2012
[2025-03-21 19:19:28,182 :: EDGAR_DB :: ERROR] penn (3/2012): Invalid data types: report_date=03/2012
[2025-03-21 19:19:28,182 :: EDGAR_DB :: INFO] penn (3/2012): Created new record with 13 non-zero financial metrics
[2025-03-21 19:19:28,196 :: EDGAR_DB :: ERROR] Invalid numeric value for report_date: 06/2012
[2025-03-21 19:19:28,196 :: EDGAR_DB :: ERROR] penn (6/2012): Invalid data types: report_date=06/2012
[2025-03-21 19:19:28,196 :: EDGAR_DB :: INFO] penn (6/2012): Created new record with 12 non-zero financial metrics
[2025-03-21 19:19:28,210 :: EDGAR_DB :: ERROR] Invalid numeric value for report_date: 09/2012
[2025-03-21 19:19:28,210 :: EDGAR_DB :: ERROR] penn (9/2012): Invalid data types: report_date=09/2012
[2025-03-21 19:19:28,223 :: EDGAR_DB :: INFO] penn (9/2012): Updated existing record with 12 non-zero financial metrics
[2025-03-21 19:19:28,236 :: EDGAR_DB :: ERROR] Invalid numeric value for report_date: 12/2012
[2025-03-21 19:19:28,236 :: EDGAR_DB :: ERROR] penn (12/2012): Invalid data types: report_date=12/2012
[2025-03-21 19:19:28,248 :: EDGAR_DB :: INFO] penn (12/2012): Updated existing record with 14 non-zero financial metrics
[2025-03-21 19:19:28,261 :: EDGAR_DB :: ERROR] Invalid numeric value for report_date: 03/2013
[2025-03-21 19:19:28,261 :: EDGAR_DB :: ERROR] penn (3/2013): Invalid data types: report_date=03/2013
[2025-03-21 19:19:28,273 :: EDGAR_DB :: INFO] penn (3/2013): Updated existing record with 14 non-zero financial metrics
[2025-03-21 19:19:28,286 :: EDGAR_DB :: ERROR] Invalid numeric value for report_date: 06/2013
[2025-03-21 19:19:28,286 :: EDGAR_DB :: ERROR] penn (6/2013): Invalid data types: report_date=06/2013
[2025-03-21 19:19:28,298 :: EDGAR_DB :: INFO] penn (6/2013): Updated existing record with 13 non-zero financial metrics
[2025-03-21 19:19:28,314 :: EDGAR_DB :: ERROR] Invalid numeric value for report_date: 09/2013
[2025-03-21 19:19:28,314 :: EDGAR_DB :: ERROR] penn (9/2013): Invalid data types: report_date=09/2013
[2025-03-21 19:19:28,326 :: EDGAR_DB :: INFO] penn (9/2013): Updated existing record with 12 non-zero financial metrics
[2025-03-21 19:19:28,339 :: EDGAR_DB :: ERROR] Invalid numeric value for report_date: 12/2013
[2025-03-21 19:19:28,339 :: EDGAR_DB :: ERROR] penn (12/2013): Invalid data types: report_date=12/2013
[2025-03-21 19:19:28,351 :: EDGAR_DB :: INFO] penn (12/2013): Updated existing record with 14 non-zero financial metrics
[2025-03-21 19:19:28,364 :: EDGAR_DB :: ERROR] Invalid numeric value for report_date: 03/2014
[2025-03-21 19:19:28,364 :: EDGAR_DB :: ERROR] penn (3/2014): Invalid data types: report_date=03/2014
[2025-03-21 19:19:28,376 :: EDGAR_DB :: INFO] penn (3/2014): Updated existing record with 14 non-zero financial metrics
[2025-03-21 19:19:28,389 :: EDGAR_DB :: ERROR] Invalid numeric value for report_date: 06/2014
[2025-03-21 19:19:28,389 :: EDGAR_DB :: ERROR] penn (6/2014): Invalid data types: report_date=06/2014
[2025-03-21 19:19:28,400 :: EDGAR_DB :: INFO] penn (6/2014): Updated existing record with 13 non-zero financial metrics
[2025-03-21 19:19:28,413 :: EDGAR_DB :: ERROR] Invalid numeric value for report_date: 09/2014
[2025-03-21 19:19:28,413 :: EDGAR_DB :: ERROR] penn (9/2014): Invalid data types: report_date=09/2014
[2025-03-21 19:19:28,425 :: EDGAR_DB :: INFO] penn (9/2014): Updated existing record with 13 non-zero financial metrics
[2025-03-21 19:19:28,438 :: EDGAR_DB :: ERROR] Invalid numeric value for report_date: 12/2014
[2025-03-21 19:19:28,438 :: EDGAR_DB :: ERROR] penn (12/2014): Invalid data types: report_date=12/2014
[2025-03-21 19:19:28,450 :: EDGAR_DB :: INFO] penn (12/2014): Updated existing record with 14 non-zero financial metrics
[2025-03-21 19:19:28,463 :: EDGAR_DB :: ERROR] Invalid numeric value for report_date: 03/2015
[2025-03-21 19:19:28,463 :: EDGAR_DB :: ERROR] penn (3/2015): Invalid data types: report_date=03/2015
[2025-03-21 19:19:28,475 :: EDGAR_DB :: INFO] penn (3/2015): Updated existing record with 14 non-zero financial metrics
[2025-03-21 19:19:28,488 :: EDGAR_DB :: ERROR] Invalid numeric value for report_date: 06/2015
[2025-03-21 19:19:28,488 :: EDGAR_DB :: ERROR] penn (6/2015): Invalid data types: report_date=06/2015
[2025-03-21 19:19:28,499 :: EDGAR_DB :: INFO] penn (6/2015): Updated existing record with 13 non-zero financial metrics
[2025-03-21 19:19:28,512 :: EDGAR_DB :: ERROR] Invalid numeric value for report_date: 09/2015
[2025-03-21 19:19:28,512 :: EDGAR_DB :: ERROR] penn (9/2015): Invalid data types: report_date=09/2015
[2025-03-21 19:19:28,512 :: EDGAR_DB :: INFO] penn (9/2015): Created new record with 13 non-zero financial metrics
[2025-03-21 19:19:28,525 :: EDGAR_DB :: ERROR] Invalid numeric value for report_date: 12/2015
[2025-03-21 19:19:28,525 :: EDGAR_DB :: ERROR] penn (12/2015): Invalid data types: report_date=12/2015
[2025-03-21 19:19:28,525 :: EDGAR_DB :: INFO] penn (12/2015): Created new record with 14 non-zero financial metrics
[2025-03-21 19:19:28,538 :: EDGAR_DB :: ERROR] Invalid numeric value for report_date: 03/2016
[2025-03-21 19:19:28,538 :: EDGAR_DB :: ERROR] penn (3/2016): Invalid data types: report_date=03/2016
[2025-03-21 19:19:28,549 :: EDGAR_DB :: INFO] penn (3/2016): Updated existing record with 14 non-zero financial metrics
[2025-03-21 19:19:28,560 :: EDGAR_DB :: ERROR] Invalid numeric value for report_date: 06/2016
[2025-03-21 19:19:28,560 :: EDGAR_DB :: ERROR] penn (6/2016): Invalid data types: report_date=06/2016
[2025-03-21 19:19:28,572 :: EDGAR_DB :: INFO] penn (6/2016): Updated existing record with 13 non-zero financial metrics
[2025-03-21 19:19:28,583 :: EDGAR_DB :: ERROR] Invalid numeric value for report_date: 09/2016
[2025-03-21 19:19:28,583 :: EDGAR_DB :: ERROR] penn (9/2016): Invalid data types: report_date=09/2016
[2025-03-21 19:19:28,595 :: EDGAR_DB :: INFO] penn (9/2016): Updated existing record with 12 non-zero financial metrics
[2025-03-21 19:19:28,607 :: EDGAR_DB :: ERROR] Invalid numeric value for report_date: 12/2016
[2025-03-21 19:19:28,607 :: EDGAR_DB :: ERROR] penn (12/2016): Invalid data types: report_date=12/2016
[2025-03-21 19:19:28,618 :: EDGAR_DB :: INFO] penn (12/2016): Updated existing record with 13 non-zero financial metrics
[2025-03-21 19:19:28,630 :: EDGAR_DB :: ERROR] Invalid numeric value for report_date: 03/2017
[2025-03-21 19:19:28,630 :: EDGAR_DB :: ERROR] penn (3/2017): Invalid data types: report_date=03/2017
[2025-03-21 19:19:28,642 :: EDGAR_DB :: INFO] penn (3/2017): Updated existing record with 14 non-zero financial metrics
[2025-03-21 19:19:28,653 :: EDGAR_DB :: ERROR] Invalid numeric value for report_date: 06/2017
[2025-03-21 19:19:28,653 :: EDGAR_DB :: ERROR] penn (6/2017): Invalid data types: report_date=06/2017
[2025-03-21 19:19:28,664 :: EDGAR_DB :: INFO] penn (6/2017): Updated existing record with 12 non-zero financial metrics
[2025-03-21 19:19:28,677 :: EDGAR_DB :: ERROR] Invalid numeric value for report_date: 09/2017
[2025-03-21 19:19:28,677 :: EDGAR_DB :: ERROR] penn (9/2017): Invalid data types: report_date=09/2017
[2025-03-21 19:19:28,688 :: EDGAR_DB :: INFO] penn (9/2017): Updated existing record with 12 non-zero financial metrics
[2025-03-21 19:19:28,700 :: EDGAR_DB :: ERROR] Invalid numeric value for report_date: 12/2017
[2025-03-21 19:19:28,700 :: EDGAR_DB :: ERROR] penn (12/2017): Invalid data types: report_date=12/2017
[2025-03-21 19:19:28,712 :: EDGAR_DB :: INFO] penn (12/2017): Updated existing record with 17 non-zero financial metrics
[2025-03-21 19:19:28,724 :: EDGAR_DB :: ERROR] Invalid numeric value for report_date: 03/2018
[2025-03-21 19:19:28,724 :: EDGAR_DB :: ERROR] penn (3/2018): Invalid data types: report_date=03/2018
[2025-03-21 19:19:28,735 :: EDGAR_DB :: INFO] penn (3/2018): Updated existing record with 16 non-zero financial metrics
[2025-03-21 19:19:28,746 :: EDGAR_DB :: ERROR] Invalid numeric value for report_date: 06/2018
[2025-03-21 19:19:28,746 :: EDGAR_DB :: ERROR] penn (6/2018): Invalid data types: report_date=06/2018
[2025-03-21 19:19:28,757 :: EDGAR_DB :: INFO] penn (6/2018): Updated existing record with 12 non-zero financial metrics
[2025-03-21 19:19:28,767 :: EDGAR_DB :: ERROR] Invalid numeric value for report_date: 09/2018
[2025-03-21 19:19:28,767 :: EDGAR_DB :: ERROR] penn (9/2018): Invalid data types: report_date=09/2018
[2025-03-21 19:19:28,777 :: EDGAR_DB :: INFO] penn (9/2018): Updated existing record with 12 non-zero financial metrics
[2025-03-21 19:19:28,787 :: EDGAR_DB :: ERROR] Invalid numeric value for report_date: 12/2018
[2025-03-21 19:19:28,787 :: EDGAR_DB :: ERROR] penn (12/2018): Invalid data types: report_date=12/2018
[2025-03-21 19:19:28,797 :: EDGAR_DB :: INFO] penn (12/2018): Updated existing record with 18 non-zero financial metrics
[2025-03-21 19:19:28,808 :: EDGAR_DB :: ERROR] Invalid numeric value for report_date: 03/2019
[2025-03-21 19:19:28,809 :: EDGAR_DB :: ERROR] penn (3/2019): Invalid data types: report_date=03/2019
[2025-03-21 19:19:28,819 :: EDGAR_DB :: INFO] penn (3/2019): Updated existing record with 17 non-zero financial metrics
[2025-03-21 19:19:28,831 :: EDGAR_DB :: ERROR] Invalid numeric value for report_date: 06/2019
[2025-03-21 19:19:28,831 :: EDGAR_DB :: ERROR] penn (6/2019): Invalid data types: report_date=06/2019
[2025-03-21 19:19:28,841 :: EDGAR_DB :: INFO] penn (6/2019): Updated existing record with 14 non-zero financial metrics
[2025-03-21 19:19:28,852 :: EDGAR_DB :: ERROR] Invalid numeric value for report_date: 09/2019
[2025-03-21 19:19:28,853 :: EDGAR_DB :: ERROR] penn (9/2019): Invalid data types: report_date=09/2019
[2025-03-21 19:19:28,862 :: EDGAR_DB :: INFO] penn (9/2019): Updated existing record with 14 non-zero financial metrics
[2025-03-21 19:19:28,873 :: EDGAR_DB :: ERROR] Invalid numeric value for report_date: 12/2019
[2025-03-21 19:19:28,873 :: EDGAR_DB :: ERROR] penn (12/2019): Invalid data types: report_date=12/2019
[2025-03-21 19:19:28,884 :: EDGAR_DB :: INFO] penn (12/2019): Updated existing record with 19 non-zero financial metrics
[2025-03-21 19:19:28,894 :: EDGAR_DB :: ERROR] Invalid numeric value for report_date: 03/2020
[2025-03-21 19:19:28,894 :: EDGAR_DB :: ERROR] penn (3/2020): Invalid data types: report_date=03/2020
[2025-03-21 19:19:28,905 :: EDGAR_DB :: INFO] penn (3/2020): Updated existing record with 17 non-zero financial metrics
[2025-03-21 19:19:28,918 :: EDGAR_DB :: ERROR] Invalid numeric value for report_date: 06/2020
[2025-03-21 19:19:28,918 :: EDGAR_DB :: ERROR] penn (6/2020): Invalid data types: report_date=06/2020
[2025-03-21 19:19:28,929 :: EDGAR_DB :: INFO] penn (6/2020): Updated existing record with 14 non-zero financial metrics
[2025-03-21 19:19:28,940 :: EDGAR_DB :: ERROR] Invalid numeric value for report_date: 09/2020
[2025-03-21 19:19:28,940 :: EDGAR_DB :: ERROR] penn (9/2020): Invalid data types: report_date=09/2020
[2025-03-21 19:19:28,950 :: EDGAR_DB :: INFO] penn (9/2020): Updated existing record with 14 non-zero financial metrics
[2025-03-21 19:19:28,960 :: EDGAR_DB :: ERROR] Invalid numeric value for report_date: 12/2020
[2025-03-21 19:19:28,961 :: EDGAR_DB :: WARNING] penn (12/2020): Found zero values for fields: Share Repurchases
[2025-03-21 19:19:28,961 :: EDGAR_DB :: ERROR] penn (12/2020): Invalid data types: report_date=12/2020
[2025-03-21 19:19:28,971 :: EDGAR_DB :: INFO] penn (12/2020): Updated existing record with 18 non-zero financial metrics
[2025-03-21 19:19:28,982 :: EDGAR_DB :: ERROR] Invalid numeric value for report_date: 03/2021
[2025-03-21 19:19:28,982 :: EDGAR_DB :: ERROR] penn (3/2021): Invalid data types: report_date=03/2021
[2025-03-21 19:19:28,992 :: EDGAR_DB :: INFO] penn (3/2021): Updated existing record with 17 non-zero financial metrics
[2025-03-21 19:19:29,003 :: EDGAR_DB :: ERROR] Invalid numeric value for report_date: 06/2021
[2025-03-21 19:19:29,003 :: EDGAR_DB :: ERROR] penn (6/2021): Invalid data types: report_date=06/2021
[2025-03-21 19:19:29,014 :: EDGAR_DB :: INFO] penn (6/2021): Updated existing record with 14 non-zero financial metrics
[2025-03-21 19:19:29,025 :: EDGAR_DB :: ERROR] Invalid numeric value for report_date: 09/2021
[2025-03-21 19:19:29,025 :: EDGAR_DB :: ERROR] penn (9/2021): Invalid data types: report_date=09/2021
[2025-03-21 19:19:29,035 :: EDGAR_DB :: INFO] penn (9/2021): Updated existing record with 14 non-zero financial metrics
[2025-03-21 19:19:29,047 :: EDGAR_DB :: ERROR] Invalid numeric value for report_date: 12/2021
[2025-03-21 19:19:29,047 :: EDGAR_DB :: WARNING] penn (12/2021): Found zero values for fields: Share Repurchases
[2025-03-21 19:19:29,047 :: EDGAR_DB :: ERROR] penn (12/2021): Invalid data types: report_date=12/2021
[2025-03-21 19:19:29,058 :: EDGAR_DB :: INFO] penn (12/2021): Updated existing record with 18 non-zero financial metrics
[2025-03-21 19:19:29,069 :: EDGAR_DB :: ERROR] Invalid numeric value for report_date: 03/2022
[2025-03-21 19:19:29,069 :: EDGAR_DB :: ERROR] penn (3/2022): Invalid data types: report_date=03/2022
[2025-03-21 19:19:29,079 :: EDGAR_DB :: INFO] penn (3/2022): Updated existing record with 18 non-zero financial metrics
[2025-03-21 19:19:29,089 :: EDGAR_DB :: ERROR] Invalid numeric value for report_date: 06/2022
[2025-03-21 19:19:29,089 :: EDGAR_DB :: ERROR] penn (6/2022): Invalid data types: report_date=06/2022
[2025-03-21 19:19:29,100 :: EDGAR_DB :: INFO] penn (6/2022): Updated existing record with 15 non-zero financial metrics
[2025-03-21 19:19:29,111 :: EDGAR_DB :: ERROR] Invalid numeric value for report_date: 09/2022
[2025-03-21 19:19:29,112 :: EDGAR_DB :: ERROR] penn (9/2022): Invalid data types: report_date=09/2022
[2025-03-21 19:19:29,122 :: EDGAR_DB :: INFO] penn (9/2022): Updated existing record with 15 non-zero financial metrics
[2025-03-21 19:19:29,134 :: EDGAR_DB :: ERROR] Invalid numeric value for report_date: 12/2022
[2025-03-21 19:19:29,134 :: EDGAR_DB :: ERROR] penn (12/2022): Invalid data types: report_date=12/2022
[2025-03-21 19:19:29,145 :: EDGAR_DB :: INFO] penn (12/2022): Updated existing record with 19 non-zero financial metrics
[2025-03-21 19:19:29,157 :: EDGAR_DB :: ERROR] Invalid numeric value for report_date: 03/2023
[2025-03-21 19:19:29,157 :: EDGAR_DB :: ERROR] penn (3/2023): Invalid data types: report_date=03/2023
[2025-03-21 19:19:29,169 :: EDGAR_DB :: INFO] penn (3/2023): Updated existing record with 20 non-zero financial metrics
[2025-03-21 19:19:29,180 :: EDGAR_DB :: ERROR] Invalid numeric value for report_date: 06/2023
[2025-03-21 19:19:29,180 :: EDGAR_DB :: ERROR] penn (6/2023): Invalid data types: report_date=06/2023
[2025-03-21 19:19:29,191 :: EDGAR_DB :: INFO] penn (6/2023): Updated existing record with 16 non-zero financial metrics
[2025-03-21 19:19:29,201 :: EDGAR_DB :: ERROR] Invalid numeric value for report_date: 09/2023
[2025-03-21 19:19:29,201 :: EDGAR_DB :: ERROR] penn (9/2023): Invalid data types: report_date=09/2023
[2025-03-21 19:19:29,211 :: EDGAR_DB :: INFO] penn (9/2023): Updated existing record with 16 non-zero financial metrics
[2025-03-21 19:19:29,223 :: EDGAR_DB :: ERROR] Invalid numeric value for report_date: 12/2023
[2025-03-21 19:19:29,223 :: EDGAR_DB :: ERROR] penn (12/2023): Invalid data types: report_date=12/2023
[2025-03-21 19:19:29,233 :: EDGAR_DB :: INFO] penn (12/2023): Updated existing record with 18 non-zero financial metrics
[2025-03-21 19:19:29,244 :: EDGAR_DB :: ERROR] Invalid numeric value for report_date: 03/2024
[2025-03-21 19:19:29,244 :: EDGAR_DB :: WARNING] penn (3/2024): Found zero values for fields: Share Repurchases
[2025-03-21 19:19:29,244 :: EDGAR_DB :: ERROR] penn (3/2024): Invalid data types: report_date=03/2024
[2025-03-21 19:19:29,254 :: EDGAR_DB :: INFO] penn (3/2024): Updated existing record with 17 non-zero financial metrics
[2025-03-21 19:19:29,265 :: EDGAR_DB :: ERROR] Invalid numeric value for report_date: 06/2024
[2025-03-21 19:19:29,265 :: EDGAR_DB :: ERROR] penn (6/2024): Invalid data types: report_date=06/2024
[2025-03-21 19:19:29,275 :: EDGAR_DB :: INFO] penn (6/2024): Updated existing record with 13 non-zero financial metrics
[2025-03-21 19:19:29,287 :: EDGAR_DB :: ERROR] Invalid numeric value for report_date: 09/2024
[2025-03-21 19:19:29,287 :: EDGAR_DB :: ERROR] penn (9/2024): Invalid data types: report_date=09/2024
[2025-03-21 19:19:29,297 :: EDGAR_DB :: INFO] penn (9/2024): Updated existing record with 13 non-zero financial metrics
[2025-03-21 19:19:29,310 :: EDGAR_DB :: ERROR] Invalid numeric value for report_date: 12/2024
[2025-03-21 19:19:29,310 :: EDGAR_DB :: WARNING] penn (12/2024): Found zero values for fields: Share Repurchases
[2025-03-21 19:19:29,310 :: EDGAR_DB :: ERROR] penn (12/2024): Invalid data types: report_date=12/2024
[2025-03-21 19:19:29,311 :: EDGAR_DB :: INFO] penn (12/2024): Created new record with 16 non-zero financial metrics
[2025-03-21 19:49:43,170 :: EDGAR_DB :: ERROR] Invalid numeric value for report_date: 03/2010
[2025-03-21 19:49:43,171 :: EDGAR_DB :: ERROR] aapl (3/2010): Invalid data types: report_date=03/2010
[2025-03-21 19:49:43,174 :: EDGAR_DB :: INFO] aapl (3/2010): Created new record with 15 non-zero financial metrics
[2025-03-21 19:49:43,187 :: EDGAR_DB :: ERROR] Invalid numeric value for report_date: 06/2010
[2025-03-21 19:49:43,187 :: EDGAR_DB :: ERROR] aapl (6/2010): Invalid data types: report_date=06/2010
[2025-03-21 19:49:43,189 :: EDGAR_DB :: INFO] aapl (6/2010): Created new record with 15 non-zero financial metrics
[2025-03-21 19:49:43,202 :: EDGAR_DB :: ERROR] Invalid numeric value for report_date: 09/2010
[2025-03-21 19:49:43,203 :: EDGAR_DB :: ERROR] aapl (9/2010): Invalid data types: report_date=09/2010
[2025-03-21 19:49:43,205 :: EDGAR_DB :: INFO] aapl (9/2010): Created new record with 18 non-zero financial metrics
[2025-03-21 19:49:43,221 :: EDGAR_DB :: ERROR] Invalid numeric value for report_date: 12/2010
[2025-03-21 19:49:43,221 :: EDGAR_DB :: ERROR] aapl (12/2010): Invalid data types: report_date=12/2010
[2025-03-21 19:49:43,222 :: EDGAR_DB :: INFO] aapl (12/2010): Created new record with 18 non-zero financial metrics
[2025-03-21 19:49:43,234 :: EDGAR_DB :: ERROR] Invalid numeric value for report_date: 03/2011
[2025-03-21 19:49:43,235 :: EDGAR_DB :: ERROR] aapl (3/2011): Invalid data types: report_date=03/2011
[2025-03-21 19:49:43,235 :: EDGAR_DB :: INFO] aapl (3/2011): Created new record with 15 non-zero financial metrics
[2025-03-21 19:49:43,247 :: EDGAR_DB :: ERROR] Invalid numeric value for report_date: 06/2011
[2025-03-21 19:49:43,248 :: EDGAR_DB :: ERROR] aapl (6/2011): Invalid data types: report_date=06/2011
[2025-03-21 19:49:43,248 :: EDGAR_DB :: INFO] aapl (6/2011): Created new record with 15 non-zero financial metrics
[2025-03-21 19:49:43,261 :: EDGAR_DB :: ERROR] Invalid numeric value for report_date: 09/2011
[2025-03-21 19:49:43,261 :: EDGAR_DB :: ERROR] aapl (9/2011): Invalid data types: report_date=09/2011
[2025-03-21 19:49:43,261 :: EDGAR_DB :: INFO] aapl (9/2011): Created new record with 18 non-zero financial metrics
[2025-03-21 19:49:43,274 :: EDGAR_DB :: ERROR] Invalid numeric value for report_date: 12/2011
[2025-03-21 19:49:43,274 :: EDGAR_DB :: ERROR] aapl (12/2011): Invalid data types: report_date=12/2011
[2025-03-21 19:49:43,275 :: EDGAR_DB :: INFO] aapl (12/2011): Created new record with 18 non-zero financial metrics
[2025-03-21 19:49:43,287 :: EDGAR_DB :: ERROR] Invalid numeric value for report_date: 03/2012
[2025-03-21 19:49:43,287 :: EDGAR_DB :: ERROR] aapl (3/2012): Invalid data types: report_date=03/2012
[2025-03-21 19:49:43,287 :: EDGAR_DB :: INFO] aapl (3/2012): Created new record with 15 non-zero financial metrics
[2025-03-21 19:49:43,301 :: EDGAR_DB :: ERROR] Invalid numeric value for report_date: 06/2012
[2025-03-21 19:49:43,301 :: EDGAR_DB :: ERROR] aapl (6/2012): Invalid data types: report_date=06/2012
[2025-03-21 19:49:43,302 :: EDGAR_DB :: INFO] aapl (6/2012): Created new record with 15 non-zero financial metrics
[2025-03-21 19:49:43,315 :: EDGAR_DB :: ERROR] Invalid numeric value for report_date: 09/2012
[2025-03-21 19:49:43,315 :: EDGAR_DB :: ERROR] aapl (9/2012): Invalid data types: report_date=09/2012
[2025-03-21 19:49:43,328 :: EDGAR_DB :: INFO] aapl (9/2012): Updated existing record with 18 non-zero financial metrics
[2025-03-21 19:49:43,344 :: EDGAR_DB :: ERROR] Invalid numeric value for report_date: 12/2012
[2025-03-21 19:49:43,344 :: EDGAR_DB :: ERROR] aapl (12/2012): Invalid data types: report_date=12/2012
[2025-03-21 19:49:43,356 :: EDGAR_DB :: INFO] aapl (12/2012): Updated existing record with 19 non-zero financial metrics
[2025-03-21 19:49:43,369 :: EDGAR_DB :: ERROR] Invalid numeric value for report_date: 03/2013
[2025-03-21 19:49:43,369 :: EDGAR_DB :: ERROR] aapl (3/2013): Invalid data types: report_date=03/2013
[2025-03-21 19:49:43,381 :: EDGAR_DB :: INFO] aapl (3/2013): Updated existing record with 15 non-zero financial metrics
[2025-03-21 19:49:43,394 :: EDGAR_DB :: ERROR] Invalid numeric value for report_date: 06/2013
[2025-03-21 19:49:43,394 :: EDGAR_DB :: ERROR] aapl (6/2013): Invalid data types: report_date=06/2013
[2025-03-21 19:49:43,406 :: EDGAR_DB :: INFO] aapl (6/2013): Updated existing record with 17 non-zero financial metrics
[2025-03-21 19:49:43,422 :: EDGAR_DB :: ERROR] Invalid numeric value for report_date: 09/2013
[2025-03-21 19:49:43,422 :: EDGAR_DB :: ERROR] aapl (9/2013): Invalid data types: report_date=09/2013
[2025-03-21 19:49:43,435 :: EDGAR_DB :: INFO] aapl (9/2013): Updated existing record with 21 non-zero financial metrics
[2025-03-21 19:49:43,447 :: EDGAR_DB :: ERROR] Invalid numeric value for report_date: 12/2013
[2025-03-21 19:49:43,448 :: EDGAR_DB :: ERROR] aapl (12/2013): Invalid data types: report_date=12/2013
[2025-03-21 19:49:43,459 :: EDGAR_DB :: INFO] aapl (12/2013): Updated existing record with 21 non-zero financial metrics
[2025-03-21 19:49:43,471 :: EDGAR_DB :: ERROR] Invalid numeric value for report_date: 03/2014
[2025-03-21 19:49:43,472 :: EDGAR_DB :: ERROR] aapl (3/2014): Invalid data types: report_date=03/2014
[2025-03-21 19:49:43,483 :: EDGAR_DB :: INFO] aapl (3/2014): Updated existing record with 17 non-zero financial metrics
[2025-03-21 19:49:43,496 :: EDGAR_DB :: ERROR] Invalid numeric value for report_date: 06/2014
[2025-03-21 19:49:43,496 :: EDGAR_DB :: ERROR] aapl (6/2014): Invalid data types: report_date=06/2014
[2025-03-21 19:49:43,508 :: EDGAR_DB :: INFO] aapl (6/2014): Updated existing record with 17 non-zero financial metrics
[2025-03-21 19:49:43,520 :: EDGAR_DB :: ERROR] Invalid numeric value for report_date: 09/2014
[2025-03-21 19:49:43,520 :: EDGAR_DB :: ERROR] aapl (9/2014): Invalid data types: report_date=09/2014
[2025-03-21 19:49:43,532 :: EDGAR_DB :: INFO] aapl (9/2014): Updated existing record with 18 non-zero financial metrics
[2025-03-21 19:49:43,546 :: EDGAR_DB :: ERROR] Invalid numeric value for report_date: 12/2014
[2025-03-21 19:49:43,546 :: EDGAR_DB :: ERROR] aapl (12/2014): Invalid data types: report_date=12/2014
[2025-03-21 19:49:43,557 :: EDGAR_DB :: INFO] aapl (12/2014): Updated existing record with 19 non-zero financial metrics
[2025-03-21 19:49:43,571 :: EDGAR_DB :: ERROR] Invalid numeric value for report_date: 03/2015
[2025-03-21 19:49:43,571 :: EDGAR_DB :: ERROR] aapl (3/2015): Invalid data types: report_date=03/2015
[2025-03-21 19:49:43,583 :: EDGAR_DB :: INFO] aapl (3/2015): Updated existing record with 17 non-zero financial metrics
[2025-03-21 19:49:43,596 :: EDGAR_DB :: ERROR] Invalid numeric value for report_date: 06/2015
[2025-03-21 19:49:43,596 :: EDGAR_DB :: ERROR] aapl (6/2015): Invalid data types: report_date=06/2015
[2025-03-21 19:49:43,608 :: EDGAR_DB :: INFO] aapl (6/2015): Updated existing record with 16 non-zero financial metrics
[2025-03-21 19:49:43,625 :: EDGAR_DB :: ERROR] Invalid numeric value for report_date: 09/2015
[2025-03-21 19:49:43,625 :: EDGAR_DB :: ERROR] aapl (9/2015): Invalid data types: report_date=09/2015
[2025-03-21 19:49:43,636 :: EDGAR_DB :: INFO] aapl (9/2015): Updated existing record with 18 non-zero financial metrics
[2025-03-21 19:49:43,651 :: EDGAR_DB :: ERROR] Invalid numeric value for report_date: 12/2015
[2025-03-21 19:49:43,651 :: EDGAR_DB :: ERROR] aapl (12/2015): Invalid data types: report_date=12/2015
[2025-03-21 19:49:43,663 :: EDGAR_DB :: INFO] aapl (12/2015): Updated existing record with 18 non-zero financial metrics
[2025-03-21 19:49:43,676 :: EDGAR_DB :: ERROR] Invalid numeric value for report_date: 03/2016
[2025-03-21 19:49:43,676 :: EDGAR_DB :: ERROR] aapl (3/2016): Invalid data types: report_date=03/2016
[2025-03-21 19:49:43,688 :: EDGAR_DB :: INFO] aapl (3/2016): Updated existing record with 16 non-zero financial metrics
[2025-03-21 19:49:43,700 :: EDGAR_DB :: ERROR] Invalid numeric value for report_date: 06/2016
[2025-03-21 19:49:43,701 :: EDGAR_DB :: ERROR] aapl (6/2016): Invalid data types: report_date=06/2016
[2025-03-21 19:49:43,712 :: EDGAR_DB :: INFO] aapl (6/2016): Updated existing record with 16 non-zero financial metrics
[2025-03-21 19:49:43,726 :: EDGAR_DB :: ERROR] Invalid numeric value for report_date: 09/2016
[2025-03-21 19:49:43,726 :: EDGAR_DB :: ERROR] aapl (9/2016): Invalid data types: report_date=09/2016
[2025-03-21 19:49:43,737 :: EDGAR_DB :: INFO] aapl (9/2016): Updated existing record with 18 non-zero financial metrics
[2025-03-21 19:49:43,751 :: EDGAR_DB :: ERROR] Invalid numeric value for report_date: 12/2016
[2025-03-21 19:49:43,751 :: EDGAR_DB :: ERROR] aapl (12/2016): Invalid data types: report_date=12/2016
[2025-03-21 19:49:43,763 :: EDGAR_DB :: INFO] aapl (12/2016): Updated existing record with 18 non-zero financial metrics
[2025-03-21 19:49:43,777 :: EDGAR_DB :: ERROR] Invalid numeric value for report_date: 04/2017
[2025-03-21 19:49:43,777 :: EDGAR_DB :: ERROR] aapl (4/2017): Invalid data types: report_date=04/2017
[2025-03-21 19:49:43,777 :: EDGAR_DB :: INFO] aapl (4/2017): Created new record with 16 non-zero financial metrics
[2025-03-21 19:49:43,789 :: EDGAR_DB :: ERROR] Invalid numeric value for report_date: 07/2017
[2025-03-21 19:49:43,790 :: EDGAR_DB :: ERROR] aapl (7/2017): Invalid data types: report_date=07/2017
[2025-03-21 19:49:43,790 :: EDGAR_DB :: INFO] aapl (7/2017): Created new record with 16 non-zero financial metrics
[2025-03-21 19:49:43,802 :: EDGAR_DB :: ERROR] Invalid numeric value for report_date: 09/2017
[2025-03-21 19:49:43,802 :: EDGAR_DB :: ERROR] aapl (9/2017): Invalid data types: report_date=09/2017
[2025-03-21 19:49:43,815 :: EDGAR_DB :: INFO] aapl (9/2017): Updated existing record with 21 non-zero financial metrics
[2025-03-21 19:49:43,827 :: EDGAR_DB :: ERROR] Invalid numeric value for report_date: 12/2017
[2025-03-21 19:49:43,827 :: EDGAR_DB :: ERROR] aapl (12/2017): Invalid data types: report_date=12/2017
[2025-03-21 19:49:43,839 :: EDGAR_DB :: INFO] aapl (12/2017): Updated existing record with 21 non-zero financial metrics
[2025-03-21 19:49:43,852 :: EDGAR_DB :: ERROR] Invalid numeric value for report_date: 03/2018
[2025-03-21 19:49:43,852 :: EDGAR_DB :: ERROR] aapl (3/2018): Invalid data types: report_date=03/2018
[2025-03-21 19:49:43,864 :: EDGAR_DB :: INFO] aapl (3/2018): Updated existing record with 15 non-zero financial metrics
[2025-03-21 19:49:43,878 :: EDGAR_DB :: ERROR] Invalid numeric value for report_date: 06/2018
[2025-03-21 19:49:43,878 :: EDGAR_DB :: ERROR] aapl (6/2018): Invalid data types: report_date=06/2018
[2025-03-21 19:49:43,890 :: EDGAR_DB :: INFO] aapl (6/2018): Updated existing record with 15 non-zero financial metrics
[2025-03-21 19:49:43,902 :: EDGAR_DB :: ERROR] Invalid numeric value for report_date: 09/2018
[2025-03-21 19:49:43,902 :: EDGAR_DB :: ERROR] aapl (9/2018): Invalid data types: report_date=09/2018
[2025-03-21 19:49:43,914 :: EDGAR_DB :: INFO] aapl (9/2018): Updated existing record with 20 non-zero financial metrics
[2025-03-21 19:49:43,927 :: EDGAR_DB :: ERROR] Invalid numeric value for report_date: 12/2018
[2025-03-21 19:49:43,927 :: EDGAR_DB :: ERROR] aapl (12/2018): Invalid data types: report_date=12/2018
[2025-03-21 19:49:43,938 :: EDGAR_DB :: INFO] aapl (12/2018): Updated existing record with 21 non-zero financial metrics
[2025-03-21 19:49:43,951 :: EDGAR_DB :: ERROR] Invalid numeric value for report_date: 03/2019
[2025-03-21 19:49:43,951 :: EDGAR_DB :: ERROR] aapl (3/2019): Invalid data types: report_date=03/2019
[2025-03-21 19:49:43,963 :: EDGAR_DB :: INFO] aapl (3/2019): Updated existing record with 16 non-zero financial metrics
[2025-03-21 19:49:43,975 :: EDGAR_DB :: ERROR] Invalid numeric value for report_date: 06/2019
[2025-03-21 19:49:43,975 :: EDGAR_DB :: ERROR] aapl (6/2019): Invalid data types: report_date=06/2019
[2025-03-21 19:49:43,987 :: EDGAR_DB :: INFO] aapl (6/2019): Updated existing record with 16 non-zero financial metrics
[2025-03-21 19:49:44,003 :: EDGAR_DB :: ERROR] Invalid numeric value for report_date: 09/2019
[2025-03-21 19:49:44,003 :: EDGAR_DB :: ERROR] aapl (9/2019): Invalid data types: report_date=09/2019
[2025-03-21 19:49:44,015 :: EDGAR_DB :: INFO] aapl (9/2019): Updated existing record with 21 non-zero financial metrics
[2025-03-21 19:49:44,027 :: EDGAR_DB :: ERROR] Invalid numeric value for report_date: 12/2019
[2025-03-21 19:49:44,028 :: EDGAR_DB :: ERROR] aapl (12/2019): Invalid data types: report_date=12/2019
[2025-03-21 19:49:44,039 :: EDGAR_DB :: INFO] aapl (12/2019): Updated existing record with 21 non-zero financial metrics
[2025-03-21 19:49:44,053 :: EDGAR_DB :: ERROR] Invalid numeric value for report_date: 03/2020
[2025-03-21 19:49:44,053 :: EDGAR_DB :: ERROR] aapl (3/2020): Invalid data types: report_date=03/2020
[2025-03-21 19:49:44,065 :: EDGAR_DB :: INFO] aapl (3/2020): Updated existing record with 16 non-zero financial metrics
[2025-03-21 19:49:44,078 :: EDGAR_DB :: ERROR] Invalid numeric value for report_date: 06/2020
[2025-03-21 19:49:44,078 :: EDGAR_DB :: ERROR] aapl (6/2020): Invalid data types: report_date=06/2020
[2025-03-21 19:49:44,090 :: EDGAR_DB :: INFO] aapl (6/2020): Updated existing record with 16 non-zero financial metrics
[2025-03-21 19:49:44,103 :: EDGAR_DB :: ERROR] Invalid numeric value for report_date: 09/2020
[2025-03-21 19:49:44,103 :: EDGAR_DB :: ERROR] aapl (9/2020): Invalid data types: report_date=09/2020
[2025-03-21 19:49:44,114 :: EDGAR_DB :: INFO] aapl (9/2020): Updated existing record with 21 non-zero financial metrics
[2025-03-21 19:49:44,127 :: EDGAR_DB :: ERROR] Invalid numeric value for report_date: 12/2020
[2025-03-21 19:49:44,128 :: EDGAR_DB :: ERROR] aapl (12/2020): Invalid data types: report_date=12/2020
[2025-03-21 19:49:44,139 :: EDGAR_DB :: INFO] aapl (12/2020): Updated existing record with 21 non-zero financial metrics
[2025-03-21 19:49:44,155 :: EDGAR_DB :: ERROR] Invalid numeric value for report_date: 03/2021
[2025-03-21 19:49:44,155 :: EDGAR_DB :: ERROR] aapl (3/2021): Invalid data types: report_date=03/2021
[2025-03-21 19:49:44,166 :: EDGAR_DB :: INFO] aapl (3/2021): Updated existing record with 16 non-zero financial metrics
[2025-03-21 19:49:44,181 :: EDGAR_DB :: ERROR] Invalid numeric value for report_date: 06/2021
[2025-03-21 19:49:44,181 :: EDGAR_DB :: ERROR] aapl (6/2021): Invalid data types: report_date=06/2021
[2025-03-21 19:49:44,193 :: EDGAR_DB :: INFO] aapl (6/2021): Updated existing record with 16 non-zero financial metrics
[2025-03-21 19:49:44,206 :: EDGAR_DB :: ERROR] Invalid numeric value for report_date: 09/2021
[2025-03-21 19:49:44,206 :: EDGAR_DB :: ERROR] aapl (9/2021): Invalid data types: report_date=09/2021
[2025-03-21 19:49:44,217 :: EDGAR_DB :: INFO] aapl (9/2021): Updated existing record with 21 non-zero financial metrics
[2025-03-21 19:49:44,231 :: EDGAR_DB :: ERROR] Invalid numeric value for report_date: 12/2021
[2025-03-21 19:49:44,231 :: EDGAR_DB :: ERROR] aapl (12/2021): Invalid data types: report_date=12/2021
[2025-03-21 19:49:44,242 :: EDGAR_DB :: INFO] aapl (12/2021): Updated existing record with 22 non-zero financial metrics
[2025-03-21 19:49:44,255 :: EDGAR_DB :: ERROR] Invalid numeric value for report_date: 03/2022
[2025-03-21 19:49:44,255 :: EDGAR_DB :: ERROR] aapl (3/2022): Invalid data types: report_date=03/2022
[2025-03-21 19:49:44,268 :: EDGAR_DB :: INFO] aapl (3/2022): Updated existing record with 17 non-zero financial metrics
[2025-03-21 19:49:44,281 :: EDGAR_DB :: ERROR] Invalid numeric value for report_date: 06/2022
[2025-03-21 19:49:44,281 :: EDGAR_DB :: ERROR] aapl (6/2022): Invalid data types: report_date=06/2022
[2025-03-21 19:49:44,292 :: EDGAR_DB :: INFO] aapl (6/2022): Updated existing record with 17 non-zero financial metrics
[2025-03-21 19:49:44,306 :: EDGAR_DB :: ERROR] Invalid numeric value for report_date: 09/2022
[2025-03-21 19:49:44,306 :: EDGAR_DB :: ERROR] aapl (9/2022): Invalid data types: report_date=09/2022
[2025-03-21 19:49:44,317 :: EDGAR_DB :: INFO] aapl (9/2022): Updated existing record with 21 non-zero financial metrics
[2025-03-21 19:49:44,332 :: EDGAR_DB :: ERROR] Invalid numeric value for report_date: 12/2022
[2025-03-21 19:49:44,332 :: EDGAR_DB :: ERROR] aapl (12/2022): Invalid data types: report_date=12/2022
[2025-03-21 19:49:44,344 :: EDGAR_DB :: INFO] aapl (12/2022): Updated existing record with 22 non-zero financial metrics
[2025-03-21 19:49:44,357 :: EDGAR_DB :: ERROR] Invalid numeric value for report_date: 04/2023
[2025-03-21 19:49:44,357 :: EDGAR_DB :: ERROR] aapl (4/2023): Invalid data types: report_date=04/2023
[2025-03-21 19:49:44,358 :: EDGAR_DB :: INFO] aapl (4/2023): Created new record with 17 non-zero financial metrics
[2025-03-21 19:49:44,370 :: EDGAR_DB :: ERROR] Invalid numeric value for report_date: 07/2023
[2025-03-21 19:49:44,370 :: EDGAR_DB :: ERROR] aapl (7/2023): Invalid data types: report_date=07/2023
[2025-03-21 19:49:44,371 :: EDGAR_DB :: INFO] aapl (7/2023): Created new record with 17 non-zero financial metrics
[2025-03-21 19:49:44,385 :: EDGAR_DB :: ERROR] Invalid numeric value for report_date: 09/2023
[2025-03-21 19:49:44,386 :: EDGAR_DB :: ERROR] aapl (9/2023): Invalid data types: report_date=09/2023
[2025-03-21 19:49:44,398 :: EDGAR_DB :: INFO] aapl (9/2023): Updated existing record with 22 non-zero financial metrics
[2025-03-21 19:49:44,411 :: EDGAR_DB :: ERROR] Invalid numeric value for report_date: 12/2023
[2025-03-21 19:49:44,411 :: EDGAR_DB :: ERROR] aapl (12/2023): Invalid data types: report_date=12/2023
[2025-03-21 19:49:44,422 :: EDGAR_DB :: INFO] aapl (12/2023): Updated existing record with 21 non-zero financial metrics
[2025-03-21 19:49:44,436 :: EDGAR_DB :: ERROR] Invalid numeric value for report_date: 03/2024
[2025-03-21 19:49:44,436 :: EDGAR_DB :: ERROR] aapl (3/2024): Invalid data types: report_date=03/2024
[2025-03-21 19:49:44,448 :: EDGAR_DB :: INFO] aapl (3/2024): Updated existing record with 16 non-zero financial metrics
[2025-03-21 19:49:44,461 :: EDGAR_DB :: ERROR] Invalid numeric value for report_date: 06/2024
[2025-03-21 19:49:44,461 :: EDGAR_DB :: ERROR] aapl (6/2024): Invalid data types: report_date=06/2024
[2025-03-21 19:49:44,472 :: EDGAR_DB :: INFO] aapl (6/2024): Updated existing record with 16 non-zero financial metrics
[2025-03-21 19:49:44,487 :: EDGAR_DB :: ERROR] Invalid numeric value for report_date: 09/2024
[2025-03-21 19:49:44,487 :: EDGAR_DB :: ERROR] aapl (9/2024): Invalid data types: report_date=09/2024
[2025-03-21 19:49:44,499 :: EDGAR_DB :: INFO] aapl (9/2024): Updated existing record with 21 non-zero financial metrics
[2025-03-21 19:49:44,512 :: EDGAR_DB :: ERROR] Invalid numeric value for report_date: 12/2024
[2025-03-21 19:49:44,512 :: EDGAR_DB :: ERROR] aapl (12/2024): Invalid data types: report_date=12/2024
[2025-03-21 19:49:44,523 :: EDGAR_DB :: INFO] aapl (12/2024): Updated existing record with 21 non-zero financial metrics
[2025-03-21 19:51:20,480 :: EDGAR_DB :: ERROR] Invalid numeric value for report_date: 03/2010
[2025-03-21 19:51:20,481 :: EDGAR_DB :: ERROR] msft (3/2010): Invalid data types: report_date=03/2010
[2025-03-21 19:51:20,492 :: EDGAR_DB :: INFO] msft (3/2010): Created new record with 20 non-zero financial metrics
[2025-03-21 19:51:20,505 :: EDGAR_DB :: ERROR] Invalid numeric value for report_date: 06/2010
[2025-03-21 19:51:20,505 :: EDGAR_DB :: ERROR] msft (6/2010): Invalid data types: report_date=06/2010
[2025-03-21 19:51:20,506 :: EDGAR_DB :: INFO] msft (6/2010): Created new record with 24 non-zero financial metrics
[2025-03-21 19:51:20,518 :: EDGAR_DB :: ERROR] Invalid numeric value for report_date: 09/2010
[2025-03-21 19:51:20,518 :: EDGAR_DB :: ERROR] msft (9/2010): Invalid data types: report_date=09/2010
[2025-03-21 19:51:20,519 :: EDGAR_DB :: INFO] msft (9/2010): Created new record with 24 non-zero financial metrics
[2025-03-21 19:51:20,531 :: EDGAR_DB :: ERROR] Invalid numeric value for report_date: 12/2010
[2025-03-21 19:51:20,532 :: EDGAR_DB :: ERROR] msft (12/2010): Invalid data types: report_date=12/2010
[2025-03-21 19:51:20,532 :: EDGAR_DB :: INFO] msft (12/2010): Created new record with 24 non-zero financial metrics
[2025-03-21 19:51:20,544 :: EDGAR_DB :: ERROR] Invalid numeric value for report_date: 03/2011
[2025-03-21 19:51:20,545 :: EDGAR_DB :: ERROR] msft (3/2011): Invalid data types: report_date=03/2011
[2025-03-21 19:51:20,545 :: EDGAR_DB :: INFO] msft (3/2011): Created new record with 24 non-zero financial metrics
[2025-03-21 19:51:20,557 :: EDGAR_DB :: ERROR] Invalid numeric value for report_date: 06/2011
[2025-03-21 19:51:20,557 :: EDGAR_DB :: ERROR] msft (6/2011): Invalid data types: report_date=06/2011
[2025-03-21 19:51:20,558 :: EDGAR_DB :: INFO] msft (6/2011): Created new record with 25 non-zero financial metrics
[2025-03-21 19:51:20,570 :: EDGAR_DB :: ERROR] Invalid numeric value for report_date: 09/2011
[2025-03-21 19:51:20,570 :: EDGAR_DB :: ERROR] msft (9/2011): Invalid data types: report_date=09/2011
[2025-03-21 19:51:20,571 :: EDGAR_DB :: INFO] msft (9/2011): Created new record with 24 non-zero financial metrics
[2025-03-21 19:51:20,584 :: EDGAR_DB :: ERROR] Invalid numeric value for report_date: 03/2012
[2025-03-21 19:51:20,584 :: EDGAR_DB :: ERROR] msft (3/2012): Invalid data types: report_date=03/2012
[2025-03-21 19:51:20,585 :: EDGAR_DB :: INFO] msft (3/2012): Created new record with 23 non-zero financial metrics
[2025-03-21 19:51:20,600 :: EDGAR_DB :: ERROR] Invalid numeric value for report_date: 06/2012
[2025-03-21 19:51:20,600 :: EDGAR_DB :: ERROR] msft (6/2012): Invalid data types: report_date=06/2012
[2025-03-21 19:51:20,601 :: EDGAR_DB :: INFO] msft (6/2012): Created new record with 25 non-zero financial metrics
[2025-03-21 19:51:20,614 :: EDGAR_DB :: ERROR] Invalid numeric value for report_date: 09/2012
[2025-03-21 19:51:20,614 :: EDGAR_DB :: ERROR] msft (9/2012): Invalid data types: report_date=09/2012
[2025-03-21 19:51:20,626 :: EDGAR_DB :: INFO] msft (9/2012): Updated existing record with 25 non-zero financial metrics
[2025-03-21 19:51:20,638 :: EDGAR_DB :: ERROR] Invalid numeric value for report_date: 12/2012
[2025-03-21 19:51:20,638 :: EDGAR_DB :: ERROR] msft (12/2012): Invalid data types: report_date=12/2012
[2025-03-21 19:51:20,650 :: EDGAR_DB :: INFO] msft (12/2012): Updated existing record with 25 non-zero financial metrics
[2025-03-21 19:51:20,663 :: EDGAR_DB :: ERROR] Invalid numeric value for report_date: 03/2013
[2025-03-21 19:51:20,663 :: EDGAR_DB :: ERROR] msft (3/2013): Invalid data types: report_date=03/2013
[2025-03-21 19:51:20,675 :: EDGAR_DB :: INFO] msft (3/2013): Updated existing record with 25 non-zero financial metrics
[2025-03-21 19:51:20,688 :: EDGAR_DB :: ERROR] Invalid numeric value for report_date: 06/2013
[2025-03-21 19:51:20,688 :: EDGAR_DB :: ERROR] msft (6/2013): Invalid data types: report_date=06/2013
[2025-03-21 19:51:20,700 :: EDGAR_DB :: INFO] msft (6/2013): Updated existing record with 25 non-zero financial metrics
[2025-03-21 19:51:20,716 :: EDGAR_DB :: ERROR] Invalid numeric value for report_date: 09/2013
[2025-03-21 19:51:20,717 :: EDGAR_DB :: ERROR] msft (9/2013): Invalid data types: report_date=09/2013
[2025-03-21 19:51:20,728 :: EDGAR_DB :: INFO] msft (9/2013): Updated existing record with 22 non-zero financial metrics
[2025-03-21 19:51:20,744 :: EDGAR_DB :: ERROR] Invalid numeric value for report_date: 12/2013
[2025-03-21 19:51:20,745 :: EDGAR_DB :: ERROR] msft (12/2013): Invalid data types: report_date=12/2013
[2025-03-21 19:51:20,756 :: EDGAR_DB :: INFO] msft (12/2013): Updated existing record with 22 non-zero financial metrics
[2025-03-21 19:51:20,769 :: EDGAR_DB :: ERROR] Invalid numeric value for report_date: 03/2014
[2025-03-21 19:51:20,769 :: EDGAR_DB :: ERROR] msft (3/2014): Invalid data types: report_date=03/2014
[2025-03-21 19:51:20,781 :: EDGAR_DB :: INFO] msft (3/2014): Updated existing record with 22 non-zero financial metrics
[2025-03-21 19:51:20,794 :: EDGAR_DB :: ERROR] Invalid numeric value for report_date: 06/2014
[2025-03-21 19:51:20,794 :: EDGAR_DB :: ERROR] msft (6/2014): Invalid data types: report_date=06/2014
[2025-03-21 19:51:20,806 :: EDGAR_DB :: INFO] msft (6/2014): Updated existing record with 22 non-zero financial metrics
[2025-03-21 19:51:20,821 :: EDGAR_DB :: ERROR] Invalid numeric value for report_date: 09/2014
[2025-03-21 19:51:20,821 :: EDGAR_DB :: ERROR] msft (9/2014): Invalid data types: report_date=09/2014
[2025-03-21 19:51:20,833 :: EDGAR_DB :: INFO] msft (9/2014): Updated existing record with 22 non-zero financial metrics
[2025-03-21 19:51:20,845 :: EDGAR_DB :: ERROR] Invalid numeric value for report_date: 12/2014
[2025-03-21 19:51:20,845 :: EDGAR_DB :: ERROR] msft (12/2014): Invalid data types: report_date=12/2014
[2025-03-21 19:51:20,857 :: EDGAR_DB :: INFO] msft (12/2014): Updated existing record with 22 non-zero financial metrics
[2025-03-21 19:51:20,870 :: EDGAR_DB :: ERROR] Invalid numeric value for report_date: 03/2015
[2025-03-21 19:51:20,870 :: EDGAR_DB :: ERROR] msft (3/2015): Invalid data types: report_date=03/2015
[2025-03-21 19:51:20,881 :: EDGAR_DB :: INFO] msft (3/2015): Updated existing record with 22 non-zero financial metrics
[2025-03-21 19:51:20,894 :: EDGAR_DB :: ERROR] Invalid numeric value for report_date: 06/2015
[2025-03-21 19:51:20,894 :: EDGAR_DB :: ERROR] msft (6/2015): Invalid data types: report_date=06/2015
[2025-03-21 19:51:20,906 :: EDGAR_DB :: INFO] msft (6/2015): Updated existing record with 22 non-zero financial metrics
[2025-03-21 19:51:20,920 :: EDGAR_DB :: ERROR] Invalid numeric value for report_date: 09/2015
[2025-03-21 19:51:20,921 :: EDGAR_DB :: ERROR] msft (9/2015): Invalid data types: report_date=09/2015
[2025-03-21 19:51:20,932 :: EDGAR_DB :: INFO] msft (9/2015): Updated existing record with 22 non-zero financial metrics
[2025-03-21 19:51:20,945 :: EDGAR_DB :: ERROR] Invalid numeric value for report_date: 12/2015
[2025-03-21 19:51:20,945 :: EDGAR_DB :: ERROR] msft (12/2015): Invalid data types: report_date=12/2015
[2025-03-21 19:51:20,957 :: EDGAR_DB :: INFO] msft (12/2015): Updated existing record with 22 non-zero financial metrics
[2025-03-21 19:51:20,971 :: EDGAR_DB :: ERROR] Invalid numeric value for report_date: 03/2016
[2025-03-21 19:51:20,971 :: EDGAR_DB :: ERROR] msft (3/2016): Invalid data types: report_date=03/2016
[2025-03-21 19:51:20,983 :: EDGAR_DB :: INFO] msft (3/2016): Updated existing record with 22 non-zero financial metrics
[2025-03-21 19:51:20,995 :: EDGAR_DB :: ERROR] Invalid numeric value for report_date: 06/2016
[2025-03-21 19:51:20,995 :: EDGAR_DB :: ERROR] msft (6/2016): Invalid data types: report_date=06/2016
[2025-03-21 19:51:21,007 :: EDGAR_DB :: INFO] msft (6/2016): Updated existing record with 22 non-zero financial metrics
[2025-03-21 19:51:21,020 :: EDGAR_DB :: ERROR] Invalid numeric value for report_date: 09/2016
[2025-03-21 19:51:21,020 :: EDGAR_DB :: ERROR] msft (9/2016): Invalid data types: report_date=09/2016
[2025-03-21 19:51:21,032 :: EDGAR_DB :: INFO] msft (9/2016): Updated existing record with 22 non-zero financial metrics
[2025-03-21 19:51:21,045 :: EDGAR_DB :: ERROR] Invalid numeric value for report_date: 12/2016
[2025-03-21 19:51:21,045 :: EDGAR_DB :: ERROR] msft (12/2016): Invalid data types: report_date=12/2016
[2025-03-21 19:51:21,057 :: EDGAR_DB :: INFO] msft (12/2016): Updated existing record with 22 non-zero financial metrics
[2025-03-21 19:51:21,072 :: EDGAR_DB :: ERROR] Invalid numeric value for report_date: 03/2017
[2025-03-21 19:51:21,072 :: EDGAR_DB :: ERROR] msft (3/2017): Invalid data types: report_date=03/2017
[2025-03-21 19:51:21,085 :: EDGAR_DB :: INFO] msft (3/2017): Updated existing record with 22 non-zero financial metrics
[2025-03-21 19:51:21,098 :: EDGAR_DB :: ERROR] Invalid numeric value for report_date: 06/2017
[2025-03-21 19:51:21,098 :: EDGAR_DB :: ERROR] msft (6/2017): Invalid data types: report_date=06/2017
[2025-03-21 19:51:21,109 :: EDGAR_DB :: INFO] msft (6/2017): Updated existing record with 22 non-zero financial metrics
[2025-03-21 19:51:21,124 :: EDGAR_DB :: ERROR] Invalid numeric value for report_date: 09/2017
[2025-03-21 19:51:21,124 :: EDGAR_DB :: ERROR] msft (9/2017): Invalid data types: report_date=09/2017
[2025-03-21 19:51:21,134 :: EDGAR_DB :: INFO] msft (9/2017): Updated existing record with 22 non-zero financial metrics
[2025-03-21 19:51:21,148 :: EDGAR_DB :: ERROR] Invalid numeric value for report_date: 12/2017
[2025-03-21 19:51:21,148 :: EDGAR_DB :: ERROR] msft (12/2017): Invalid data types: report_date=12/2017
[2025-03-21 19:51:21,160 :: EDGAR_DB :: INFO] msft (12/2017): Updated existing record with 25 non-zero financial metrics
[2025-03-21 19:51:21,175 :: EDGAR_DB :: ERROR] Invalid numeric value for report_date: 03/2018
[2025-03-21 19:51:21,175 :: EDGAR_DB :: ERROR] msft (3/2018): Invalid data types: report_date=03/2018
[2025-03-21 19:51:21,187 :: EDGAR_DB :: INFO] msft (3/2018): Updated existing record with 25 non-zero financial metrics
[2025-03-21 19:51:21,200 :: EDGAR_DB :: ERROR] Invalid numeric value for report_date: 06/2018
[2025-03-21 19:51:21,200 :: EDGAR_DB :: ERROR] msft (6/2018): Invalid data types: report_date=06/2018
[2025-03-21 19:51:21,212 :: EDGAR_DB :: INFO] msft (6/2018): Updated existing record with 25 non-zero financial metrics
[2025-03-21 19:51:21,226 :: EDGAR_DB :: ERROR] Invalid numeric value for report_date: 09/2018
[2025-03-21 19:51:21,226 :: EDGAR_DB :: ERROR] msft (9/2018): Invalid data types: report_date=09/2018
[2025-03-21 19:51:21,238 :: EDGAR_DB :: INFO] msft (9/2018): Updated existing record with 25 non-zero financial metrics
[2025-03-21 19:51:21,250 :: EDGAR_DB :: ERROR] Invalid numeric value for report_date: 12/2018
[2025-03-21 19:51:21,251 :: EDGAR_DB :: ERROR] msft (12/2018): Invalid data types: report_date=12/2018
[2025-03-21 19:51:21,263 :: EDGAR_DB :: INFO] msft (12/2018): Updated existing record with 25 non-zero financial metrics
[2025-03-21 19:51:21,276 :: EDGAR_DB :: ERROR] Invalid numeric value for report_date: 03/2019
[2025-03-21 19:51:21,277 :: EDGAR_DB :: ERROR] msft (3/2019): Invalid data types: report_date=03/2019
[2025-03-21 19:51:21,288 :: EDGAR_DB :: INFO] msft (3/2019): Updated existing record with 25 non-zero financial metrics
[2025-03-21 19:51:21,302 :: EDGAR_DB :: ERROR] Invalid numeric value for report_date: 06/2019
[2025-03-21 19:51:21,302 :: EDGAR_DB :: ERROR] msft (6/2019): Invalid data types: report_date=06/2019
[2025-03-21 19:51:21,314 :: EDGAR_DB :: INFO] msft (6/2019): Updated existing record with 25 non-zero financial metrics
[2025-03-21 19:51:21,327 :: EDGAR_DB :: ERROR] Invalid numeric value for report_date: 09/2019
[2025-03-21 19:51:21,328 :: EDGAR_DB :: ERROR] msft (9/2019): Invalid data types: report_date=09/2019
[2025-03-21 19:51:21,339 :: EDGAR_DB :: INFO] msft (9/2019): Updated existing record with 25 non-zero financial metrics
[2025-03-21 19:51:21,355 :: EDGAR_DB :: ERROR] Invalid numeric value for report_date: 12/2019
[2025-03-21 19:51:21,355 :: EDGAR_DB :: ERROR] msft (12/2019): Invalid data types: report_date=12/2019
[2025-03-21 19:51:21,367 :: EDGAR_DB :: INFO] msft (12/2019): Updated existing record with 25 non-zero financial metrics
[2025-03-21 19:51:21,380 :: EDGAR_DB :: ERROR] Invalid numeric value for report_date: 03/2020
[2025-03-21 19:51:21,380 :: EDGAR_DB :: ERROR] msft (3/2020): Invalid data types: report_date=03/2020
[2025-03-21 19:51:21,392 :: EDGAR_DB :: INFO] msft (3/2020): Updated existing record with 25 non-zero financial metrics
[2025-03-21 19:51:21,405 :: EDGAR_DB :: ERROR] Invalid numeric value for report_date: 06/2020
[2025-03-21 19:51:21,405 :: EDGAR_DB :: ERROR] msft (6/2020): Invalid data types: report_date=06/2020
[2025-03-21 19:51:21,417 :: EDGAR_DB :: INFO] msft (6/2020): Updated existing record with 25 non-zero financial metrics
[2025-03-21 19:51:21,430 :: EDGAR_DB :: ERROR] Invalid numeric value for report_date: 09/2020
[2025-03-21 19:51:21,430 :: EDGAR_DB :: ERROR] msft (9/2020): Invalid data types: report_date=09/2020
[2025-03-21 19:51:21,441 :: EDGAR_DB :: INFO] msft (9/2020): Updated existing record with 25 non-zero financial metrics
[2025-03-21 19:51:21,455 :: EDGAR_DB :: ERROR] Invalid numeric value for report_date: 12/2020
[2025-03-21 19:51:21,455 :: EDGAR_DB :: ERROR] msft (12/2020): Invalid data types: report_date=12/2020
[2025-03-21 19:51:21,466 :: EDGAR_DB :: INFO] msft (12/2020): Updated existing record with 25 non-zero financial metrics
[2025-03-21 19:51:21,479 :: EDGAR_DB :: ERROR] Invalid numeric value for report_date: 03/2021
[2025-03-21 19:51:21,479 :: EDGAR_DB :: ERROR] msft (3/2021): Invalid data types: report_date=03/2021
[2025-03-21 19:51:21,491 :: EDGAR_DB :: INFO] msft (3/2021): Updated existing record with 25 non-zero financial metrics
[2025-03-21 19:51:21,505 :: EDGAR_DB :: ERROR] Invalid numeric value for report_date: 06/2021
[2025-03-21 19:51:21,505 :: EDGAR_DB :: ERROR] msft (6/2021): Invalid data types: report_date=06/2021
[2025-03-21 19:51:21,516 :: EDGAR_DB :: INFO] msft (6/2021): Updated existing record with 25 non-zero financial metrics
[2025-03-21 19:51:21,529 :: EDGAR_DB :: ERROR] Invalid numeric value for report_date: 09/2021
[2025-03-21 19:51:21,529 :: EDGAR_DB :: ERROR] msft (9/2021): Invalid data types: report_date=09/2021
[2025-03-21 19:51:21,541 :: EDGAR_DB :: INFO] msft (9/2021): Updated existing record with 25 non-zero financial metrics
[2025-03-21 19:51:21,556 :: EDGAR_DB :: ERROR] Invalid numeric value for report_date: 12/2021
[2025-03-21 19:51:21,556 :: EDGAR_DB :: ERROR] msft (12/2021): Invalid data types: report_date=12/2021
[2025-03-21 19:51:21,568 :: EDGAR_DB :: INFO] msft (12/2021): Updated existing record with 25 non-zero financial metrics
[2025-03-21 19:51:21,582 :: EDGAR_DB :: ERROR] Invalid numeric value for report_date: 03/2022
[2025-03-21 19:51:21,582 :: EDGAR_DB :: ERROR] msft (3/2022): Invalid data types: report_date=03/2022
[2025-03-21 19:51:21,594 :: EDGAR_DB :: INFO] msft (3/2022): Updated existing record with 25 non-zero financial metrics
[2025-03-21 19:51:21,608 :: EDGAR_DB :: ERROR] Invalid numeric value for report_date: 06/2022
[2025-03-21 19:51:21,608 :: EDGAR_DB :: ERROR] msft (6/2022): Invalid data types: report_date=06/2022
[2025-03-21 19:51:21,620 :: EDGAR_DB :: INFO] msft (6/2022): Updated existing record with 25 non-zero financial metrics
[2025-03-21 19:51:21,633 :: EDGAR_DB :: ERROR] Invalid numeric value for report_date: 09/2022
[2025-03-21 19:51:21,633 :: EDGAR_DB :: ERROR] msft (9/2022): Invalid data types: report_date=09/2022
[2025-03-21 19:51:21,645 :: EDGAR_DB :: INFO] msft (9/2022): Updated existing record with 25 non-zero financial metrics
[2025-03-21 19:51:21,657 :: EDGAR_DB :: ERROR] Invalid numeric value for report_date: 12/2022
[2025-03-21 19:51:21,657 :: EDGAR_DB :: ERROR] msft (12/2022): Invalid data types: report_date=12/2022
[2025-03-21 19:51:21,669 :: EDGAR_DB :: INFO] msft (12/2022): Updated existing record with 25 non-zero financial metrics
[2025-03-21 19:51:21,681 :: EDGAR_DB :: ERROR] Invalid numeric value for report_date: 03/2023
[2025-03-21 19:51:21,681 :: EDGAR_DB :: ERROR] msft (3/2023): Invalid data types: report_date=03/2023
[2025-03-21 19:51:21,693 :: EDGAR_DB :: INFO] msft (3/2023): Updated existing record with 25 non-zero financial metrics
[2025-03-21 19:51:21,706 :: EDGAR_DB :: ERROR] Invalid numeric value for report_date: 06/2023
[2025-03-21 19:51:21,706 :: EDGAR_DB :: ERROR] msft (6/2023): Invalid data types: report_date=06/2023
[2025-03-21 19:51:21,718 :: EDGAR_DB :: INFO] msft (6/2023): Updated existing record with 25 non-zero financial metrics
[2025-03-21 19:51:21,731 :: EDGAR_DB :: ERROR] Invalid numeric value for report_date: 09/2023
[2025-03-21 19:51:21,732 :: EDGAR_DB :: ERROR] msft (9/2023): Invalid data types: report_date=09/2023
[2025-03-21 19:51:21,744 :: EDGAR_DB :: INFO] msft (9/2023): Updated existing record with 25 non-zero financial metrics
[2025-03-21 19:51:21,758 :: EDGAR_DB :: ERROR] Invalid numeric value for report_date: 12/2023
[2025-03-21 19:51:21,758 :: EDGAR_DB :: ERROR] msft (12/2023): Invalid data types: report_date=12/2023
[2025-03-21 19:51:21,770 :: EDGAR_DB :: INFO] msft (12/2023): Updated existing record with 25 non-zero financial metrics
[2025-03-21 19:51:21,784 :: EDGAR_DB :: ERROR] Invalid numeric value for report_date: 03/2024
[2025-03-21 19:51:21,784 :: EDGAR_DB :: ERROR] msft (3/2024): Invalid data types: report_date=03/2024
[2025-03-21 19:51:21,796 :: EDGAR_DB :: INFO] msft (3/2024): Updated existing record with 25 non-zero financial metrics
[2025-03-21 19:51:21,808 :: EDGAR_DB :: ERROR] Invalid numeric value for report_date: 06/2024
[2025-03-21 19:51:21,808 :: EDGAR_DB :: ERROR] msft (6/2024): Invalid data types: report_date=06/2024
[2025-03-21 19:51:21,820 :: EDGAR_DB :: INFO] msft (6/2024): Updated existing record with 25 non-zero financial metrics
[2025-03-21 19:51:21,833 :: EDGAR_DB :: ERROR] Invalid numeric value for report_date: 09/2024
[2025-03-21 19:51:21,833 :: EDGAR_DB :: ERROR] msft (9/2024): Invalid data types: report_date=09/2024
[2025-03-21 19:51:21,845 :: EDGAR_DB :: INFO] msft (9/2024): Updated existing record with 24 non-zero financial metrics
[2025-03-21 19:51:21,858 :: EDGAR_DB :: ERROR] Invalid numeric value for report_date: 12/2024
[2025-03-21 19:51:21,858 :: EDGAR_DB :: ERROR] msft (12/2024): Invalid data types: report_date=12/2024
[2025-03-21 19:51:21,870 :: EDGAR_DB :: INFO] msft (12/2024): Updated existing record with 24 non-zero financial metrics
[2025-03-21 19:52:47,118 :: EDGAR_DB :: ERROR] Invalid numeric value for report_date: 03/2010
[2025-03-21 19:52:47,118 :: EDGAR_DB :: ERROR] unh (3/2010): Invalid data types: report_date=03/2010
[2025-03-21 19:52:47,121 :: EDGAR_DB :: INFO] unh (3/2010): Created new record with 0 non-zero financial metrics
[2025-03-21 19:52:47,133 :: EDGAR_DB :: ERROR] Invalid numeric value for report_date: 06/2010
[2025-03-21 19:52:47,133 :: EDGAR_DB :: ERROR] unh (6/2010): Invalid data types: report_date=06/2010
[2025-03-21 19:52:47,133 :: EDGAR_DB :: INFO] unh (6/2010): Created new record with 0 non-zero financial metrics
[2025-03-21 19:52:47,145 :: EDGAR_DB :: ERROR] Invalid numeric value for report_date: 09/2010
[2025-03-21 19:52:47,145 :: EDGAR_DB :: ERROR] unh (9/2010): Invalid data types: report_date=09/2010
[2025-03-21 19:52:47,146 :: EDGAR_DB :: INFO] unh (9/2010): Created new record with 0 non-zero financial metrics
[2025-03-21 19:52:47,158 :: EDGAR_DB :: ERROR] Invalid numeric value for report_date: 12/2010
[2025-03-21 19:52:47,158 :: EDGAR_DB :: ERROR] unh (12/2010): Invalid data types: report_date=12/2010
[2025-03-21 19:52:47,159 :: EDGAR_DB :: INFO] unh (12/2010): Created new record with 0 non-zero financial metrics
[2025-03-21 19:52:47,172 :: EDGAR_DB :: ERROR] Invalid numeric value for report_date: 03/2011
[2025-03-21 19:52:47,172 :: EDGAR_DB :: ERROR] unh (3/2011): Invalid data types: report_date=03/2011
[2025-03-21 19:52:47,172 :: EDGAR_DB :: INFO] unh (3/2011): Created new record with 0 non-zero financial metrics
[2025-03-21 19:52:47,185 :: EDGAR_DB :: ERROR] Invalid numeric value for report_date: 06/2011
[2025-03-21 19:52:47,185 :: EDGAR_DB :: ERROR] unh (6/2011): Invalid data types: report_date=06/2011
[2025-03-21 19:52:47,185 :: EDGAR_DB :: INFO] unh (6/2011): Created new record with 13 non-zero financial metrics
[2025-03-21 19:52:47,197 :: EDGAR_DB :: ERROR] Invalid numeric value for report_date: 09/2011
[2025-03-21 19:52:47,198 :: EDGAR_DB :: ERROR] unh (9/2011): Invalid data types: report_date=09/2011
[2025-03-21 19:52:47,198 :: EDGAR_DB :: INFO] unh (9/2011): Created new record with 13 non-zero financial metrics
[2025-03-21 19:52:47,210 :: EDGAR_DB :: ERROR] Invalid numeric value for report_date: 12/2011
[2025-03-21 19:52:47,210 :: EDGAR_DB :: ERROR] unh (12/2011): Invalid data types: report_date=12/2011
[2025-03-21 19:52:47,211 :: EDGAR_DB :: INFO] unh (12/2011): Created new record with 18 non-zero financial metrics
[2025-03-21 19:52:47,223 :: EDGAR_DB :: ERROR] Invalid numeric value for report_date: 03/2012
[2025-03-21 19:52:47,223 :: EDGAR_DB :: ERROR] unh (3/2012): Invalid data types: report_date=03/2012
[2025-03-21 19:52:47,223 :: EDGAR_DB :: INFO] unh (3/2012): Created new record with 18 non-zero financial metrics
[2025-03-21 19:52:47,235 :: EDGAR_DB :: ERROR] Invalid numeric value for report_date: 06/2012
[2025-03-21 19:52:47,235 :: EDGAR_DB :: ERROR] unh (6/2012): Invalid data types: report_date=06/2012
[2025-03-21 19:52:47,236 :: EDGAR_DB :: INFO] unh (6/2012): Created new record with 13 non-zero financial metrics
[2025-03-21 19:52:47,248 :: EDGAR_DB :: ERROR] Invalid numeric value for report_date: 09/2012
[2025-03-21 19:52:47,248 :: EDGAR_DB :: ERROR] unh (9/2012): Invalid data types: report_date=09/2012
[2025-03-21 19:52:47,259 :: EDGAR_DB :: INFO] unh (9/2012): Updated existing record with 13 non-zero financial metrics
[2025-03-21 19:52:47,272 :: EDGAR_DB :: ERROR] Invalid numeric value for report_date: 12/2012
[2025-03-21 19:52:47,272 :: EDGAR_DB :: ERROR] unh (12/2012): Invalid data types: report_date=12/2012
[2025-03-21 19:52:47,283 :: EDGAR_DB :: INFO] unh (12/2012): Updated existing record with 18 non-zero financial metrics
[2025-03-21 19:52:47,296 :: EDGAR_DB :: ERROR] Invalid numeric value for report_date: 03/2013
[2025-03-21 19:52:47,296 :: EDGAR_DB :: ERROR] unh (3/2013): Invalid data types: report_date=03/2013
[2025-03-21 19:52:47,307 :: EDGAR_DB :: INFO] unh (3/2013): Updated existing record with 18 non-zero financial metrics
[2025-03-21 19:52:47,322 :: EDGAR_DB :: ERROR] Invalid numeric value for report_date: 06/2013
[2025-03-21 19:52:47,322 :: EDGAR_DB :: ERROR] unh (6/2013): Invalid data types: report_date=06/2013
[2025-03-21 19:52:47,333 :: EDGAR_DB :: INFO] unh (6/2013): Updated existing record with 0 non-zero financial metrics
[2025-03-21 19:52:47,346 :: EDGAR_DB :: ERROR] Invalid numeric value for report_date: 09/2013
[2025-03-21 19:52:47,346 :: EDGAR_DB :: ERROR] unh (9/2013): Invalid data types: report_date=09/2013
[2025-03-21 19:52:47,357 :: EDGAR_DB :: INFO] unh (9/2013): Updated existing record with 13 non-zero financial metrics
[2025-03-21 19:52:47,369 :: EDGAR_DB :: ERROR] Invalid numeric value for report_date: 12/2013
[2025-03-21 19:52:47,370 :: EDGAR_DB :: ERROR] unh (12/2013): Invalid data types: report_date=12/2013
[2025-03-21 19:52:47,381 :: EDGAR_DB :: INFO] unh (12/2013): Updated existing record with 18 non-zero financial metrics
[2025-03-21 19:52:47,394 :: EDGAR_DB :: ERROR] Invalid numeric value for report_date: 03/2014
[2025-03-21 19:52:47,394 :: EDGAR_DB :: ERROR] unh (3/2014): Invalid data types: report_date=03/2014
[2025-03-21 19:52:47,405 :: EDGAR_DB :: INFO] unh (3/2014): Updated existing record with 18 non-zero financial metrics
[2025-03-21 19:52:47,418 :: EDGAR_DB :: ERROR] Invalid numeric value for report_date: 06/2014
[2025-03-21 19:52:47,418 :: EDGAR_DB :: ERROR] unh (6/2014): Invalid data types: report_date=06/2014
[2025-03-21 19:52:47,430 :: EDGAR_DB :: INFO] unh (6/2014): Updated existing record with 13 non-zero financial metrics
[2025-03-21 19:52:47,443 :: EDGAR_DB :: ERROR] Invalid numeric value for report_date: 09/2014
[2025-03-21 19:52:47,443 :: EDGAR_DB :: ERROR] unh (9/2014): Invalid data types: report_date=09/2014
[2025-03-21 19:52:47,454 :: EDGAR_DB :: INFO] unh (9/2014): Updated existing record with 13 non-zero financial metrics
[2025-03-21 19:52:47,467 :: EDGAR_DB :: ERROR] Invalid numeric value for report_date: 12/2014
[2025-03-21 19:52:47,467 :: EDGAR_DB :: ERROR] unh (12/2014): Invalid data types: report_date=12/2014
[2025-03-21 19:52:47,478 :: EDGAR_DB :: INFO] unh (12/2014): Updated existing record with 18 non-zero financial metrics
[2025-03-21 19:52:47,491 :: EDGAR_DB :: ERROR] Invalid numeric value for report_date: 03/2015
[2025-03-21 19:52:47,491 :: EDGAR_DB :: ERROR] unh (3/2015): Invalid data types: report_date=03/2015
[2025-03-21 19:52:47,502 :: EDGAR_DB :: INFO] unh (3/2015): Updated existing record with 18 non-zero financial metrics
[2025-03-21 19:52:47,514 :: EDGAR_DB :: ERROR] Invalid numeric value for report_date: 06/2015
[2025-03-21 19:52:47,514 :: EDGAR_DB :: ERROR] unh (6/2015): Invalid data types: report_date=06/2015
[2025-03-21 19:52:47,525 :: EDGAR_DB :: INFO] unh (6/2015): Updated existing record with 13 non-zero financial metrics
[2025-03-21 19:52:47,538 :: EDGAR_DB :: ERROR] Invalid numeric value for report_date: 09/2015
[2025-03-21 19:52:47,538 :: EDGAR_DB :: ERROR] unh (9/2015): Invalid data types: report_date=09/2015
[2025-03-21 19:52:47,549 :: EDGAR_DB :: INFO] unh (9/2015): Updated existing record with 12 non-zero financial metrics
[2025-03-21 19:52:47,568 :: EDGAR_DB :: ERROR] Invalid numeric value for report_date: 12/2015
[2025-03-21 19:52:47,569 :: EDGAR_DB :: ERROR] unh (12/2015): Invalid data types: report_date=12/2015
[2025-03-21 19:52:47,580 :: EDGAR_DB :: INFO] unh (12/2015): Updated existing record with 17 non-zero financial metrics
[2025-03-21 19:52:47,593 :: EDGAR_DB :: ERROR] Invalid numeric value for report_date: 03/2016
[2025-03-21 19:52:47,593 :: EDGAR_DB :: ERROR] unh (3/2016): Invalid data types: report_date=03/2016
[2025-03-21 19:52:47,606 :: EDGAR_DB :: INFO] unh (3/2016): Updated existing record with 17 non-zero financial metrics
[2025-03-21 19:52:47,621 :: EDGAR_DB :: ERROR] Invalid numeric value for report_date: 06/2016
[2025-03-21 19:52:47,621 :: EDGAR_DB :: ERROR] unh (6/2016): Invalid data types: report_date=06/2016
[2025-03-21 19:52:47,633 :: EDGAR_DB :: INFO] unh (6/2016): Updated existing record with 12 non-zero financial metrics
[2025-03-21 19:52:47,647 :: EDGAR_DB :: ERROR] Invalid numeric value for report_date: 09/2016
[2025-03-21 19:52:47,647 :: EDGAR_DB :: ERROR] unh (9/2016): Invalid data types: report_date=09/2016
[2025-03-21 19:52:47,658 :: EDGAR_DB :: INFO] unh (9/2016): Updated existing record with 12 non-zero financial metrics
[2025-03-21 19:52:47,673 :: EDGAR_DB :: ERROR] Invalid numeric value for report_date: 12/2016
[2025-03-21 19:52:47,673 :: EDGAR_DB :: ERROR] unh (12/2016): Invalid data types: report_date=12/2016
[2025-03-21 19:52:47,685 :: EDGAR_DB :: INFO] unh (12/2016): Updated existing record with 17 non-zero financial metrics
[2025-03-21 19:52:47,698 :: EDGAR_DB :: ERROR] Invalid numeric value for report_date: 03/2017
[2025-03-21 19:52:47,698 :: EDGAR_DB :: ERROR] unh (3/2017): Invalid data types: report_date=03/2017
[2025-03-21 19:52:47,709 :: EDGAR_DB :: INFO] unh (3/2017): Updated existing record with 17 non-zero financial metrics
[2025-03-21 19:52:47,722 :: EDGAR_DB :: ERROR] Invalid numeric value for report_date: 06/2017
[2025-03-21 19:52:47,722 :: EDGAR_DB :: ERROR] unh (6/2017): Invalid data types: report_date=06/2017
[2025-03-21 19:52:47,735 :: EDGAR_DB :: INFO] unh (6/2017): Updated existing record with 12 non-zero financial metrics
[2025-03-21 19:52:47,748 :: EDGAR_DB :: ERROR] Invalid numeric value for report_date: 09/2017
[2025-03-21 19:52:47,749 :: EDGAR_DB :: ERROR] unh (9/2017): Invalid data types: report_date=09/2017
[2025-03-21 19:52:47,760 :: EDGAR_DB :: INFO] unh (9/2017): Updated existing record with 12 non-zero financial metrics
[2025-03-21 19:52:47,772 :: EDGAR_DB :: ERROR] Invalid numeric value for report_date: 12/2017
[2025-03-21 19:52:47,773 :: EDGAR_DB :: ERROR] unh (12/2017): Invalid data types: report_date=12/2017
[2025-03-21 19:52:47,784 :: EDGAR_DB :: INFO] unh (12/2017): Updated existing record with 17 non-zero financial metrics
[2025-03-21 19:52:47,798 :: EDGAR_DB :: ERROR] Invalid numeric value for report_date: 03/2018
[2025-03-21 19:52:47,798 :: EDGAR_DB :: ERROR] unh (3/2018): Invalid data types: report_date=03/2018
[2025-03-21 19:52:47,810 :: EDGAR_DB :: INFO] unh (3/2018): Updated existing record with 17 non-zero financial metrics
[2025-03-21 19:52:47,824 :: EDGAR_DB :: ERROR] Invalid numeric value for report_date: 06/2018
[2025-03-21 19:52:47,824 :: EDGAR_DB :: ERROR] unh (6/2018): Invalid data types: report_date=06/2018
[2025-03-21 19:52:47,836 :: EDGAR_DB :: INFO] unh (6/2018): Updated existing record with 12 non-zero financial metrics
[2025-03-21 19:52:47,849 :: EDGAR_DB :: ERROR] Invalid numeric value for report_date: 09/2018
[2025-03-21 19:52:47,849 :: EDGAR_DB :: ERROR] unh (9/2018): Invalid data types: report_date=09/2018
[2025-03-21 19:52:47,860 :: EDGAR_DB :: INFO] unh (9/2018): Updated existing record with 12 non-zero financial metrics
[2025-03-21 19:52:47,873 :: EDGAR_DB :: ERROR] Invalid numeric value for report_date: 12/2018
[2025-03-21 19:52:47,873 :: EDGAR_DB :: ERROR] unh (12/2018): Invalid data types: report_date=12/2018
[2025-03-21 19:52:47,884 :: EDGAR_DB :: INFO] unh (12/2018): Updated existing record with 17 non-zero financial metrics
[2025-03-21 19:52:47,898 :: EDGAR_DB :: ERROR] Invalid numeric value for report_date: 03/2019
[2025-03-21 19:52:47,898 :: EDGAR_DB :: ERROR] unh (3/2019): Invalid data types: report_date=03/2019
[2025-03-21 19:52:47,909 :: EDGAR_DB :: INFO] unh (3/2019): Updated existing record with 17 non-zero financial metrics
[2025-03-21 19:52:47,922 :: EDGAR_DB :: ERROR] Invalid numeric value for report_date: 06/2019
[2025-03-21 19:52:47,922 :: EDGAR_DB :: ERROR] unh (6/2019): Invalid data types: report_date=06/2019
[2025-03-21 19:52:47,934 :: EDGAR_DB :: INFO] unh (6/2019): Updated existing record with 12 non-zero financial metrics
[2025-03-21 19:52:47,948 :: EDGAR_DB :: ERROR] Invalid numeric value for report_date: 09/2019
[2025-03-21 19:52:47,948 :: EDGAR_DB :: ERROR] unh (9/2019): Invalid data types: report_date=09/2019
[2025-03-21 19:52:47,959 :: EDGAR_DB :: INFO] unh (9/2019): Updated existing record with 12 non-zero financial metrics
[2025-03-21 19:52:47,972 :: EDGAR_DB :: ERROR] Invalid numeric value for report_date: 12/2019
[2025-03-21 19:52:47,972 :: EDGAR_DB :: ERROR] unh (12/2019): Invalid data types: report_date=12/2019
[2025-03-21 19:52:47,983 :: EDGAR_DB :: INFO] unh (12/2019): Updated existing record with 17 non-zero financial metrics
[2025-03-21 19:52:47,998 :: EDGAR_DB :: ERROR] Invalid numeric value for report_date: 03/2020
[2025-03-21 19:52:47,998 :: EDGAR_DB :: ERROR] unh (3/2020): Invalid data types: report_date=03/2020
[2025-03-21 19:52:48,009 :: EDGAR_DB :: INFO] unh (3/2020): Updated existing record with 17 non-zero financial metrics
[2025-03-21 19:52:48,021 :: EDGAR_DB :: ERROR] Invalid numeric value for report_date: 06/2020
[2025-03-21 19:52:48,022 :: EDGAR_DB :: ERROR] unh (6/2020): Invalid data types: report_date=06/2020
[2025-03-21 19:52:48,033 :: EDGAR_DB :: INFO] unh (6/2020): Updated existing record with 12 non-zero financial metrics
[2025-03-21 19:52:48,048 :: EDGAR_DB :: ERROR] Invalid numeric value for report_date: 09/2020
[2025-03-21 19:52:48,048 :: EDGAR_DB :: ERROR] unh (9/2020): Invalid data types: report_date=09/2020
[2025-03-21 19:52:48,059 :: EDGAR_DB :: INFO] unh (9/2020): Updated existing record with 12 non-zero financial metrics
[2025-03-21 19:52:48,072 :: EDGAR_DB :: ERROR] Invalid numeric value for report_date: 12/2020
[2025-03-21 19:52:48,072 :: EDGAR_DB :: ERROR] unh (12/2020): Invalid data types: report_date=12/2020
[2025-03-21 19:52:48,083 :: EDGAR_DB :: INFO] unh (12/2020): Updated existing record with 17 non-zero financial metrics
[2025-03-21 19:52:48,096 :: EDGAR_DB :: ERROR] Invalid numeric value for report_date: 03/2021
[2025-03-21 19:52:48,096 :: EDGAR_DB :: ERROR] unh (3/2021): Invalid data types: report_date=03/2021
[2025-03-21 19:52:48,108 :: EDGAR_DB :: INFO] unh (3/2021): Updated existing record with 17 non-zero financial metrics
[2025-03-21 19:52:48,120 :: EDGAR_DB :: ERROR] Invalid numeric value for report_date: 06/2021
[2025-03-21 19:52:48,120 :: EDGAR_DB :: ERROR] unh (6/2021): Invalid data types: report_date=06/2021
[2025-03-21 19:52:48,132 :: EDGAR_DB :: INFO] unh (6/2021): Updated existing record with 12 non-zero financial metrics
[2025-03-21 19:52:48,147 :: EDGAR_DB :: ERROR] Invalid numeric value for report_date: 09/2021
[2025-03-21 19:52:48,147 :: EDGAR_DB :: ERROR] unh (9/2021): Invalid data types: report_date=09/2021
[2025-03-21 19:52:48,158 :: EDGAR_DB :: INFO] unh (9/2021): Updated existing record with 12 non-zero financial metrics
[2025-03-21 19:52:48,170 :: EDGAR_DB :: ERROR] Invalid numeric value for report_date: 12/2021
[2025-03-21 19:52:48,171 :: EDGAR_DB :: ERROR] unh (12/2021): Invalid data types: report_date=12/2021
[2025-03-21 19:52:48,183 :: EDGAR_DB :: INFO] unh (12/2021): Updated existing record with 17 non-zero financial metrics
[2025-03-21 19:52:48,200 :: EDGAR_DB :: ERROR] Invalid numeric value for report_date: 03/2022
[2025-03-21 19:52:48,201 :: EDGAR_DB :: ERROR] unh (3/2022): Invalid data types: report_date=03/2022
[2025-03-21 19:52:48,212 :: EDGAR_DB :: INFO] unh (3/2022): Updated existing record with 17 non-zero financial metrics
[2025-03-21 19:52:48,226 :: EDGAR_DB :: ERROR] Invalid numeric value for report_date: 06/2022
[2025-03-21 19:52:48,226 :: EDGAR_DB :: ERROR] unh (6/2022): Invalid data types: report_date=06/2022
[2025-03-21 19:52:48,237 :: EDGAR_DB :: INFO] unh (6/2022): Updated existing record with 12 non-zero financial metrics
[2025-03-21 19:52:48,250 :: EDGAR_DB :: ERROR] Invalid numeric value for report_date: 09/2022
[2025-03-21 19:52:48,250 :: EDGAR_DB :: ERROR] unh (9/2022): Invalid data types: report_date=09/2022
[2025-03-21 19:52:48,261 :: EDGAR_DB :: INFO] unh (9/2022): Updated existing record with 12 non-zero financial metrics
[2025-03-21 19:52:48,274 :: EDGAR_DB :: ERROR] Invalid numeric value for report_date: 12/2022
[2025-03-21 19:52:48,274 :: EDGAR_DB :: ERROR] unh (12/2022): Invalid data types: report_date=12/2022
[2025-03-21 19:52:48,285 :: EDGAR_DB :: INFO] unh (12/2022): Updated existing record with 18 non-zero financial metrics
[2025-03-21 19:52:48,298 :: EDGAR_DB :: ERROR] Invalid numeric value for report_date: 03/2023
[2025-03-21 19:52:48,298 :: EDGAR_DB :: ERROR] unh (3/2023): Invalid data types: report_date=03/2023
[2025-03-21 19:52:48,309 :: EDGAR_DB :: INFO] unh (3/2023): Updated existing record with 17 non-zero financial metrics
[2025-03-21 19:52:48,321 :: EDGAR_DB :: ERROR] Invalid numeric value for report_date: 06/2023
[2025-03-21 19:52:48,322 :: EDGAR_DB :: ERROR] unh (6/2023): Invalid data types: report_date=06/2023
[2025-03-21 19:52:48,333 :: EDGAR_DB :: INFO] unh (6/2023): Updated existing record with 12 non-zero financial metrics
[2025-03-21 19:52:48,345 :: EDGAR_DB :: ERROR] Invalid numeric value for report_date: 09/2023
[2025-03-21 19:52:48,345 :: EDGAR_DB :: ERROR] unh (9/2023): Invalid data types: report_date=09/2023
[2025-03-21 19:52:48,356 :: EDGAR_DB :: INFO] unh (9/2023): Updated existing record with 12 non-zero financial metrics
[2025-03-21 19:52:48,368 :: EDGAR_DB :: ERROR] Invalid numeric value for report_date: 12/2023
[2025-03-21 19:52:48,368 :: EDGAR_DB :: ERROR] unh (12/2023): Invalid data types: report_date=12/2023
[2025-03-21 19:52:48,380 :: EDGAR_DB :: INFO] unh (12/2023): Updated existing record with 18 non-zero financial metrics
[2025-03-21 19:52:48,392 :: EDGAR_DB :: ERROR] Invalid numeric value for report_date: 03/2024
[2025-03-21 19:52:48,392 :: EDGAR_DB :: ERROR] unh (3/2024): Invalid data types: report_date=03/2024
[2025-03-21 19:52:48,404 :: EDGAR_DB :: INFO] unh (3/2024): Updated existing record with 17 non-zero financial metrics
[2025-03-21 19:52:48,417 :: EDGAR_DB :: ERROR] Invalid numeric value for report_date: 06/2024
[2025-03-21 19:52:48,417 :: EDGAR_DB :: ERROR] unh (6/2024): Invalid data types: report_date=06/2024
[2025-03-21 19:52:48,428 :: EDGAR_DB :: INFO] unh (6/2024): Updated existing record with 12 non-zero financial metrics
[2025-03-21 19:52:48,441 :: EDGAR_DB :: ERROR] Invalid numeric value for report_date: 09/2024
[2025-03-21 19:52:48,441 :: EDGAR_DB :: ERROR] unh (9/2024): Invalid data types: report_date=09/2024
[2025-03-21 19:52:48,453 :: EDGAR_DB :: INFO] unh (9/2024): Updated existing record with 12 non-zero financial metrics
[2025-03-21 19:52:48,465 :: EDGAR_DB :: ERROR] Invalid numeric value for report_date: 12/2024
[2025-03-21 19:52:48,465 :: EDGAR_DB :: ERROR] unh (12/2024): Invalid data types: report_date=12/2024
[2025-03-21 19:52:48,477 :: EDGAR_DB :: INFO] unh (12/2024): Updated existing record with 18 non-zero financial metrics
[2025-03-21 19:54:26,059 :: EDGAR_DB :: ERROR] Invalid numeric value for report_date: 04/2010
[2025-03-21 19:54:26,059 :: EDGAR_DB :: ERROR] jnj (4/2010): Invalid data types: report_date=04/2010
[2025-03-21 19:54:26,061 :: EDGAR_DB :: INFO] jnj (4/2010): Created new record with 17 non-zero financial metrics
[2025-03-21 19:54:26,074 :: EDGAR_DB :: ERROR] Invalid numeric value for report_date: 07/2010
[2025-03-21 19:54:26,074 :: EDGAR_DB :: ERROR] jnj (7/2010): Invalid data types: report_date=07/2010
[2025-03-21 19:54:26,075 :: EDGAR_DB :: INFO] jnj (7/2010): Created new record with 12 non-zero financial metrics
[2025-03-21 19:54:26,087 :: EDGAR_DB :: ERROR] Invalid numeric value for report_date: 10/2010
[2025-03-21 19:54:26,087 :: EDGAR_DB :: ERROR] jnj (10/2010): Invalid data types: report_date=10/2010
[2025-03-21 19:54:26,088 :: EDGAR_DB :: INFO] jnj (10/2010): Created new record with 12 non-zero financial metrics
[2025-03-21 19:54:26,100 :: EDGAR_DB :: ERROR] Invalid numeric value for report_date: 01/2011
[2025-03-21 19:54:26,100 :: EDGAR_DB :: ERROR] jnj (1/2011): Invalid data types: report_date=01/2011
[2025-03-21 19:54:26,101 :: EDGAR_DB :: INFO] jnj (1/2011): Created new record with 18 non-zero financial metrics
[2025-03-21 19:54:26,113 :: EDGAR_DB :: ERROR] Invalid numeric value for report_date: 04/2011
[2025-03-21 19:54:26,113 :: EDGAR_DB :: ERROR] jnj (4/2011): Invalid data types: report_date=04/2011
[2025-03-21 19:54:26,114 :: EDGAR_DB :: INFO] jnj (4/2011): Created new record with 17 non-zero financial metrics
[2025-03-21 19:54:26,127 :: EDGAR_DB :: ERROR] Invalid numeric value for report_date: 07/2011
[2025-03-21 19:54:26,127 :: EDGAR_DB :: ERROR] jnj (7/2011): Invalid data types: report_date=07/2011
[2025-03-21 19:54:26,128 :: EDGAR_DB :: INFO] jnj (7/2011): Created new record with 13 non-zero financial metrics
[2025-03-21 19:54:26,140 :: EDGAR_DB :: ERROR] Invalid numeric value for report_date: 10/2011
[2025-03-21 19:54:26,140 :: EDGAR_DB :: ERROR] jnj (10/2011): Invalid data types: report_date=10/2011
[2025-03-21 19:54:26,141 :: EDGAR_DB :: INFO] jnj (10/2011): Created new record with 13 non-zero financial metrics
[2025-03-21 19:54:26,154 :: EDGAR_DB :: ERROR] Invalid numeric value for report_date: 01/2012
[2025-03-21 19:54:26,154 :: EDGAR_DB :: ERROR] jnj (1/2012): Invalid data types: report_date=01/2012
[2025-03-21 19:54:26,155 :: EDGAR_DB :: INFO] jnj (1/2012): Created new record with 18 non-zero financial metrics
[2025-03-21 19:54:26,168 :: EDGAR_DB :: ERROR] Invalid numeric value for report_date: 04/2012
[2025-03-21 19:54:26,168 :: EDGAR_DB :: ERROR] jnj (4/2012): Invalid data types: report_date=04/2012
[2025-03-21 19:54:26,169 :: EDGAR_DB :: INFO] jnj (4/2012): Created new record with 18 non-zero financial metrics
[2025-03-21 19:54:26,183 :: EDGAR_DB :: ERROR] Invalid numeric value for report_date: 07/2012
[2025-03-21 19:54:26,184 :: EDGAR_DB :: ERROR] jnj (7/2012): Invalid data types: report_date=07/2012
[2025-03-21 19:54:26,184 :: EDGAR_DB :: INFO] jnj (7/2012): Created new record with 13 non-zero financial metrics
[2025-03-21 19:54:26,199 :: EDGAR_DB :: ERROR] Invalid numeric value for report_date: 09/2012
[2025-03-21 19:54:26,199 :: EDGAR_DB :: ERROR] jnj (9/2012): Invalid data types: report_date=09/2012
[2025-03-21 19:54:26,211 :: EDGAR_DB :: INFO] jnj (9/2012): Updated existing record with 13 non-zero financial metrics
[2025-03-21 19:54:26,223 :: EDGAR_DB :: ERROR] Invalid numeric value for report_date: 12/2012
[2025-03-21 19:54:26,223 :: EDGAR_DB :: ERROR] jnj (12/2012): Invalid data types: report_date=12/2012
[2025-03-21 19:54:26,236 :: EDGAR_DB :: INFO] jnj (12/2012): Updated existing record with 18 non-zero financial metrics
[2025-03-21 19:54:26,250 :: EDGAR_DB :: ERROR] Invalid numeric value for report_date: 03/2013
[2025-03-21 19:54:26,251 :: EDGAR_DB :: WARNING] jnj (3/2013): Found zero values for fields: Share Repurchases
[2025-03-21 19:54:26,251 :: EDGAR_DB :: ERROR] jnj (3/2013): Invalid data types: report_date=03/2013
[2025-03-21 19:54:26,262 :: EDGAR_DB :: INFO] jnj (3/2013): Updated existing record with 17 non-zero financial metrics
[2025-03-21 19:54:26,275 :: EDGAR_DB :: ERROR] Invalid numeric value for report_date: 06/2013
[2025-03-21 19:54:26,275 :: EDGAR_DB :: ERROR] jnj (6/2013): Invalid data types: report_date=06/2013
[2025-03-21 19:54:26,287 :: EDGAR_DB :: INFO] jnj (6/2013): Updated existing record with 14 non-zero financial metrics
[2025-03-21 19:54:26,303 :: EDGAR_DB :: ERROR] Invalid numeric value for report_date: 09/2013
[2025-03-21 19:54:26,303 :: EDGAR_DB :: ERROR] jnj (9/2013): Invalid data types: report_date=09/2013
[2025-03-21 19:54:26,315 :: EDGAR_DB :: INFO] jnj (9/2013): Updated existing record with 14 non-zero financial metrics
[2025-03-21 19:54:26,329 :: EDGAR_DB :: ERROR] Invalid numeric value for report_date: 12/2013
[2025-03-21 19:54:26,329 :: EDGAR_DB :: ERROR] jnj (12/2013): Invalid data types: report_date=12/2013
[2025-03-21 19:54:26,341 :: EDGAR_DB :: INFO] jnj (12/2013): Updated existing record with 18 non-zero financial metrics
[2025-03-21 19:54:26,355 :: EDGAR_DB :: ERROR] Invalid numeric value for report_date: 03/2014
[2025-03-21 19:54:26,355 :: EDGAR_DB :: ERROR] jnj (3/2014): Invalid data types: report_date=03/2014
[2025-03-21 19:54:26,368 :: EDGAR_DB :: INFO] jnj (3/2014): Updated existing record with 19 non-zero financial metrics
[2025-03-21 19:54:26,381 :: EDGAR_DB :: ERROR] Invalid numeric value for report_date: 06/2014
[2025-03-21 19:54:26,381 :: EDGAR_DB :: ERROR] jnj (6/2014): Invalid data types: report_date=06/2014
[2025-03-21 19:54:26,394 :: EDGAR_DB :: INFO] jnj (6/2014): Updated existing record with 14 non-zero financial metrics
[2025-03-21 19:54:26,406 :: EDGAR_DB :: ERROR] Invalid numeric value for report_date: 09/2014
[2025-03-21 19:54:26,406 :: EDGAR_DB :: ERROR] jnj (9/2014): Invalid data types: report_date=09/2014
[2025-03-21 19:54:26,418 :: EDGAR_DB :: INFO] jnj (9/2014): Updated existing record with 14 non-zero financial metrics
[2025-03-21 19:54:26,431 :: EDGAR_DB :: ERROR] Invalid numeric value for report_date: 12/2014
[2025-03-21 19:54:26,431 :: EDGAR_DB :: ERROR] jnj (12/2014): Invalid data types: report_date=12/2014
[2025-03-21 19:54:26,443 :: EDGAR_DB :: INFO] jnj (12/2014): Updated existing record with 18 non-zero financial metrics
[2025-03-21 19:54:26,456 :: EDGAR_DB :: ERROR] Invalid numeric value for report_date: 03/2015
[2025-03-21 19:54:26,456 :: EDGAR_DB :: ERROR] jnj (3/2015): Invalid data types: report_date=03/2015
[2025-03-21 19:54:26,468 :: EDGAR_DB :: INFO] jnj (3/2015): Updated existing record with 18 non-zero financial metrics
[2025-03-21 19:54:26,483 :: EDGAR_DB :: ERROR] Invalid numeric value for report_date: 06/2015
[2025-03-21 19:54:26,483 :: EDGAR_DB :: ERROR] jnj (6/2015): Invalid data types: report_date=06/2015
[2025-03-21 19:54:26,494 :: EDGAR_DB :: INFO] jnj (6/2015): Updated existing record with 12 non-zero financial metrics
[2025-03-21 19:54:26,508 :: EDGAR_DB :: ERROR] Invalid numeric value for report_date: 09/2015
[2025-03-21 19:54:26,508 :: EDGAR_DB :: ERROR] jnj (9/2015): Invalid data types: report_date=09/2015
[2025-03-21 19:54:26,522 :: EDGAR_DB :: INFO] jnj (9/2015): Updated existing record with 12 non-zero financial metrics
[2025-03-21 19:54:26,535 :: EDGAR_DB :: ERROR] Invalid numeric value for report_date: 01/2016
[2025-03-21 19:54:26,535 :: EDGAR_DB :: ERROR] jnj (1/2016): Invalid data types: report_date=01/2016
[2025-03-21 19:54:26,535 :: EDGAR_DB :: INFO] jnj (1/2016): Created new record with 17 non-zero financial metrics
[2025-03-21 19:54:26,548 :: EDGAR_DB :: ERROR] Invalid numeric value for report_date: 04/2016
[2025-03-21 19:54:26,548 :: EDGAR_DB :: ERROR] jnj (4/2016): Invalid data types: report_date=04/2016
[2025-03-21 19:54:26,548 :: EDGAR_DB :: INFO] jnj (4/2016): Created new record with 17 non-zero financial metrics
[2025-03-21 19:54:26,561 :: EDGAR_DB :: ERROR] Invalid numeric value for report_date: 07/2016
[2025-03-21 19:54:26,561 :: EDGAR_DB :: ERROR] jnj (7/2016): Invalid data types: report_date=07/2016
[2025-03-21 19:54:26,561 :: EDGAR_DB :: INFO] jnj (7/2016): Created new record with 12 non-zero financial metrics
[2025-03-21 19:54:26,574 :: EDGAR_DB :: ERROR] Invalid numeric value for report_date: 10/2016
[2025-03-21 19:54:26,574 :: EDGAR_DB :: ERROR] jnj (10/2016): Invalid data types: report_date=10/2016
[2025-03-21 19:54:26,575 :: EDGAR_DB :: INFO] jnj (10/2016): Created new record with 12 non-zero financial metrics
[2025-03-21 19:54:26,588 :: EDGAR_DB :: ERROR] Invalid numeric value for report_date: 01/2017
[2025-03-21 19:54:26,588 :: EDGAR_DB :: ERROR] jnj (1/2017): Invalid data types: report_date=01/2017
[2025-03-21 19:54:26,589 :: EDGAR_DB :: INFO] jnj (1/2017): Created new record with 17 non-zero financial metrics
[2025-03-21 19:54:26,601 :: EDGAR_DB :: ERROR] Invalid numeric value for report_date: 04/2017
[2025-03-21 19:54:26,601 :: EDGAR_DB :: ERROR] jnj (4/2017): Invalid data types: report_date=04/2017
[2025-03-21 19:54:26,601 :: EDGAR_DB :: INFO] jnj (4/2017): Created new record with 17 non-zero financial metrics
[2025-03-21 19:54:26,615 :: EDGAR_DB :: ERROR] Invalid numeric value for report_date: 07/2017
[2025-03-21 19:54:26,615 :: EDGAR_DB :: ERROR] jnj (7/2017): Invalid data types: report_date=07/2017
[2025-03-21 19:54:26,616 :: EDGAR_DB :: INFO] jnj (7/2017): Created new record with 12 non-zero financial metrics
[2025-03-21 19:54:26,629 :: EDGAR_DB :: ERROR] Invalid numeric value for report_date: 10/2017
[2025-03-21 19:54:26,629 :: EDGAR_DB :: ERROR] jnj (10/2017): Invalid data types: report_date=10/2017
[2025-03-21 19:54:26,630 :: EDGAR_DB :: INFO] jnj (10/2017): Created new record with 12 non-zero financial metrics
[2025-03-21 19:54:26,642 :: EDGAR_DB :: ERROR] Invalid numeric value for report_date: 12/2017
[2025-03-21 19:54:26,642 :: EDGAR_DB :: ERROR] jnj (12/2017): Invalid data types: report_date=12/2017
[2025-03-21 19:54:26,654 :: EDGAR_DB :: INFO] jnj (12/2017): Updated existing record with 17 non-zero financial metrics
[2025-03-21 19:54:26,667 :: EDGAR_DB :: ERROR] Invalid numeric value for report_date: 04/2018
[2025-03-21 19:54:26,667 :: EDGAR_DB :: ERROR] jnj (4/2018): Invalid data types: report_date=04/2018
[2025-03-21 19:54:26,668 :: EDGAR_DB :: INFO] jnj (4/2018): Created new record with 17 non-zero financial metrics
[2025-03-21 19:54:26,680 :: EDGAR_DB :: ERROR] Invalid numeric value for report_date: 07/2018
[2025-03-21 19:54:26,681 :: EDGAR_DB :: ERROR] jnj (7/2018): Invalid data types: report_date=07/2018
[2025-03-21 19:54:26,682 :: EDGAR_DB :: INFO] jnj (7/2018): Created new record with 12 non-zero financial metrics
[2025-03-21 19:54:26,730 :: EDGAR_DB :: ERROR] Invalid numeric value for report_date: 09/2018
[2025-03-21 19:54:26,731 :: EDGAR_DB :: ERROR] jnj (9/2018): Invalid data types: report_date=09/2018
[2025-03-21 19:54:26,756 :: EDGAR_DB :: INFO] jnj (9/2018): Updated existing record with 13 non-zero financial metrics
[2025-03-21 19:54:26,773 :: EDGAR_DB :: ERROR] Invalid numeric value for report_date: 12/2018
[2025-03-21 19:54:26,773 :: EDGAR_DB :: ERROR] jnj (12/2018): Invalid data types: report_date=12/2018
[2025-03-21 19:54:26,785 :: EDGAR_DB :: INFO] jnj (12/2018): Updated existing record with 18 non-zero financial metrics
[2025-03-21 19:54:26,802 :: EDGAR_DB :: ERROR] Invalid numeric value for report_date: 03/2019
[2025-03-21 19:54:26,803 :: EDGAR_DB :: ERROR] jnj (3/2019): Invalid data types: report_date=03/2019
[2025-03-21 19:54:26,816 :: EDGAR_DB :: INFO] jnj (3/2019): Updated existing record with 18 non-zero financial metrics
[2025-03-21 19:54:26,834 :: EDGAR_DB :: ERROR] Invalid numeric value for report_date: 06/2019
[2025-03-21 19:54:26,834 :: EDGAR_DB :: ERROR] jnj (6/2019): Invalid data types: report_date=06/2019
[2025-03-21 19:54:26,846 :: EDGAR_DB :: INFO] jnj (6/2019): Updated existing record with 13 non-zero financial metrics
[2025-03-21 19:54:26,864 :: EDGAR_DB :: ERROR] Invalid numeric value for report_date: 09/2019
[2025-03-21 19:54:26,864 :: EDGAR_DB :: ERROR] jnj (9/2019): Invalid data types: report_date=09/2019
[2025-03-21 19:54:26,876 :: EDGAR_DB :: INFO] jnj (9/2019): Updated existing record with 13 non-zero financial metrics
[2025-03-21 19:54:26,897 :: EDGAR_DB :: ERROR] Invalid numeric value for report_date: 12/2019
[2025-03-21 19:54:26,897 :: EDGAR_DB :: ERROR] jnj (12/2019): Invalid data types: report_date=12/2019
[2025-03-21 19:54:26,909 :: EDGAR_DB :: INFO] jnj (12/2019): Updated existing record with 18 non-zero financial metrics
[2025-03-21 19:54:26,928 :: EDGAR_DB :: ERROR] Invalid numeric value for report_date: 03/2020
[2025-03-21 19:54:26,928 :: EDGAR_DB :: ERROR] jnj (3/2020): Invalid data types: report_date=03/2020
[2025-03-21 19:54:26,941 :: EDGAR_DB :: INFO] jnj (3/2020): Updated existing record with 18 non-zero financial metrics
[2025-03-21 19:54:26,961 :: EDGAR_DB :: ERROR] Invalid numeric value for report_date: 06/2020
[2025-03-21 19:54:26,961 :: EDGAR_DB :: ERROR] jnj (6/2020): Invalid data types: report_date=06/2020
[2025-03-21 19:54:26,973 :: EDGAR_DB :: INFO] jnj (6/2020): Updated existing record with 13 non-zero financial metrics
[2025-03-21 19:54:26,991 :: EDGAR_DB :: ERROR] Invalid numeric value for report_date: 09/2020
[2025-03-21 19:54:26,991 :: EDGAR_DB :: ERROR] jnj (9/2020): Invalid data types: report_date=09/2020
[2025-03-21 19:54:27,003 :: EDGAR_DB :: INFO] jnj (9/2020): Updated existing record with 13 non-zero financial metrics
[2025-03-21 19:54:27,019 :: EDGAR_DB :: ERROR] Invalid numeric value for report_date: 01/2021
[2025-03-21 19:54:27,020 :: EDGAR_DB :: ERROR] jnj (1/2021): Invalid data types: report_date=01/2021
[2025-03-21 19:54:27,020 :: EDGAR_DB :: INFO] jnj (1/2021): Created new record with 18 non-zero financial metrics
[2025-03-21 19:54:27,039 :: EDGAR_DB :: ERROR] Invalid numeric value for report_date: 04/2021
[2025-03-21 19:54:27,039 :: EDGAR_DB :: ERROR] jnj (4/2021): Invalid data types: report_date=04/2021
[2025-03-21 19:54:27,039 :: EDGAR_DB :: INFO] jnj (4/2021): Created new record with 18 non-zero financial metrics
[2025-03-21 19:54:27,053 :: EDGAR_DB :: ERROR] Invalid numeric value for report_date: 07/2021
[2025-03-21 19:54:27,054 :: EDGAR_DB :: ERROR] jnj (7/2021): Invalid data types: report_date=07/2021
[2025-03-21 19:54:27,054 :: EDGAR_DB :: INFO] jnj (7/2021): Created new record with 13 non-zero financial metrics
[2025-03-21 19:54:27,071 :: EDGAR_DB :: ERROR] Invalid numeric value for report_date: 10/2021
[2025-03-21 19:54:27,071 :: EDGAR_DB :: ERROR] jnj (10/2021): Invalid data types: report_date=10/2021
[2025-03-21 19:54:27,071 :: EDGAR_DB :: INFO] jnj (10/2021): Created new record with 13 non-zero financial metrics
[2025-03-21 19:54:27,090 :: EDGAR_DB :: ERROR] Invalid numeric value for report_date: 01/2022
[2025-03-21 19:54:27,090 :: EDGAR_DB :: ERROR] jnj (1/2022): Invalid data types: report_date=01/2022
[2025-03-21 19:54:27,090 :: EDGAR_DB :: INFO] jnj (1/2022): Created new record with 19 non-zero financial metrics
[2025-03-21 19:54:27,104 :: EDGAR_DB :: ERROR] Invalid numeric value for report_date: 04/2022
[2025-03-21 19:54:27,104 :: EDGAR_DB :: ERROR] jnj (4/2022): Invalid data types: report_date=04/2022
[2025-03-21 19:54:27,104 :: EDGAR_DB :: INFO] jnj (4/2022): Created new record with 18 non-zero financial metrics
[2025-03-21 19:54:27,188 :: EDGAR_DB :: ERROR] Invalid numeric value for report_date: 07/2022
[2025-03-21 19:54:27,188 :: EDGAR_DB :: ERROR] jnj (7/2022): Invalid data types: report_date=07/2022
[2025-03-21 19:54:27,189 :: EDGAR_DB :: INFO] jnj (7/2022): Created new record with 13 non-zero financial metrics
[2025-03-21 19:54:27,205 :: EDGAR_DB :: ERROR] Invalid numeric value for report_date: 10/2022
[2025-03-21 19:54:27,205 :: EDGAR_DB :: ERROR] jnj (10/2022): Invalid data types: report_date=10/2022
[2025-03-21 19:54:27,208 :: EDGAR_DB :: INFO] jnj (10/2022): Created new record with 13 non-zero financial metrics
[2025-03-21 19:54:27,285 :: EDGAR_DB :: ERROR] Invalid numeric value for report_date: 01/2023
[2025-03-21 19:54:27,285 :: EDGAR_DB :: ERROR] jnj (1/2023): Invalid data types: report_date=01/2023
[2025-03-21 19:54:27,287 :: EDGAR_DB :: INFO] jnj (1/2023): Created new record with 19 non-zero financial metrics
[2025-03-21 19:54:27,328 :: EDGAR_DB :: ERROR] Invalid numeric value for report_date: 04/2023
[2025-03-21 19:54:27,328 :: EDGAR_DB :: ERROR] jnj (4/2023): Invalid data types: report_date=04/2023
[2025-03-21 19:54:27,328 :: EDGAR_DB :: INFO] jnj (4/2023): Created new record with 18 non-zero financial metrics
[2025-03-21 19:54:27,342 :: EDGAR_DB :: ERROR] Invalid numeric value for report_date: 07/2023
[2025-03-21 19:54:27,342 :: EDGAR_DB :: ERROR] jnj (7/2023): Invalid data types: report_date=07/2023
[2025-03-21 19:54:27,343 :: EDGAR_DB :: INFO] jnj (7/2023): Created new record with 14 non-zero financial metrics
[2025-03-21 19:54:27,355 :: EDGAR_DB :: ERROR] Invalid numeric value for report_date: 10/2023
[2025-03-21 19:54:27,356 :: EDGAR_DB :: ERROR] jnj (10/2023): Invalid data types: report_date=10/2023
[2025-03-21 19:54:27,356 :: EDGAR_DB :: INFO] jnj (10/2023): Created new record with 14 non-zero financial metrics
[2025-03-21 19:54:27,369 :: EDGAR_DB :: ERROR] Invalid numeric value for report_date: 12/2023
[2025-03-21 19:54:27,369 :: EDGAR_DB :: ERROR] jnj (12/2023): Invalid data types: report_date=12/2023
[2025-03-21 19:54:27,381 :: EDGAR_DB :: INFO] jnj (12/2023): Updated existing record with 20 non-zero financial metrics
[2025-03-21 19:54:27,395 :: EDGAR_DB :: ERROR] Invalid numeric value for report_date: 03/2024
[2025-03-21 19:54:27,395 :: EDGAR_DB :: ERROR] jnj (3/2024): Invalid data types: report_date=03/2024
[2025-03-21 19:54:27,408 :: EDGAR_DB :: INFO] jnj (3/2024): Updated existing record with 19 non-zero financial metrics
[2025-03-21 19:54:27,423 :: EDGAR_DB :: ERROR] Invalid numeric value for report_date: 06/2024
[2025-03-21 19:54:27,423 :: EDGAR_DB :: ERROR] jnj (6/2024): Invalid data types: report_date=06/2024
[2025-03-21 19:54:27,435 :: EDGAR_DB :: INFO] jnj (6/2024): Updated existing record with 13 non-zero financial metrics
[2025-03-21 19:54:27,449 :: EDGAR_DB :: ERROR] Invalid numeric value for report_date: 09/2024
[2025-03-21 19:54:27,449 :: EDGAR_DB :: ERROR] jnj (9/2024): Invalid data types: report_date=09/2024
[2025-03-21 19:54:27,461 :: EDGAR_DB :: INFO] jnj (9/2024): Updated existing record with 13 non-zero financial metrics
[2025-03-21 19:54:27,475 :: EDGAR_DB :: ERROR] Invalid numeric value for report_date: 12/2024
[2025-03-21 19:54:27,475 :: EDGAR_DB :: ERROR] jnj (12/2024): Invalid data types: report_date=12/2024
[2025-03-21 19:54:27,487 :: EDGAR_DB :: INFO] jnj (12/2024): Updated existing record with 19 non-zero financial metrics
[2025-03-21 19:55:40,517 :: EDGAR_DB :: ERROR] Invalid numeric value for report_date: 03/2010
[2025-03-21 19:55:40,517 :: EDGAR_DB :: ERROR] v (3/2010): Invalid data types: report_date=03/2010
[2025-03-21 19:55:40,517 :: EDGAR_DB :: INFO] v (3/2010): Created new record with 0 non-zero financial metrics
[2025-03-21 19:55:40,531 :: EDGAR_DB :: ERROR] Invalid numeric value for report_date: 06/2010
[2025-03-21 19:55:40,531 :: EDGAR_DB :: ERROR] v (6/2010): Invalid data types: report_date=06/2010
[2025-03-21 19:55:40,531 :: EDGAR_DB :: INFO] v (6/2010): Created new record with 0 non-zero financial metrics
[2025-03-21 19:55:40,543 :: EDGAR_DB :: ERROR] Invalid numeric value for report_date: 09/2010
[2025-03-21 19:55:40,543 :: EDGAR_DB :: ERROR] v (9/2010): Invalid data types: report_date=09/2010
[2025-03-21 19:55:40,544 :: EDGAR_DB :: INFO] v (9/2010): Created new record with 0 non-zero financial metrics
[2025-03-21 19:55:40,556 :: EDGAR_DB :: ERROR] Invalid numeric value for report_date: 12/2010
[2025-03-21 19:55:40,556 :: EDGAR_DB :: ERROR] v (12/2010): Invalid data types: report_date=12/2010
[2025-03-21 19:55:40,556 :: EDGAR_DB :: INFO] v (12/2010): Created new record with 0 non-zero financial metrics
[2025-03-21 19:55:40,568 :: EDGAR_DB :: ERROR] Invalid numeric value for report_date: 03/2011
[2025-03-21 19:55:40,569 :: EDGAR_DB :: ERROR] v (3/2011): Invalid data types: report_date=03/2011
[2025-03-21 19:55:40,569 :: EDGAR_DB :: INFO] v (3/2011): Created new record with 0 non-zero financial metrics
[2025-03-21 19:55:40,581 :: EDGAR_DB :: ERROR] Invalid numeric value for report_date: 06/2011
[2025-03-21 19:55:40,581 :: EDGAR_DB :: ERROR] v (6/2011): Invalid data types: report_date=06/2011
[2025-03-21 19:55:40,582 :: EDGAR_DB :: INFO] v (6/2011): Created new record with 11 non-zero financial metrics
[2025-03-21 19:55:40,595 :: EDGAR_DB :: ERROR] Invalid numeric value for report_date: 09/2011
[2025-03-21 19:55:40,595 :: EDGAR_DB :: ERROR] v (9/2011): Invalid data types: report_date=09/2011
[2025-03-21 19:55:40,595 :: EDGAR_DB :: INFO] v (9/2011): Created new record with 16 non-zero financial metrics
[2025-03-21 19:55:40,608 :: EDGAR_DB :: ERROR] Invalid numeric value for report_date: 12/2011
[2025-03-21 19:55:40,608 :: EDGAR_DB :: ERROR] v (12/2011): Invalid data types: report_date=12/2011
[2025-03-21 19:55:40,608 :: EDGAR_DB :: INFO] v (12/2011): Created new record with 14 non-zero financial metrics
[2025-03-21 19:55:40,620 :: EDGAR_DB :: ERROR] Invalid numeric value for report_date: 03/2012
[2025-03-21 19:55:40,620 :: EDGAR_DB :: ERROR] v (3/2012): Invalid data types: report_date=03/2012
[2025-03-21 19:55:40,621 :: EDGAR_DB :: INFO] v (3/2012): Created new record with 10 non-zero financial metrics
[2025-03-21 19:55:40,633 :: EDGAR_DB :: ERROR] Invalid numeric value for report_date: 06/2012
[2025-03-21 19:55:40,633 :: EDGAR_DB :: ERROR] v (6/2012): Invalid data types: report_date=06/2012
[2025-03-21 19:55:40,634 :: EDGAR_DB :: INFO] v (6/2012): Created new record with 10 non-zero financial metrics
[2025-03-21 19:55:40,646 :: EDGAR_DB :: ERROR] Invalid numeric value for report_date: 09/2012
[2025-03-21 19:55:40,646 :: EDGAR_DB :: ERROR] v (9/2012): Invalid data types: report_date=09/2012
[2025-03-21 19:55:40,657 :: EDGAR_DB :: INFO] v (9/2012): Updated existing record with 16 non-zero financial metrics
[2025-03-21 19:55:40,670 :: EDGAR_DB :: ERROR] Invalid numeric value for report_date: 12/2012
[2025-03-21 19:55:40,671 :: EDGAR_DB :: ERROR] v (12/2012): Invalid data types: report_date=12/2012
[2025-03-21 19:55:40,682 :: EDGAR_DB :: INFO] v (12/2012): Updated existing record with 14 non-zero financial metrics
[2025-03-21 19:55:40,694 :: EDGAR_DB :: ERROR] Invalid numeric value for report_date: 03/2013
[2025-03-21 19:55:40,694 :: EDGAR_DB :: ERROR] v (3/2013): Invalid data types: report_date=03/2013
[2025-03-21 19:55:40,704 :: EDGAR_DB :: INFO] v (3/2013): Updated existing record with 10 non-zero financial metrics
[2025-03-21 19:55:40,717 :: EDGAR_DB :: ERROR] Invalid numeric value for report_date: 06/2013
[2025-03-21 19:55:40,717 :: EDGAR_DB :: ERROR] v (6/2013): Invalid data types: report_date=06/2013
[2025-03-21 19:55:40,728 :: EDGAR_DB :: INFO] v (6/2013): Updated existing record with 0 non-zero financial metrics
[2025-03-21 19:55:40,739 :: EDGAR_DB :: ERROR] Invalid numeric value for report_date: 09/2013
[2025-03-21 19:55:40,740 :: EDGAR_DB :: ERROR] v (9/2013): Invalid data types: report_date=09/2013
[2025-03-21 19:55:40,751 :: EDGAR_DB :: INFO] v (9/2013): Updated existing record with 15 non-zero financial metrics
[2025-03-21 19:55:40,763 :: EDGAR_DB :: ERROR] Invalid numeric value for report_date: 12/2013
[2025-03-21 19:55:40,763 :: EDGAR_DB :: ERROR] v (12/2013): Invalid data types: report_date=12/2013
[2025-03-21 19:55:40,774 :: EDGAR_DB :: INFO] v (12/2013): Updated existing record with 15 non-zero financial metrics
[2025-03-21 19:55:40,786 :: EDGAR_DB :: ERROR] Invalid numeric value for report_date: 03/2014
[2025-03-21 19:55:40,786 :: EDGAR_DB :: ERROR] v (3/2014): Invalid data types: report_date=03/2014
[2025-03-21 19:55:40,797 :: EDGAR_DB :: INFO] v (3/2014): Updated existing record with 10 non-zero financial metrics
[2025-03-21 19:55:40,808 :: EDGAR_DB :: ERROR] Invalid numeric value for report_date: 06/2014
[2025-03-21 19:55:40,808 :: EDGAR_DB :: ERROR] v (6/2014): Invalid data types: report_date=06/2014
[2025-03-21 19:55:40,819 :: EDGAR_DB :: INFO] v (6/2014): Updated existing record with 10 non-zero financial metrics
[2025-03-21 19:55:40,831 :: EDGAR_DB :: ERROR] Invalid numeric value for report_date: 09/2014
[2025-03-21 19:55:40,831 :: EDGAR_DB :: ERROR] v (9/2014): Invalid data types: report_date=09/2014
[2025-03-21 19:55:40,842 :: EDGAR_DB :: INFO] v (9/2014): Updated existing record with 15 non-zero financial metrics
[2025-03-21 19:55:40,855 :: EDGAR_DB :: ERROR] Invalid numeric value for report_date: 12/2014
[2025-03-21 19:55:40,855 :: EDGAR_DB :: ERROR] v (12/2014): Invalid data types: report_date=12/2014
[2025-03-21 19:55:40,865 :: EDGAR_DB :: INFO] v (12/2014): Updated existing record with 15 non-zero financial metrics
[2025-03-21 19:55:40,877 :: EDGAR_DB :: ERROR] Invalid numeric value for report_date: 03/2015
[2025-03-21 19:55:40,877 :: EDGAR_DB :: ERROR] v (3/2015): Invalid data types: report_date=03/2015
[2025-03-21 19:55:40,889 :: EDGAR_DB :: INFO] v (3/2015): Updated existing record with 10 non-zero financial metrics
[2025-03-21 19:55:40,901 :: EDGAR_DB :: ERROR] Invalid numeric value for report_date: 06/2015
[2025-03-21 19:55:40,901 :: EDGAR_DB :: ERROR] v (6/2015): Invalid data types: report_date=06/2015
[2025-03-21 19:55:40,912 :: EDGAR_DB :: INFO] v (6/2015): Updated existing record with 10 non-zero financial metrics
[2025-03-21 19:55:40,923 :: EDGAR_DB :: ERROR] Invalid numeric value for report_date: 09/2015
[2025-03-21 19:55:40,923 :: EDGAR_DB :: ERROR] v (9/2015): Invalid data types: report_date=09/2015
[2025-03-21 19:55:40,934 :: EDGAR_DB :: INFO] v (9/2015): Updated existing record with 15 non-zero financial metrics
[2025-03-21 19:55:40,947 :: EDGAR_DB :: ERROR] Invalid numeric value for report_date: 12/2015
[2025-03-21 19:55:40,947 :: EDGAR_DB :: ERROR] v (12/2015): Invalid data types: report_date=12/2015
[2025-03-21 19:55:40,958 :: EDGAR_DB :: INFO] v (12/2015): Updated existing record with 17 non-zero financial metrics
[2025-03-21 19:55:40,972 :: EDGAR_DB :: ERROR] Invalid numeric value for report_date: 03/2016
[2025-03-21 19:55:40,972 :: EDGAR_DB :: ERROR] v (3/2016): Invalid data types: report_date=03/2016
[2025-03-21 19:55:40,983 :: EDGAR_DB :: INFO] v (3/2016): Updated existing record with 12 non-zero financial metrics
[2025-03-21 19:55:40,994 :: EDGAR_DB :: ERROR] Invalid numeric value for report_date: 06/2016
[2025-03-21 19:55:40,994 :: EDGAR_DB :: ERROR] v (6/2016): Invalid data types: report_date=06/2016
[2025-03-21 19:55:41,005 :: EDGAR_DB :: INFO] v (6/2016): Updated existing record with 11 non-zero financial metrics
[2025-03-21 19:55:41,018 :: EDGAR_DB :: ERROR] Invalid numeric value for report_date: 09/2016
[2025-03-21 19:55:41,018 :: EDGAR_DB :: ERROR] v (9/2016): Invalid data types: report_date=09/2016
[2025-03-21 19:55:41,029 :: EDGAR_DB :: INFO] v (9/2016): Updated existing record with 14 non-zero financial metrics
[2025-03-21 19:55:41,041 :: EDGAR_DB :: ERROR] Invalid numeric value for report_date: 12/2016
[2025-03-21 19:55:41,041 :: EDGAR_DB :: ERROR] v (12/2016): Invalid data types: report_date=12/2016
[2025-03-21 19:55:41,052 :: EDGAR_DB :: INFO] v (12/2016): Updated existing record with 14 non-zero financial metrics
[2025-03-21 19:55:41,064 :: EDGAR_DB :: ERROR] Invalid numeric value for report_date: 03/2017
[2025-03-21 19:55:41,064 :: EDGAR_DB :: ERROR] v (3/2017): Invalid data types: report_date=03/2017
[2025-03-21 19:55:41,075 :: EDGAR_DB :: INFO] v (3/2017): Updated existing record with 11 non-zero financial metrics
[2025-03-21 19:55:41,087 :: EDGAR_DB :: ERROR] Invalid numeric value for report_date: 06/2017
[2025-03-21 19:55:41,088 :: EDGAR_DB :: ERROR] v (6/2017): Invalid data types: report_date=06/2017
[2025-03-21 19:55:41,099 :: EDGAR_DB :: INFO] v (6/2017): Updated existing record with 11 non-zero financial metrics
[2025-03-21 19:55:41,112 :: EDGAR_DB :: ERROR] Invalid numeric value for report_date: 09/2017
[2025-03-21 19:55:41,112 :: EDGAR_DB :: ERROR] v (9/2017): Invalid data types: report_date=09/2017
[2025-03-21 19:55:41,123 :: EDGAR_DB :: INFO] v (9/2017): Updated existing record with 14 non-zero financial metrics
[2025-03-21 19:55:41,139 :: EDGAR_DB :: ERROR] Invalid numeric value for report_date: 12/2017
[2025-03-21 19:55:41,139 :: EDGAR_DB :: ERROR] v (12/2017): Invalid data types: report_date=12/2017
[2025-03-21 19:55:41,150 :: EDGAR_DB :: INFO] v (12/2017): Updated existing record with 13 non-zero financial metrics
[2025-03-21 19:55:41,162 :: EDGAR_DB :: ERROR] Invalid numeric value for report_date: 03/2018
[2025-03-21 19:55:41,162 :: EDGAR_DB :: ERROR] v (3/2018): Invalid data types: report_date=03/2018
[2025-03-21 19:55:41,173 :: EDGAR_DB :: INFO] v (3/2018): Updated existing record with 10 non-zero financial metrics
[2025-03-21 19:55:41,185 :: EDGAR_DB :: ERROR] Invalid numeric value for report_date: 06/2018
[2025-03-21 19:55:41,185 :: EDGAR_DB :: ERROR] v (6/2018): Invalid data types: report_date=06/2018
[2025-03-21 19:55:41,196 :: EDGAR_DB :: INFO] v (6/2018): Updated existing record with 10 non-zero financial metrics
[2025-03-21 19:55:41,208 :: EDGAR_DB :: ERROR] Invalid numeric value for report_date: 09/2018
[2025-03-21 19:55:41,208 :: EDGAR_DB :: ERROR] v (9/2018): Invalid data types: report_date=09/2018
[2025-03-21 19:55:41,219 :: EDGAR_DB :: INFO] v (9/2018): Updated existing record with 14 non-zero financial metrics
[2025-03-21 19:55:41,231 :: EDGAR_DB :: ERROR] Invalid numeric value for report_date: 12/2018
[2025-03-21 19:55:41,231 :: EDGAR_DB :: ERROR] v (12/2018): Invalid data types: report_date=12/2018
[2025-03-21 19:55:41,243 :: EDGAR_DB :: INFO] v (12/2018): Updated existing record with 15 non-zero financial metrics
[2025-03-21 19:55:41,255 :: EDGAR_DB :: ERROR] Invalid numeric value for report_date: 03/2019
[2025-03-21 19:55:41,255 :: EDGAR_DB :: ERROR] v (3/2019): Invalid data types: report_date=03/2019
[2025-03-21 19:55:41,266 :: EDGAR_DB :: INFO] v (3/2019): Updated existing record with 11 non-zero financial metrics
[2025-03-21 19:55:41,278 :: EDGAR_DB :: ERROR] Invalid numeric value for report_date: 06/2019
[2025-03-21 19:55:41,278 :: EDGAR_DB :: ERROR] v (6/2019): Invalid data types: report_date=06/2019
[2025-03-21 19:55:41,289 :: EDGAR_DB :: INFO] v (6/2019): Updated existing record with 10 non-zero financial metrics
[2025-03-21 19:55:41,301 :: EDGAR_DB :: ERROR] Invalid numeric value for report_date: 09/2019
[2025-03-21 19:55:41,301 :: EDGAR_DB :: ERROR] v (9/2019): Invalid data types: report_date=09/2019
[2025-03-21 19:55:41,313 :: EDGAR_DB :: INFO] v (9/2019): Updated existing record with 15 non-zero financial metrics
[2025-03-21 19:55:41,325 :: EDGAR_DB :: ERROR] Invalid numeric value for report_date: 12/2019
[2025-03-21 19:55:41,325 :: EDGAR_DB :: ERROR] v (12/2019): Invalid data types: report_date=12/2019
[2025-03-21 19:55:41,336 :: EDGAR_DB :: INFO] v (12/2019): Updated existing record with 14 non-zero financial metrics
[2025-03-21 19:55:41,348 :: EDGAR_DB :: ERROR] Invalid numeric value for report_date: 03/2020
[2025-03-21 19:55:41,348 :: EDGAR_DB :: ERROR] v (3/2020): Invalid data types: report_date=03/2020
[2025-03-21 19:55:41,359 :: EDGAR_DB :: INFO] v (3/2020): Updated existing record with 11 non-zero financial metrics
[2025-03-21 19:55:41,372 :: EDGAR_DB :: ERROR] Invalid numeric value for report_date: 06/2020
[2025-03-21 19:55:41,372 :: EDGAR_DB :: ERROR] v (6/2020): Invalid data types: report_date=06/2020
[2025-03-21 19:55:41,383 :: EDGAR_DB :: INFO] v (6/2020): Updated existing record with 11 non-zero financial metrics
[2025-03-21 19:55:41,395 :: EDGAR_DB :: ERROR] Invalid numeric value for report_date: 09/2020
[2025-03-21 19:55:41,395 :: EDGAR_DB :: ERROR] v (9/2020): Invalid data types: report_date=09/2020
[2025-03-21 19:55:41,406 :: EDGAR_DB :: INFO] v (9/2020): Updated existing record with 15 non-zero financial metrics
[2025-03-21 19:55:41,418 :: EDGAR_DB :: ERROR] Invalid numeric value for report_date: 12/2020
[2025-03-21 19:55:41,418 :: EDGAR_DB :: ERROR] v (12/2020): Invalid data types: report_date=12/2020
[2025-03-21 19:55:41,429 :: EDGAR_DB :: INFO] v (12/2020): Updated existing record with 16 non-zero financial metrics
[2025-03-21 19:55:41,441 :: EDGAR_DB :: ERROR] Invalid numeric value for report_date: 03/2021
[2025-03-21 19:55:41,441 :: EDGAR_DB :: ERROR] v (3/2021): Invalid data types: report_date=03/2021
[2025-03-21 19:55:41,452 :: EDGAR_DB :: INFO] v (3/2021): Updated existing record with 11 non-zero financial metrics
[2025-03-21 19:55:41,465 :: EDGAR_DB :: ERROR] Invalid numeric value for report_date: 06/2021
[2025-03-21 19:55:41,465 :: EDGAR_DB :: ERROR] v (6/2021): Invalid data types: report_date=06/2021
[2025-03-21 19:55:41,476 :: EDGAR_DB :: INFO] v (6/2021): Updated existing record with 11 non-zero financial metrics
[2025-03-21 19:55:41,489 :: EDGAR_DB :: ERROR] Invalid numeric value for report_date: 09/2021
[2025-03-21 19:55:41,489 :: EDGAR_DB :: ERROR] v (9/2021): Invalid data types: report_date=09/2021
[2025-03-21 19:55:41,500 :: EDGAR_DB :: INFO] v (9/2021): Updated existing record with 15 non-zero financial metrics
[2025-03-21 19:55:41,512 :: EDGAR_DB :: ERROR] Invalid numeric value for report_date: 12/2021
[2025-03-21 19:55:41,512 :: EDGAR_DB :: ERROR] v (12/2021): Invalid data types: report_date=12/2021
[2025-03-21 19:55:41,523 :: EDGAR_DB :: INFO] v (12/2021): Updated existing record with 15 non-zero financial metrics
[2025-03-21 19:55:41,539 :: EDGAR_DB :: ERROR] Invalid numeric value for report_date: 03/2022
[2025-03-21 19:55:41,539 :: EDGAR_DB :: ERROR] v (3/2022): Invalid data types: report_date=03/2022
[2025-03-21 19:55:41,550 :: EDGAR_DB :: INFO] v (3/2022): Updated existing record with 10 non-zero financial metrics
[2025-03-21 19:55:41,562 :: EDGAR_DB :: ERROR] Invalid numeric value for report_date: 06/2022
[2025-03-21 19:55:41,562 :: EDGAR_DB :: ERROR] v (6/2022): Invalid data types: report_date=06/2022
[2025-03-21 19:55:41,575 :: EDGAR_DB :: INFO] v (6/2022): Updated existing record with 10 non-zero financial metrics
[2025-03-21 19:55:41,588 :: EDGAR_DB :: ERROR] Invalid numeric value for report_date: 09/2022
[2025-03-21 19:55:41,588 :: EDGAR_DB :: ERROR] v (9/2022): Invalid data types: report_date=09/2022
[2025-03-21 19:55:41,599 :: EDGAR_DB :: INFO] v (9/2022): Updated existing record with 14 non-zero financial metrics
[2025-03-21 19:55:41,610 :: EDGAR_DB :: ERROR] Invalid numeric value for report_date: 12/2022
[2025-03-21 19:55:41,611 :: EDGAR_DB :: ERROR] v (12/2022): Invalid data types: report_date=12/2022
[2025-03-21 19:55:41,622 :: EDGAR_DB :: INFO] v (12/2022): Updated existing record with 14 non-zero financial metrics
[2025-03-21 19:55:41,637 :: EDGAR_DB :: ERROR] Invalid numeric value for report_date: 03/2023
[2025-03-21 19:55:41,637 :: EDGAR_DB :: ERROR] v (3/2023): Invalid data types: report_date=03/2023
[2025-03-21 19:55:41,648 :: EDGAR_DB :: INFO] v (3/2023): Updated existing record with 10 non-zero financial metrics
[2025-03-21 19:55:41,660 :: EDGAR_DB :: ERROR] Invalid numeric value for report_date: 06/2023
[2025-03-21 19:55:41,660 :: EDGAR_DB :: ERROR] v (6/2023): Invalid data types: report_date=06/2023
[2025-03-21 19:55:41,671 :: EDGAR_DB :: INFO] v (6/2023): Updated existing record with 10 non-zero financial metrics
[2025-03-21 19:55:41,683 :: EDGAR_DB :: ERROR] Invalid numeric value for report_date: 09/2023
[2025-03-21 19:55:41,683 :: EDGAR_DB :: ERROR] v (9/2023): Invalid data types: report_date=09/2023
[2025-03-21 19:55:41,694 :: EDGAR_DB :: INFO] v (9/2023): Updated existing record with 14 non-zero financial metrics
[2025-03-21 19:55:41,706 :: EDGAR_DB :: ERROR] Invalid numeric value for report_date: 12/2023
[2025-03-21 19:55:41,706 :: EDGAR_DB :: ERROR] v (12/2023): Invalid data types: report_date=12/2023
[2025-03-21 19:55:41,717 :: EDGAR_DB :: INFO] v (12/2023): Updated existing record with 14 non-zero financial metrics
[2025-03-21 19:55:41,728 :: EDGAR_DB :: ERROR] Invalid numeric value for report_date: 03/2024
[2025-03-21 19:55:41,728 :: EDGAR_DB :: ERROR] v (3/2024): Invalid data types: report_date=03/2024
[2025-03-21 19:55:41,740 :: EDGAR_DB :: INFO] v (3/2024): Updated existing record with 10 non-zero financial metrics
[2025-03-21 19:55:41,752 :: EDGAR_DB :: ERROR] Invalid numeric value for report_date: 06/2024
[2025-03-21 19:55:41,752 :: EDGAR_DB :: ERROR] v (6/2024): Invalid data types: report_date=06/2024
[2025-03-21 19:55:41,764 :: EDGAR_DB :: INFO] v (6/2024): Updated existing record with 10 non-zero financial metrics
[2025-03-21 19:55:41,776 :: EDGAR_DB :: ERROR] Invalid numeric value for report_date: 09/2024
[2025-03-21 19:55:41,776 :: EDGAR_DB :: ERROR] v (9/2024): Invalid data types: report_date=09/2024
[2025-03-21 19:55:41,788 :: EDGAR_DB :: INFO] v (9/2024): Updated existing record with 14 non-zero financial metrics
[2025-03-21 19:55:41,800 :: EDGAR_DB :: ERROR] Invalid numeric value for report_date: 12/2024
[2025-03-21 19:55:41,800 :: EDGAR_DB :: ERROR] v (12/2024): Invalid data types: report_date=12/2024
[2025-03-21 19:55:41,811 :: EDGAR_DB :: INFO] v (12/2024): Updated existing record with 14 non-zero financial metrics
[2025-03-21 19:56:54,995 :: EDGAR_DB :: ERROR] Invalid numeric value for report_date: 03/2010
[2025-03-21 19:56:54,995 :: EDGAR_DB :: ERROR] xom (3/2010): Invalid data types: report_date=03/2010
[2025-03-21 19:56:55,008 :: EDGAR_DB :: INFO] xom (3/2010): Created new record with 0 non-zero financial metrics
[2025-03-21 19:56:55,026 :: EDGAR_DB :: ERROR] Invalid numeric value for report_date: 06/2010
[2025-03-21 19:56:55,026 :: EDGAR_DB :: ERROR] xom (6/2010): Invalid data types: report_date=06/2010
[2025-03-21 19:56:55,027 :: EDGAR_DB :: INFO] xom (6/2010): Created new record with 0 non-zero financial metrics
[2025-03-21 19:56:55,038 :: EDGAR_DB :: ERROR] Invalid numeric value for report_date: 09/2010
[2025-03-21 19:56:55,038 :: EDGAR_DB :: ERROR] xom (9/2010): Invalid data types: report_date=09/2010
[2025-03-21 19:56:55,039 :: EDGAR_DB :: INFO] xom (9/2010): Created new record with 0 non-zero financial metrics
[2025-03-21 19:56:55,053 :: EDGAR_DB :: ERROR] Invalid numeric value for report_date: 12/2010
[2025-03-21 19:56:55,053 :: EDGAR_DB :: ERROR] xom (12/2010): Invalid data types: report_date=12/2010
[2025-03-21 19:56:55,053 :: EDGAR_DB :: INFO] xom (12/2010): Created new record with 0 non-zero financial metrics
[2025-03-21 19:56:55,065 :: EDGAR_DB :: ERROR] Invalid numeric value for report_date: 03/2011
[2025-03-21 19:56:55,065 :: EDGAR_DB :: ERROR] xom (3/2011): Invalid data types: report_date=03/2011
[2025-03-21 19:56:55,066 :: EDGAR_DB :: INFO] xom (3/2011): Created new record with 0 non-zero financial metrics
[2025-03-21 19:56:55,078 :: EDGAR_DB :: ERROR] Invalid numeric value for report_date: 06/2011
[2025-03-21 19:56:55,078 :: EDGAR_DB :: ERROR] xom (6/2011): Invalid data types: report_date=06/2011
[2025-03-21 19:56:55,078 :: EDGAR_DB :: INFO] xom (6/2011): Created new record with 9 non-zero financial metrics
[2025-03-21 19:56:55,091 :: EDGAR_DB :: ERROR] Invalid numeric value for report_date: 09/2011
[2025-03-21 19:56:55,092 :: EDGAR_DB :: ERROR] xom (9/2011): Invalid data types: report_date=09/2011
[2025-03-21 19:56:55,092 :: EDGAR_DB :: INFO] xom (9/2011): Created new record with 9 non-zero financial metrics
[2025-03-21 19:56:55,105 :: EDGAR_DB :: ERROR] Invalid numeric value for report_date: 12/2011
[2025-03-21 19:56:55,105 :: EDGAR_DB :: ERROR] xom (12/2011): Invalid data types: report_date=12/2011
[2025-03-21 19:56:55,105 :: EDGAR_DB :: INFO] xom (12/2011): Created new record with 17 non-zero financial metrics
[2025-03-21 19:56:55,120 :: EDGAR_DB :: ERROR] Invalid numeric value for report_date: 03/2012
[2025-03-21 19:56:55,120 :: EDGAR_DB :: ERROR] xom (3/2012): Invalid data types: report_date=03/2012
[2025-03-21 19:56:55,121 :: EDGAR_DB :: INFO] xom (3/2012): Created new record with 14 non-zero financial metrics
[2025-03-21 19:56:55,133 :: EDGAR_DB :: ERROR] Invalid numeric value for report_date: 06/2012
[2025-03-21 19:56:55,133 :: EDGAR_DB :: ERROR] xom (6/2012): Invalid data types: report_date=06/2012
[2025-03-21 19:56:55,133 :: EDGAR_DB :: INFO] xom (6/2012): Created new record with 9 non-zero financial metrics
[2025-03-21 19:56:55,153 :: EDGAR_DB :: ERROR] Invalid numeric value for report_date: 11/2012
[2025-03-21 19:56:55,153 :: EDGAR_DB :: ERROR] xom (11/2012): Invalid data types: report_date=11/2012
[2025-03-21 19:56:55,153 :: EDGAR_DB :: INFO] xom (11/2012): Created new record with 0 non-zero financial metrics
[2025-03-21 19:56:55,166 :: EDGAR_DB :: ERROR] Invalid numeric value for report_date: 12/2012
[2025-03-21 19:56:55,166 :: EDGAR_DB :: ERROR] xom (12/2012): Invalid data types: report_date=12/2012
[2025-03-21 19:56:55,178 :: EDGAR_DB :: INFO] xom (12/2012): Updated existing record with 16 non-zero financial metrics
[2025-03-21 19:56:55,194 :: EDGAR_DB :: ERROR] Invalid numeric value for report_date: 03/2013
[2025-03-21 19:56:55,194 :: EDGAR_DB :: ERROR] xom (3/2013): Invalid data types: report_date=03/2013
[2025-03-21 19:56:55,206 :: EDGAR_DB :: INFO] xom (3/2013): Updated existing record with 13 non-zero financial metrics
[2025-03-21 19:56:55,222 :: EDGAR_DB :: ERROR] Invalid numeric value for report_date: 06/2013
[2025-03-21 19:56:55,222 :: EDGAR_DB :: ERROR] xom (6/2013): Invalid data types: report_date=06/2013
[2025-03-21 19:56:55,233 :: EDGAR_DB :: INFO] xom (6/2013): Updated existing record with 0 non-zero financial metrics
[2025-03-21 19:56:55,246 :: EDGAR_DB :: ERROR] Invalid numeric value for report_date: 09/2013
[2025-03-21 19:56:55,246 :: EDGAR_DB :: ERROR] xom (9/2013): Invalid data types: report_date=09/2013
[2025-03-21 19:56:55,258 :: EDGAR_DB :: INFO] xom (9/2013): Updated existing record with 8 non-zero financial metrics
[2025-03-21 19:56:55,270 :: EDGAR_DB :: ERROR] Invalid numeric value for report_date: 12/2013
[2025-03-21 19:56:55,271 :: EDGAR_DB :: ERROR] xom (12/2013): Invalid data types: report_date=12/2013
[2025-03-21 19:56:55,282 :: EDGAR_DB :: INFO] xom (12/2013): Updated existing record with 13 non-zero financial metrics
[2025-03-21 19:56:55,294 :: EDGAR_DB :: ERROR] Invalid numeric value for report_date: 03/2014
[2025-03-21 19:56:55,294 :: EDGAR_DB :: ERROR] xom (3/2014): Invalid data types: report_date=03/2014
[2025-03-21 19:56:55,306 :: EDGAR_DB :: INFO] xom (3/2014): Updated existing record with 10 non-zero financial metrics
[2025-03-21 19:56:55,321 :: EDGAR_DB :: ERROR] Invalid numeric value for report_date: 06/2014
[2025-03-21 19:56:55,321 :: EDGAR_DB :: ERROR] xom (6/2014): Invalid data types: report_date=06/2014
[2025-03-21 19:56:55,332 :: EDGAR_DB :: INFO] xom (6/2014): Updated existing record with 8 non-zero financial metrics
[2025-03-21 19:56:55,345 :: EDGAR_DB :: ERROR] Invalid numeric value for report_date: 09/2014
[2025-03-21 19:56:55,345 :: EDGAR_DB :: ERROR] xom (9/2014): Invalid data types: report_date=09/2014
[2025-03-21 19:56:55,356 :: EDGAR_DB :: INFO] xom (9/2014): Updated existing record with 8 non-zero financial metrics
[2025-03-21 19:56:55,368 :: EDGAR_DB :: ERROR] Invalid numeric value for report_date: 12/2014
[2025-03-21 19:56:55,368 :: EDGAR_DB :: ERROR] xom (12/2014): Invalid data types: report_date=12/2014
[2025-03-21 19:56:55,380 :: EDGAR_DB :: INFO] xom (12/2014): Updated existing record with 13 non-zero financial metrics
[2025-03-21 19:56:55,391 :: EDGAR_DB :: ERROR] Invalid numeric value for report_date: 03/2015
[2025-03-21 19:56:55,392 :: EDGAR_DB :: ERROR] xom (3/2015): Invalid data types: report_date=03/2015
[2025-03-21 19:56:55,403 :: EDGAR_DB :: INFO] xom (3/2015): Updated existing record with 10 non-zero financial metrics
[2025-03-21 19:56:55,415 :: EDGAR_DB :: ERROR] Invalid numeric value for report_date: 06/2015
[2025-03-21 19:56:55,415 :: EDGAR_DB :: ERROR] xom (6/2015): Invalid data types: report_date=06/2015
[2025-03-21 19:56:55,427 :: EDGAR_DB :: INFO] xom (6/2015): Updated existing record with 8 non-zero financial metrics
[2025-03-21 19:56:55,440 :: EDGAR_DB :: ERROR] Invalid numeric value for report_date: 09/2015
[2025-03-21 19:56:55,440 :: EDGAR_DB :: ERROR] xom (9/2015): Invalid data types: report_date=09/2015
[2025-03-21 19:56:55,452 :: EDGAR_DB :: INFO] xom (9/2015): Updated existing record with 8 non-zero financial metrics
[2025-03-21 19:56:55,464 :: EDGAR_DB :: ERROR] Invalid numeric value for report_date: 12/2015
[2025-03-21 19:56:55,464 :: EDGAR_DB :: ERROR] xom (12/2015): Invalid data types: report_date=12/2015
[2025-03-21 19:56:55,476 :: EDGAR_DB :: INFO] xom (12/2015): Updated existing record with 13 non-zero financial metrics
[2025-03-21 19:56:55,488 :: EDGAR_DB :: ERROR] Invalid numeric value for report_date: 03/2016
[2025-03-21 19:56:55,488 :: EDGAR_DB :: ERROR] xom (3/2016): Invalid data types: report_date=03/2016
[2025-03-21 19:56:55,500 :: EDGAR_DB :: INFO] xom (3/2016): Updated existing record with 10 non-zero financial metrics
[2025-03-21 19:56:55,512 :: EDGAR_DB :: ERROR] Invalid numeric value for report_date: 06/2016
[2025-03-21 19:56:55,513 :: EDGAR_DB :: ERROR] xom (6/2016): Invalid data types: report_date=06/2016
[2025-03-21 19:56:55,524 :: EDGAR_DB :: INFO] xom (6/2016): Updated existing record with 8 non-zero financial metrics
[2025-03-21 19:56:55,538 :: EDGAR_DB :: ERROR] Invalid numeric value for report_date: 09/2016
[2025-03-21 19:56:55,538 :: EDGAR_DB :: ERROR] xom (9/2016): Invalid data types: report_date=09/2016
[2025-03-21 19:56:55,549 :: EDGAR_DB :: INFO] xom (9/2016): Updated existing record with 8 non-zero financial metrics
[2025-03-21 19:56:55,562 :: EDGAR_DB :: ERROR] Invalid numeric value for report_date: 12/2016
[2025-03-21 19:56:55,562 :: EDGAR_DB :: ERROR] xom (12/2016): Invalid data types: report_date=12/2016
[2025-03-21 19:56:55,574 :: EDGAR_DB :: INFO] xom (12/2016): Updated existing record with 13 non-zero financial metrics
[2025-03-21 19:56:55,589 :: EDGAR_DB :: ERROR] Invalid numeric value for report_date: 03/2017
[2025-03-21 19:56:55,589 :: EDGAR_DB :: ERROR] xom (3/2017): Invalid data types: report_date=03/2017
[2025-03-21 19:56:55,601 :: EDGAR_DB :: INFO] xom (3/2017): Updated existing record with 10 non-zero financial metrics
[2025-03-21 19:56:55,613 :: EDGAR_DB :: ERROR] Invalid numeric value for report_date: 06/2017
[2025-03-21 19:56:55,613 :: EDGAR_DB :: ERROR] xom (6/2017): Invalid data types: report_date=06/2017
[2025-03-21 19:56:55,625 :: EDGAR_DB :: INFO] xom (6/2017): Updated existing record with 8 non-zero financial metrics
[2025-03-21 19:56:55,638 :: EDGAR_DB :: ERROR] Invalid numeric value for report_date: 09/2017
[2025-03-21 19:56:55,638 :: EDGAR_DB :: ERROR] xom (9/2017): Invalid data types: report_date=09/2017
[2025-03-21 19:56:55,649 :: EDGAR_DB :: INFO] xom (9/2017): Updated existing record with 8 non-zero financial metrics
[2025-03-21 19:56:55,661 :: EDGAR_DB :: ERROR] Invalid numeric value for report_date: 12/2017
[2025-03-21 19:56:55,662 :: EDGAR_DB :: ERROR] xom (12/2017): Invalid data types: report_date=12/2017
[2025-03-21 19:56:55,673 :: EDGAR_DB :: INFO] xom (12/2017): Updated existing record with 16 non-zero financial metrics
[2025-03-21 19:56:55,685 :: EDGAR_DB :: ERROR] Invalid numeric value for report_date: 03/2018
[2025-03-21 19:56:55,685 :: EDGAR_DB :: ERROR] xom (3/2018): Invalid data types: report_date=03/2018
[2025-03-21 19:56:55,697 :: EDGAR_DB :: INFO] xom (3/2018): Updated existing record with 14 non-zero financial metrics
[2025-03-21 19:56:55,711 :: EDGAR_DB :: ERROR] Invalid numeric value for report_date: 06/2018
[2025-03-21 19:56:55,711 :: EDGAR_DB :: ERROR] xom (6/2018): Invalid data types: report_date=06/2018
[2025-03-21 19:56:55,723 :: EDGAR_DB :: INFO] xom (6/2018): Updated existing record with 9 non-zero financial metrics
[2025-03-21 19:56:55,737 :: EDGAR_DB :: ERROR] Invalid numeric value for report_date: 09/2018
[2025-03-21 19:56:55,737 :: EDGAR_DB :: ERROR] xom (9/2018): Invalid data types: report_date=09/2018
[2025-03-21 19:56:55,752 :: EDGAR_DB :: INFO] xom (9/2018): Updated existing record with 9 non-zero financial metrics
[2025-03-21 19:56:55,765 :: EDGAR_DB :: ERROR] Invalid numeric value for report_date: 12/2018
[2025-03-21 19:56:55,765 :: EDGAR_DB :: ERROR] xom (12/2018): Invalid data types: report_date=12/2018
[2025-03-21 19:56:55,776 :: EDGAR_DB :: INFO] xom (12/2018): Updated existing record with 16 non-zero financial metrics
[2025-03-21 19:56:55,788 :: EDGAR_DB :: ERROR] Invalid numeric value for report_date: 03/2019
[2025-03-21 19:56:55,788 :: EDGAR_DB :: ERROR] xom (3/2019): Invalid data types: report_date=03/2019
[2025-03-21 19:56:55,800 :: EDGAR_DB :: INFO] xom (3/2019): Updated existing record with 14 non-zero financial metrics
[2025-03-21 19:56:55,814 :: EDGAR_DB :: ERROR] Invalid numeric value for report_date: 06/2019
[2025-03-21 19:56:55,814 :: EDGAR_DB :: ERROR] xom (6/2019): Invalid data types: report_date=06/2019
[2025-03-21 19:56:55,826 :: EDGAR_DB :: INFO] xom (6/2019): Updated existing record with 9 non-zero financial metrics
[2025-03-21 19:56:55,839 :: EDGAR_DB :: ERROR] Invalid numeric value for report_date: 09/2019
[2025-03-21 19:56:55,839 :: EDGAR_DB :: ERROR] xom (9/2019): Invalid data types: report_date=09/2019
[2025-03-21 19:56:55,851 :: EDGAR_DB :: INFO] xom (9/2019): Updated existing record with 9 non-zero financial metrics
[2025-03-21 19:56:55,864 :: EDGAR_DB :: ERROR] Invalid numeric value for report_date: 12/2019
[2025-03-21 19:56:55,864 :: EDGAR_DB :: ERROR] xom (12/2019): Invalid data types: report_date=12/2019
[2025-03-21 19:56:55,876 :: EDGAR_DB :: INFO] xom (12/2019): Updated existing record with 16 non-zero financial metrics
[2025-03-21 19:56:55,888 :: EDGAR_DB :: ERROR] Invalid numeric value for report_date: 03/2020
[2025-03-21 19:56:55,888 :: EDGAR_DB :: ERROR] xom (3/2020): Invalid data types: report_date=03/2020
[2025-03-21 19:56:55,889 :: EDGAR_DB :: INFO] xom (3/2020): Created new record with 15 non-zero financial metrics
[2025-03-21 19:56:55,902 :: EDGAR_DB :: ERROR] Invalid numeric value for report_date: 06/2020
[2025-03-21 19:56:55,902 :: EDGAR_DB :: ERROR] xom (6/2020): Invalid data types: report_date=06/2020
[2025-03-21 19:56:55,914 :: EDGAR_DB :: INFO] xom (6/2020): Updated existing record with 10 non-zero financial metrics
[2025-03-21 19:56:55,926 :: EDGAR_DB :: ERROR] Invalid numeric value for report_date: 09/2020
[2025-03-21 19:56:55,926 :: EDGAR_DB :: ERROR] xom (9/2020): Invalid data types: report_date=09/2020
[2025-03-21 19:56:55,938 :: EDGAR_DB :: INFO] xom (9/2020): Updated existing record with 10 non-zero financial metrics
[2025-03-21 19:56:55,950 :: EDGAR_DB :: ERROR] Invalid numeric value for report_date: 12/2020
[2025-03-21 19:56:55,950 :: EDGAR_DB :: ERROR] xom (12/2020): Invalid data types: report_date=12/2020
[2025-03-21 19:56:55,962 :: EDGAR_DB :: INFO] xom (12/2020): Updated existing record with 16 non-zero financial metrics
[2025-03-21 19:56:55,974 :: EDGAR_DB :: ERROR] Invalid numeric value for report_date: 03/2021
[2025-03-21 19:56:55,974 :: EDGAR_DB :: ERROR] xom (3/2021): Invalid data types: report_date=03/2021
[2025-03-21 19:56:55,986 :: EDGAR_DB :: INFO] xom (3/2021): Updated existing record with 14 non-zero financial metrics
[2025-03-21 19:56:55,998 :: EDGAR_DB :: ERROR] Invalid numeric value for report_date: 06/2021
[2025-03-21 19:56:55,998 :: EDGAR_DB :: ERROR] xom (6/2021): Invalid data types: report_date=06/2021
[2025-03-21 19:56:56,010 :: EDGAR_DB :: INFO] xom (6/2021): Updated existing record with 9 non-zero financial metrics
[2025-03-21 19:56:56,023 :: EDGAR_DB :: ERROR] Invalid numeric value for report_date: 09/2021
[2025-03-21 19:56:56,023 :: EDGAR_DB :: ERROR] xom (9/2021): Invalid data types: report_date=09/2021
[2025-03-21 19:56:56,035 :: EDGAR_DB :: INFO] xom (9/2021): Updated existing record with 9 non-zero financial metrics
[2025-03-21 19:56:56,048 :: EDGAR_DB :: ERROR] Invalid numeric value for report_date: 12/2021
[2025-03-21 19:56:56,048 :: EDGAR_DB :: ERROR] xom (12/2021): Invalid data types: report_date=12/2021
[2025-03-21 19:56:56,059 :: EDGAR_DB :: INFO] xom (12/2021): Updated existing record with 16 non-zero financial metrics
[2025-03-21 19:56:56,072 :: EDGAR_DB :: ERROR] Invalid numeric value for report_date: 03/2022
[2025-03-21 19:56:56,072 :: EDGAR_DB :: ERROR] xom (3/2022): Invalid data types: report_date=03/2022
[2025-03-21 19:56:56,083 :: EDGAR_DB :: INFO] xom (3/2022): Updated existing record with 14 non-zero financial metrics
[2025-03-21 19:56:56,095 :: EDGAR_DB :: ERROR] Invalid numeric value for report_date: 06/2022
[2025-03-21 19:56:56,096 :: EDGAR_DB :: ERROR] xom (6/2022): Invalid data types: report_date=06/2022
[2025-03-21 19:56:56,107 :: EDGAR_DB :: INFO] xom (6/2022): Updated existing record with 9 non-zero financial metrics
[2025-03-21 19:56:56,120 :: EDGAR_DB :: ERROR] Invalid numeric value for report_date: 09/2022
[2025-03-21 19:56:56,120 :: EDGAR_DB :: ERROR] xom (9/2022): Invalid data types: report_date=09/2022
[2025-03-21 19:56:56,131 :: EDGAR_DB :: INFO] xom (9/2022): Updated existing record with 9 non-zero financial metrics
[2025-03-21 19:56:56,144 :: EDGAR_DB :: ERROR] Invalid numeric value for report_date: 12/2022
[2025-03-21 19:56:56,144 :: EDGAR_DB :: ERROR] xom (12/2022): Invalid data types: report_date=12/2022
[2025-03-21 19:56:56,155 :: EDGAR_DB :: INFO] xom (12/2022): Updated existing record with 16 non-zero financial metrics
[2025-03-21 19:56:56,167 :: EDGAR_DB :: ERROR] Invalid numeric value for report_date: 03/2023
[2025-03-21 19:56:56,168 :: EDGAR_DB :: ERROR] xom (3/2023): Invalid data types: report_date=03/2023
[2025-03-21 19:56:56,181 :: EDGAR_DB :: INFO] xom (3/2023): Updated existing record with 14 non-zero financial metrics
[2025-03-21 19:56:56,193 :: EDGAR_DB :: ERROR] Invalid numeric value for report_date: 06/2023
[2025-03-21 19:56:56,194 :: EDGAR_DB :: ERROR] xom (6/2023): Invalid data types: report_date=06/2023
[2025-03-21 19:56:56,205 :: EDGAR_DB :: INFO] xom (6/2023): Updated existing record with 9 non-zero financial metrics
[2025-03-21 19:56:56,218 :: EDGAR_DB :: ERROR] Invalid numeric value for report_date: 09/2023
[2025-03-21 19:56:56,218 :: EDGAR_DB :: ERROR] xom (9/2023): Invalid data types: report_date=09/2023
[2025-03-21 19:56:56,230 :: EDGAR_DB :: INFO] xom (9/2023): Updated existing record with 9 non-zero financial metrics
[2025-03-21 19:56:56,245 :: EDGAR_DB :: ERROR] Invalid numeric value for report_date: 12/2023
[2025-03-21 19:56:56,245 :: EDGAR_DB :: ERROR] xom (12/2023): Invalid data types: report_date=12/2023
[2025-03-21 19:56:56,259 :: EDGAR_DB :: INFO] xom (12/2023): Updated existing record with 16 non-zero financial metrics
[2025-03-21 19:56:56,283 :: EDGAR_DB :: ERROR] Invalid numeric value for report_date: 03/2024
[2025-03-21 19:56:56,283 :: EDGAR_DB :: ERROR] xom (3/2024): Invalid data types: report_date=03/2024
[2025-03-21 19:56:56,295 :: EDGAR_DB :: INFO] xom (3/2024): Updated existing record with 14 non-zero financial metrics
[2025-03-21 19:56:56,309 :: EDGAR_DB :: ERROR] Invalid numeric value for report_date: 06/2024
[2025-03-21 19:56:56,309 :: EDGAR_DB :: ERROR] xom (6/2024): Invalid data types: report_date=06/2024
[2025-03-21 19:56:56,321 :: EDGAR_DB :: INFO] xom (6/2024): Updated existing record with 9 non-zero financial metrics
[2025-03-21 19:56:56,335 :: EDGAR_DB :: ERROR] Invalid numeric value for report_date: 09/2024
[2025-03-21 19:56:56,335 :: EDGAR_DB :: ERROR] xom (9/2024): Invalid data types: report_date=09/2024
[2025-03-21 19:56:56,347 :: EDGAR_DB :: INFO] xom (9/2024): Updated existing record with 9 non-zero financial metrics
[2025-03-21 19:56:56,360 :: EDGAR_DB :: ERROR] Invalid numeric value for report_date: 12/2024
[2025-03-21 19:56:56,360 :: EDGAR_DB :: ERROR] xom (12/2024): Invalid data types: report_date=12/2024
[2025-03-21 19:56:56,372 :: EDGAR_DB :: INFO] xom (12/2024): Updated existing record with 16 non-zero financial metrics
[2025-03-21 19:58:06,569 :: EDGAR_DB :: ERROR] Invalid numeric value for report_date: 01/2010
[2025-03-21 19:58:06,570 :: EDGAR_DB :: ERROR] wmt (1/2010): Invalid data types: report_date=01/2010
[2025-03-21 19:58:06,570 :: EDGAR_DB :: INFO] wmt (1/2010): Created new record with 0 non-zero financial metrics
[2025-03-21 19:58:06,583 :: EDGAR_DB :: ERROR] Invalid numeric value for report_date: 04/2010
[2025-03-21 19:58:06,583 :: EDGAR_DB :: ERROR] wmt (4/2010): Invalid data types: report_date=04/2010
[2025-03-21 19:58:06,584 :: EDGAR_DB :: INFO] wmt (4/2010): Created new record with 0 non-zero financial metrics
[2025-03-21 19:58:06,597 :: EDGAR_DB :: ERROR] Invalid numeric value for report_date: 07/2010
[2025-03-21 19:58:06,597 :: EDGAR_DB :: ERROR] wmt (7/2010): Invalid data types: report_date=07/2010
[2025-03-21 19:58:06,597 :: EDGAR_DB :: INFO] wmt (7/2010): Created new record with 0 non-zero financial metrics
[2025-03-21 19:58:06,609 :: EDGAR_DB :: ERROR] Invalid numeric value for report_date: 10/2010
[2025-03-21 19:58:06,609 :: EDGAR_DB :: ERROR] wmt (10/2010): Invalid data types: report_date=10/2010
[2025-03-21 19:58:06,609 :: EDGAR_DB :: INFO] wmt (10/2010): Created new record with 0 non-zero financial metrics
[2025-03-21 19:58:06,622 :: EDGAR_DB :: ERROR] Invalid numeric value for report_date: 01/2011
[2025-03-21 19:58:06,622 :: EDGAR_DB :: ERROR] wmt (1/2011): Invalid data types: report_date=01/2011
[2025-03-21 19:58:06,622 :: EDGAR_DB :: INFO] wmt (1/2011): Created new record with 0 non-zero financial metrics
[2025-03-21 19:58:06,635 :: EDGAR_DB :: ERROR] Invalid numeric value for report_date: 04/2011
[2025-03-21 19:58:06,635 :: EDGAR_DB :: ERROR] wmt (4/2011): Invalid data types: report_date=04/2011
[2025-03-21 19:58:06,635 :: EDGAR_DB :: INFO] wmt (4/2011): Created new record with 20 non-zero financial metrics
[2025-03-21 19:58:06,648 :: EDGAR_DB :: ERROR] Invalid numeric value for report_date: 07/2011
[2025-03-21 19:58:06,648 :: EDGAR_DB :: ERROR] wmt (7/2011): Invalid data types: report_date=07/2011
[2025-03-21 19:58:06,648 :: EDGAR_DB :: INFO] wmt (7/2011): Created new record with 15 non-zero financial metrics
[2025-03-21 19:58:06,661 :: EDGAR_DB :: ERROR] Invalid numeric value for report_date: 10/2011
[2025-03-21 19:58:06,661 :: EDGAR_DB :: ERROR] wmt (10/2011): Invalid data types: report_date=10/2011
[2025-03-21 19:58:06,661 :: EDGAR_DB :: INFO] wmt (10/2011): Created new record with 15 non-zero financial metrics
[2025-03-21 19:58:06,674 :: EDGAR_DB :: ERROR] Invalid numeric value for report_date: 01/2012
[2025-03-21 19:58:06,674 :: EDGAR_DB :: ERROR] wmt (1/2012): Invalid data types: report_date=01/2012
[2025-03-21 19:58:06,674 :: EDGAR_DB :: INFO] wmt (1/2012): Created new record with 19 non-zero financial metrics
[2025-03-21 19:58:06,689 :: EDGAR_DB :: ERROR] Invalid numeric value for report_date: 04/2012
[2025-03-21 19:58:06,689 :: EDGAR_DB :: ERROR] wmt (4/2012): Invalid data types: report_date=04/2012
[2025-03-21 19:58:06,690 :: EDGAR_DB :: INFO] wmt (4/2012): Created new record with 17 non-zero financial metrics
[2025-03-21 19:58:06,704 :: EDGAR_DB :: ERROR] Invalid numeric value for report_date: 07/2012
[2025-03-21 19:58:06,704 :: EDGAR_DB :: ERROR] wmt (7/2012): Invalid data types: report_date=07/2012
[2025-03-21 19:58:06,704 :: EDGAR_DB :: INFO] wmt (7/2012): Created new record with 12 non-zero financial metrics
[2025-03-21 19:58:06,718 :: EDGAR_DB :: ERROR] Invalid numeric value for report_date: 10/2012
[2025-03-21 19:58:06,718 :: EDGAR_DB :: ERROR] wmt (10/2012): Invalid data types: report_date=10/2012
[2025-03-21 19:58:06,730 :: EDGAR_DB :: INFO] wmt (10/2012): Updated existing record with 12 non-zero financial metrics
[2025-03-21 19:58:06,742 :: EDGAR_DB :: ERROR] Invalid numeric value for report_date: 01/2013
[2025-03-21 19:58:06,742 :: EDGAR_DB :: ERROR] wmt (1/2013): Invalid data types: report_date=01/2013
[2025-03-21 19:58:06,756 :: EDGAR_DB :: INFO] wmt (1/2013): Updated existing record with 19 non-zero financial metrics
[2025-03-21 19:58:06,769 :: EDGAR_DB :: ERROR] Invalid numeric value for report_date: 04/2013
[2025-03-21 19:58:06,769 :: EDGAR_DB :: ERROR] wmt (4/2013): Invalid data types: report_date=04/2013
[2025-03-21 19:58:06,781 :: EDGAR_DB :: INFO] wmt (4/2013): Updated existing record with 17 non-zero financial metrics
[2025-03-21 19:58:06,793 :: EDGAR_DB :: ERROR] Invalid numeric value for report_date: 07/2013
[2025-03-21 19:58:06,793 :: EDGAR_DB :: ERROR] wmt (7/2013): Invalid data types: report_date=07/2013
[2025-03-21 19:58:06,804 :: EDGAR_DB :: INFO] wmt (7/2013): Updated existing record with 0 non-zero financial metrics
[2025-03-21 19:58:06,817 :: EDGAR_DB :: ERROR] Invalid numeric value for report_date: 10/2013
[2025-03-21 19:58:06,817 :: EDGAR_DB :: ERROR] wmt (10/2013): Invalid data types: report_date=10/2013
[2025-03-21 19:58:06,828 :: EDGAR_DB :: INFO] wmt (10/2013): Updated existing record with 12 non-zero financial metrics
[2025-03-21 19:58:06,841 :: EDGAR_DB :: ERROR] Invalid numeric value for report_date: 01/2014
[2025-03-21 19:58:06,841 :: EDGAR_DB :: ERROR] wmt (1/2014): Invalid data types: report_date=01/2014
[2025-03-21 19:58:06,852 :: EDGAR_DB :: INFO] wmt (1/2014): Updated existing record with 19 non-zero financial metrics
[2025-03-21 19:58:06,865 :: EDGAR_DB :: ERROR] Invalid numeric value for report_date: 04/2014
[2025-03-21 19:58:06,865 :: EDGAR_DB :: ERROR] wmt (4/2014): Invalid data types: report_date=04/2014
[2025-03-21 19:58:06,876 :: EDGAR_DB :: INFO] wmt (4/2014): Updated existing record with 17 non-zero financial metrics
[2025-03-21 19:58:06,889 :: EDGAR_DB :: ERROR] Invalid numeric value for report_date: 07/2014
[2025-03-21 19:58:06,890 :: EDGAR_DB :: ERROR] wmt (7/2014): Invalid data types: report_date=07/2014
[2025-03-21 19:58:06,901 :: EDGAR_DB :: INFO] wmt (7/2014): Updated existing record with 12 non-zero financial metrics
[2025-03-21 19:58:06,914 :: EDGAR_DB :: ERROR] Invalid numeric value for report_date: 10/2014
[2025-03-21 19:58:06,914 :: EDGAR_DB :: ERROR] wmt (10/2014): Invalid data types: report_date=10/2014
[2025-03-21 19:58:06,926 :: EDGAR_DB :: INFO] wmt (10/2014): Updated existing record with 12 non-zero financial metrics
[2025-03-21 19:58:06,939 :: EDGAR_DB :: ERROR] Invalid numeric value for report_date: 01/2015
[2025-03-21 19:58:06,939 :: EDGAR_DB :: ERROR] wmt (1/2015): Invalid data types: report_date=01/2015
[2025-03-21 19:58:06,950 :: EDGAR_DB :: INFO] wmt (1/2015): Updated existing record with 19 non-zero financial metrics
[2025-03-21 19:58:06,963 :: EDGAR_DB :: ERROR] Invalid numeric value for report_date: 04/2015
[2025-03-21 19:58:06,963 :: EDGAR_DB :: ERROR] wmt (4/2015): Invalid data types: report_date=04/2015
[2025-03-21 19:58:06,975 :: EDGAR_DB :: INFO] wmt (4/2015): Updated existing record with 17 non-zero financial metrics
[2025-03-21 19:58:06,988 :: EDGAR_DB :: ERROR] Invalid numeric value for report_date: 07/2015
[2025-03-21 19:58:06,988 :: EDGAR_DB :: ERROR] wmt (7/2015): Invalid data types: report_date=07/2015
[2025-03-21 19:58:07,000 :: EDGAR_DB :: INFO] wmt (7/2015): Updated existing record with 12 non-zero financial metrics
[2025-03-21 19:58:07,012 :: EDGAR_DB :: ERROR] Invalid numeric value for report_date: 10/2015
[2025-03-21 19:58:07,012 :: EDGAR_DB :: ERROR] wmt (10/2015): Invalid data types: report_date=10/2015
[2025-03-21 19:58:07,023 :: EDGAR_DB :: INFO] wmt (10/2015): Updated existing record with 12 non-zero financial metrics
[2025-03-21 19:58:07,036 :: EDGAR_DB :: ERROR] Invalid numeric value for report_date: 01/2016
[2025-03-21 19:58:07,036 :: EDGAR_DB :: ERROR] wmt (1/2016): Invalid data types: report_date=01/2016
[2025-03-21 19:58:07,047 :: EDGAR_DB :: INFO] wmt (1/2016): Updated existing record with 19 non-zero financial metrics
[2025-03-21 19:58:07,059 :: EDGAR_DB :: ERROR] Invalid numeric value for report_date: 04/2016
[2025-03-21 19:58:07,059 :: EDGAR_DB :: ERROR] wmt (4/2016): Invalid data types: report_date=04/2016
[2025-03-21 19:58:07,070 :: EDGAR_DB :: INFO] wmt (4/2016): Updated existing record with 17 non-zero financial metrics
[2025-03-21 19:58:07,082 :: EDGAR_DB :: ERROR] Invalid numeric value for report_date: 07/2016
[2025-03-21 19:58:07,082 :: EDGAR_DB :: ERROR] wmt (7/2016): Invalid data types: report_date=07/2016
[2025-03-21 19:58:07,094 :: EDGAR_DB :: INFO] wmt (7/2016): Updated existing record with 12 non-zero financial metrics
[2025-03-21 19:58:07,106 :: EDGAR_DB :: ERROR] Invalid numeric value for report_date: 10/2016
[2025-03-21 19:58:07,107 :: EDGAR_DB :: ERROR] wmt (10/2016): Invalid data types: report_date=10/2016
[2025-03-21 19:58:07,118 :: EDGAR_DB :: INFO] wmt (10/2016): Updated existing record with 12 non-zero financial metrics
[2025-03-21 19:58:07,130 :: EDGAR_DB :: ERROR] Invalid numeric value for report_date: 01/2017
[2025-03-21 19:58:07,131 :: EDGAR_DB :: ERROR] wmt (1/2017): Invalid data types: report_date=01/2017
[2025-03-21 19:58:07,142 :: EDGAR_DB :: INFO] wmt (1/2017): Updated existing record with 19 non-zero financial metrics
[2025-03-21 19:58:07,154 :: EDGAR_DB :: ERROR] Invalid numeric value for report_date: 04/2017
[2025-03-21 19:58:07,155 :: EDGAR_DB :: ERROR] wmt (4/2017): Invalid data types: report_date=04/2017
[2025-03-21 19:58:07,167 :: EDGAR_DB :: INFO] wmt (4/2017): Updated existing record with 17 non-zero financial metrics
[2025-03-21 19:58:07,180 :: EDGAR_DB :: ERROR] Invalid numeric value for report_date: 07/2017
[2025-03-21 19:58:07,180 :: EDGAR_DB :: ERROR] wmt (7/2017): Invalid data types: report_date=07/2017
[2025-03-21 19:58:07,191 :: EDGAR_DB :: INFO] wmt (7/2017): Updated existing record with 12 non-zero financial metrics
[2025-03-21 19:58:07,204 :: EDGAR_DB :: ERROR] Invalid numeric value for report_date: 10/2017
[2025-03-21 19:58:07,205 :: EDGAR_DB :: ERROR] wmt (10/2017): Invalid data types: report_date=10/2017
[2025-03-21 19:58:07,217 :: EDGAR_DB :: INFO] wmt (10/2017): Updated existing record with 12 non-zero financial metrics
[2025-03-21 19:58:07,231 :: EDGAR_DB :: ERROR] Invalid numeric value for report_date: 01/2018
[2025-03-21 19:58:07,231 :: EDGAR_DB :: ERROR] wmt (1/2018): Invalid data types: report_date=01/2018
[2025-03-21 19:58:07,243 :: EDGAR_DB :: INFO] wmt (1/2018): Updated existing record with 19 non-zero financial metrics
[2025-03-21 19:58:07,255 :: EDGAR_DB :: ERROR] Invalid numeric value for report_date: 04/2018
[2025-03-21 19:58:07,256 :: EDGAR_DB :: ERROR] wmt (4/2018): Invalid data types: report_date=04/2018
[2025-03-21 19:58:07,267 :: EDGAR_DB :: INFO] wmt (4/2018): Updated existing record with 18 non-zero financial metrics
[2025-03-21 19:58:07,280 :: EDGAR_DB :: ERROR] Invalid numeric value for report_date: 07/2018
[2025-03-21 19:58:07,280 :: EDGAR_DB :: ERROR] wmt (7/2018): Invalid data types: report_date=07/2018
[2025-03-21 19:58:07,292 :: EDGAR_DB :: INFO] wmt (7/2018): Updated existing record with 12 non-zero financial metrics
[2025-03-21 19:58:07,310 :: EDGAR_DB :: ERROR] Invalid numeric value for report_date: 10/2018
[2025-03-21 19:58:07,310 :: EDGAR_DB :: ERROR] wmt (10/2018): Invalid data types: report_date=10/2018
[2025-03-21 19:58:07,322 :: EDGAR_DB :: INFO] wmt (10/2018): Updated existing record with 13 non-zero financial metrics
[2025-03-21 19:58:07,334 :: EDGAR_DB :: ERROR] Invalid numeric value for report_date: 01/2019
[2025-03-21 19:58:07,334 :: EDGAR_DB :: ERROR] wmt (1/2019): Invalid data types: report_date=01/2019
[2025-03-21 19:58:07,345 :: EDGAR_DB :: INFO] wmt (1/2019): Updated existing record with 19 non-zero financial metrics
[2025-03-21 19:58:07,358 :: EDGAR_DB :: ERROR] Invalid numeric value for report_date: 04/2019
[2025-03-21 19:58:07,358 :: EDGAR_DB :: ERROR] wmt (4/2019): Invalid data types: report_date=04/2019
[2025-03-21 19:58:07,370 :: EDGAR_DB :: INFO] wmt (4/2019): Updated existing record with 18 non-zero financial metrics
[2025-03-21 19:58:07,383 :: EDGAR_DB :: ERROR] Invalid numeric value for report_date: 07/2019
[2025-03-21 19:58:07,383 :: EDGAR_DB :: ERROR] wmt (7/2019): Invalid data types: report_date=07/2019
[2025-03-21 19:58:07,395 :: EDGAR_DB :: INFO] wmt (7/2019): Updated existing record with 14 non-zero financial metrics
[2025-03-21 19:58:07,407 :: EDGAR_DB :: ERROR] Invalid numeric value for report_date: 10/2019
[2025-03-21 19:58:07,407 :: EDGAR_DB :: ERROR] wmt (10/2019): Invalid data types: report_date=10/2019
[2025-03-21 19:58:07,419 :: EDGAR_DB :: INFO] wmt (10/2019): Updated existing record with 14 non-zero financial metrics
[2025-03-21 19:58:07,431 :: EDGAR_DB :: ERROR] Invalid numeric value for report_date: 01/2020
[2025-03-21 19:58:07,431 :: EDGAR_DB :: ERROR] wmt (1/2020): Invalid data types: report_date=01/2020
[2025-03-21 19:58:07,443 :: EDGAR_DB :: INFO] wmt (1/2020): Updated existing record with 19 non-zero financial metrics
[2025-03-21 19:58:07,456 :: EDGAR_DB :: ERROR] Invalid numeric value for report_date: 04/2020
[2025-03-21 19:58:07,457 :: EDGAR_DB :: ERROR] wmt (4/2020): Invalid data types: report_date=04/2020
[2025-03-21 19:58:07,468 :: EDGAR_DB :: INFO] wmt (4/2020): Updated existing record with 18 non-zero financial metrics
[2025-03-21 19:58:07,481 :: EDGAR_DB :: ERROR] Invalid numeric value for report_date: 07/2020
[2025-03-21 19:58:07,481 :: EDGAR_DB :: ERROR] wmt (7/2020): Invalid data types: report_date=07/2020
[2025-03-21 19:58:07,493 :: EDGAR_DB :: INFO] wmt (7/2020): Updated existing record with 13 non-zero financial metrics
[2025-03-21 19:58:07,505 :: EDGAR_DB :: ERROR] Invalid numeric value for report_date: 10/2020
[2025-03-21 19:58:07,505 :: EDGAR_DB :: ERROR] wmt (10/2020): Invalid data types: report_date=10/2020
[2025-03-21 19:58:07,517 :: EDGAR_DB :: INFO] wmt (10/2020): Updated existing record with 13 non-zero financial metrics
[2025-03-21 19:58:07,529 :: EDGAR_DB :: ERROR] Invalid numeric value for report_date: 01/2021
[2025-03-21 19:58:07,529 :: EDGAR_DB :: ERROR] wmt (1/2021): Invalid data types: report_date=01/2021
[2025-03-21 19:58:07,540 :: EDGAR_DB :: INFO] wmt (1/2021): Updated existing record with 19 non-zero financial metrics
[2025-03-21 19:58:07,553 :: EDGAR_DB :: ERROR] Invalid numeric value for report_date: 04/2021
[2025-03-21 19:58:07,553 :: EDGAR_DB :: ERROR] wmt (4/2021): Invalid data types: report_date=04/2021
[2025-03-21 19:58:07,564 :: EDGAR_DB :: INFO] wmt (4/2021): Updated existing record with 17 non-zero financial metrics
[2025-03-21 19:58:07,577 :: EDGAR_DB :: ERROR] Invalid numeric value for report_date: 07/2021
[2025-03-21 19:58:07,577 :: EDGAR_DB :: ERROR] wmt (7/2021): Invalid data types: report_date=07/2021
[2025-03-21 19:58:07,589 :: EDGAR_DB :: INFO] wmt (7/2021): Updated existing record with 12 non-zero financial metrics
[2025-03-21 19:58:07,608 :: EDGAR_DB :: ERROR] Invalid numeric value for report_date: 10/2021
[2025-03-21 19:58:07,608 :: EDGAR_DB :: ERROR] wmt (10/2021): Invalid data types: report_date=10/2021
[2025-03-21 19:58:07,620 :: EDGAR_DB :: INFO] wmt (10/2021): Updated existing record with 12 non-zero financial metrics
[2025-03-21 19:58:07,633 :: EDGAR_DB :: ERROR] Invalid numeric value for report_date: 01/2022
[2025-03-21 19:58:07,633 :: EDGAR_DB :: ERROR] wmt (1/2022): Invalid data types: report_date=01/2022
[2025-03-21 19:58:07,644 :: EDGAR_DB :: INFO] wmt (1/2022): Updated existing record with 19 non-zero financial metrics
[2025-03-21 19:58:07,657 :: EDGAR_DB :: ERROR] Invalid numeric value for report_date: 04/2022
[2025-03-21 19:58:07,657 :: EDGAR_DB :: ERROR] wmt (4/2022): Invalid data types: report_date=04/2022
[2025-03-21 19:58:07,669 :: EDGAR_DB :: INFO] wmt (4/2022): Updated existing record with 17 non-zero financial metrics
[2025-03-21 19:58:07,681 :: EDGAR_DB :: ERROR] Invalid numeric value for report_date: 07/2022
[2025-03-21 19:58:07,681 :: EDGAR_DB :: ERROR] wmt (7/2022): Invalid data types: report_date=07/2022
[2025-03-21 19:58:07,693 :: EDGAR_DB :: INFO] wmt (7/2022): Updated existing record with 12 non-zero financial metrics
[2025-03-21 19:58:07,705 :: EDGAR_DB :: ERROR] Invalid numeric value for report_date: 10/2022
[2025-03-21 19:58:07,705 :: EDGAR_DB :: ERROR] wmt (10/2022): Invalid data types: report_date=10/2022
[2025-03-21 19:58:07,717 :: EDGAR_DB :: INFO] wmt (10/2022): Updated existing record with 12 non-zero financial metrics
[2025-03-21 19:58:07,730 :: EDGAR_DB :: ERROR] Invalid numeric value for report_date: 01/2023
[2025-03-21 19:58:07,730 :: EDGAR_DB :: ERROR] wmt (1/2023): Invalid data types: report_date=01/2023
[2025-03-21 19:58:07,741 :: EDGAR_DB :: INFO] wmt (1/2023): Updated existing record with 19 non-zero financial metrics
[2025-03-21 19:58:07,756 :: EDGAR_DB :: ERROR] Invalid numeric value for report_date: 04/2023
[2025-03-21 19:58:07,756 :: EDGAR_DB :: ERROR] wmt (4/2023): Invalid data types: report_date=04/2023
[2025-03-21 19:58:07,767 :: EDGAR_DB :: INFO] wmt (4/2023): Updated existing record with 17 non-zero financial metrics
[2025-03-21 19:58:07,780 :: EDGAR_DB :: ERROR] Invalid numeric value for report_date: 07/2023
[2025-03-21 19:58:07,780 :: EDGAR_DB :: ERROR] wmt (7/2023): Invalid data types: report_date=07/2023
[2025-03-21 19:58:07,791 :: EDGAR_DB :: INFO] wmt (7/2023): Updated existing record with 12 non-zero financial metrics
[2025-03-21 19:58:07,804 :: EDGAR_DB :: ERROR] Invalid numeric value for report_date: 10/2023
[2025-03-21 19:58:07,804 :: EDGAR_DB :: ERROR] wmt (10/2023): Invalid data types: report_date=10/2023
[2025-03-21 19:58:07,816 :: EDGAR_DB :: INFO] wmt (10/2023): Updated existing record with 12 non-zero financial metrics
[2025-03-21 19:58:07,829 :: EDGAR_DB :: ERROR] Invalid numeric value for report_date: 01/2024
[2025-03-21 19:58:07,829 :: EDGAR_DB :: ERROR] wmt (1/2024): Invalid data types: report_date=01/2024
[2025-03-21 19:58:07,840 :: EDGAR_DB :: INFO] wmt (1/2024): Updated existing record with 19 non-zero financial metrics
[2025-03-21 19:58:07,853 :: EDGAR_DB :: ERROR] Invalid numeric value for report_date: 04/2024
[2025-03-21 19:58:07,853 :: EDGAR_DB :: ERROR] wmt (4/2024): Invalid data types: report_date=04/2024
[2025-03-21 19:58:07,865 :: EDGAR_DB :: INFO] wmt (4/2024): Updated existing record with 17 non-zero financial metrics
[2025-03-21 19:58:07,878 :: EDGAR_DB :: ERROR] Invalid numeric value for report_date: 07/2024
[2025-03-21 19:58:07,878 :: EDGAR_DB :: ERROR] wmt (7/2024): Invalid data types: report_date=07/2024
[2025-03-21 19:58:07,889 :: EDGAR_DB :: INFO] wmt (7/2024): Updated existing record with 12 non-zero financial metrics
[2025-03-21 19:58:07,902 :: EDGAR_DB :: ERROR] Invalid numeric value for report_date: 10/2024
[2025-03-21 19:58:07,902 :: EDGAR_DB :: ERROR] wmt (10/2024): Invalid data types: report_date=10/2024
[2025-03-21 19:58:07,914 :: EDGAR_DB :: INFO] wmt (10/2024): Updated existing record with 12 non-zero financial metrics
[2025-03-21 19:58:07,926 :: EDGAR_DB :: ERROR] Invalid numeric value for report_date: 01/2025
[2025-03-21 19:58:07,926 :: EDGAR_DB :: ERROR] wmt (1/2025): Invalid data types: report_date=01/2025
[2025-03-21 19:58:07,927 :: EDGAR_DB :: INFO] wmt (1/2025): Created new record with 19 non-zero financial metrics
[2025-03-21 20:02:03,953 :: EDGAR_DB :: ERROR] Invalid numeric value for report_date: 03/2010
[2025-03-21 20:02:03,953 :: EDGAR_DB :: ERROR] jpm (3/2010): Invalid data types: report_date=03/2010
[2025-03-21 20:02:03,954 :: EDGAR_DB :: INFO] jpm (3/2010): Created new record with 14 non-zero financial metrics
[2025-03-21 20:02:03,965 :: EDGAR_DB :: ERROR] Invalid numeric value for report_date: 06/2010
[2025-03-21 20:02:03,965 :: EDGAR_DB :: ERROR] jpm (6/2010): Invalid data types: report_date=06/2010
[2025-03-21 20:02:03,966 :: EDGAR_DB :: INFO] jpm (6/2010): Created new record with 11 non-zero financial metrics
[2025-03-21 20:02:03,977 :: EDGAR_DB :: ERROR] Invalid numeric value for report_date: 09/2010
[2025-03-21 20:02:03,977 :: EDGAR_DB :: ERROR] jpm (9/2010): Invalid data types: report_date=09/2010
[2025-03-21 20:02:03,977 :: EDGAR_DB :: INFO] jpm (9/2010): Created new record with 11 non-zero financial metrics
[2025-03-21 20:02:03,991 :: EDGAR_DB :: ERROR] Invalid numeric value for report_date: 12/2010
[2025-03-21 20:02:03,991 :: EDGAR_DB :: ERROR] jpm (12/2010): Invalid data types: report_date=12/2010
[2025-03-21 20:02:03,991 :: EDGAR_DB :: INFO] jpm (12/2010): Created new record with 15 non-zero financial metrics
[2025-03-21 20:02:04,003 :: EDGAR_DB :: ERROR] Invalid numeric value for report_date: 03/2011
[2025-03-21 20:02:04,004 :: EDGAR_DB :: ERROR] jpm (3/2011): Invalid data types: report_date=03/2011
[2025-03-21 20:02:04,004 :: EDGAR_DB :: INFO] jpm (3/2011): Created new record with 15 non-zero financial metrics
[2025-03-21 20:02:04,020 :: EDGAR_DB :: ERROR] Invalid numeric value for report_date: 06/2011
[2025-03-21 20:02:04,020 :: EDGAR_DB :: ERROR] jpm (6/2011): Invalid data types: report_date=06/2011
[2025-03-21 20:02:04,020 :: EDGAR_DB :: INFO] jpm (6/2011): Created new record with 11 non-zero financial metrics
[2025-03-21 20:02:04,033 :: EDGAR_DB :: ERROR] Invalid numeric value for report_date: 09/2011
[2025-03-21 20:02:04,033 :: EDGAR_DB :: ERROR] jpm (9/2011): Invalid data types: report_date=09/2011
[2025-03-21 20:02:04,034 :: EDGAR_DB :: INFO] jpm (9/2011): Created new record with 11 non-zero financial metrics
[2025-03-21 20:02:04,047 :: EDGAR_DB :: ERROR] Invalid numeric value for report_date: 12/2011
[2025-03-21 20:02:04,047 :: EDGAR_DB :: ERROR] jpm (12/2011): Invalid data types: report_date=12/2011
[2025-03-21 20:02:04,047 :: EDGAR_DB :: INFO] jpm (12/2011): Created new record with 14 non-zero financial metrics
[2025-03-21 20:02:04,066 :: EDGAR_DB :: ERROR] Invalid numeric value for report_date: 03/2012
[2025-03-21 20:02:04,066 :: EDGAR_DB :: ERROR] jpm (3/2012): Invalid data types: report_date=03/2012
[2025-03-21 20:02:04,066 :: EDGAR_DB :: INFO] jpm (3/2012): Created new record with 14 non-zero financial metrics
[2025-03-21 20:02:04,079 :: EDGAR_DB :: ERROR] Invalid numeric value for report_date: 06/2012
[2025-03-21 20:02:04,079 :: EDGAR_DB :: ERROR] jpm (6/2012): Invalid data types: report_date=06/2012
[2025-03-21 20:02:04,080 :: EDGAR_DB :: INFO] jpm (6/2012): Created new record with 11 non-zero financial metrics
[2025-03-21 20:02:04,092 :: EDGAR_DB :: ERROR] Invalid numeric value for report_date: 09/2012
[2025-03-21 20:02:04,092 :: EDGAR_DB :: ERROR] jpm (9/2012): Invalid data types: report_date=09/2012
[2025-03-21 20:02:04,104 :: EDGAR_DB :: INFO] jpm (9/2012): Updated existing record with 11 non-zero financial metrics
[2025-03-21 20:02:04,121 :: EDGAR_DB :: ERROR] Invalid numeric value for report_date: 12/2012
[2025-03-21 20:02:04,122 :: EDGAR_DB :: ERROR] jpm (12/2012): Invalid data types: report_date=12/2012
[2025-03-21 20:02:04,133 :: EDGAR_DB :: INFO] jpm (12/2012): Updated existing record with 14 non-zero financial metrics
[2025-03-21 20:02:04,146 :: EDGAR_DB :: ERROR] Invalid numeric value for report_date: 03/2013
[2025-03-21 20:02:04,146 :: EDGAR_DB :: ERROR] jpm (3/2013): Invalid data types: report_date=03/2013
[2025-03-21 20:02:04,158 :: EDGAR_DB :: INFO] jpm (3/2013): Updated existing record with 14 non-zero financial metrics
[2025-03-21 20:02:04,171 :: EDGAR_DB :: ERROR] Invalid numeric value for report_date: 06/2013
[2025-03-21 20:02:04,171 :: EDGAR_DB :: ERROR] jpm (6/2013): Invalid data types: report_date=06/2013
[2025-03-21 20:02:04,183 :: EDGAR_DB :: INFO] jpm (6/2013): Updated existing record with 11 non-zero financial metrics
[2025-03-21 20:02:04,197 :: EDGAR_DB :: ERROR] Invalid numeric value for report_date: 09/2013
[2025-03-21 20:02:04,197 :: EDGAR_DB :: ERROR] jpm (9/2013): Invalid data types: report_date=09/2013
[2025-03-21 20:02:04,209 :: EDGAR_DB :: INFO] jpm (9/2013): Updated existing record with 11 non-zero financial metrics
[2025-03-21 20:02:04,224 :: EDGAR_DB :: ERROR] Invalid numeric value for report_date: 12/2013
[2025-03-21 20:02:04,224 :: EDGAR_DB :: ERROR] jpm (12/2013): Invalid data types: report_date=12/2013
[2025-03-21 20:02:04,236 :: EDGAR_DB :: INFO] jpm (12/2013): Updated existing record with 14 non-zero financial metrics
[2025-03-21 20:02:04,249 :: EDGAR_DB :: ERROR] Invalid numeric value for report_date: 03/2014
[2025-03-21 20:02:04,249 :: EDGAR_DB :: ERROR] jpm (3/2014): Invalid data types: report_date=03/2014
[2025-03-21 20:02:04,261 :: EDGAR_DB :: INFO] jpm (3/2014): Updated existing record with 14 non-zero financial metrics
[2025-03-21 20:02:04,273 :: EDGAR_DB :: ERROR] Invalid numeric value for report_date: 06/2014
[2025-03-21 20:02:04,273 :: EDGAR_DB :: ERROR] jpm (6/2014): Invalid data types: report_date=06/2014
[2025-03-21 20:02:04,285 :: EDGAR_DB :: INFO] jpm (6/2014): Updated existing record with 11 non-zero financial metrics
[2025-03-21 20:02:04,298 :: EDGAR_DB :: ERROR] Invalid numeric value for report_date: 09/2014
[2025-03-21 20:02:04,298 :: EDGAR_DB :: ERROR] jpm (9/2014): Invalid data types: report_date=09/2014
[2025-03-21 20:02:04,310 :: EDGAR_DB :: INFO] jpm (9/2014): Updated existing record with 10 non-zero financial metrics
[2025-03-21 20:02:04,325 :: EDGAR_DB :: ERROR] Invalid numeric value for report_date: 12/2014
[2025-03-21 20:02:04,325 :: EDGAR_DB :: ERROR] jpm (12/2014): Invalid data types: report_date=12/2014
[2025-03-21 20:02:04,337 :: EDGAR_DB :: INFO] jpm (12/2014): Updated existing record with 13 non-zero financial metrics
[2025-03-21 20:02:04,350 :: EDGAR_DB :: ERROR] Invalid numeric value for report_date: 03/2015
[2025-03-21 20:02:04,350 :: EDGAR_DB :: ERROR] jpm (3/2015): Invalid data types: report_date=03/2015
[2025-03-21 20:02:04,362 :: EDGAR_DB :: INFO] jpm (3/2015): Updated existing record with 13 non-zero financial metrics
[2025-03-21 20:02:04,375 :: EDGAR_DB :: ERROR] Invalid numeric value for report_date: 06/2015
[2025-03-21 20:02:04,375 :: EDGAR_DB :: ERROR] jpm (6/2015): Invalid data types: report_date=06/2015
[2025-03-21 20:02:04,387 :: EDGAR_DB :: INFO] jpm (6/2015): Updated existing record with 10 non-zero financial metrics
[2025-03-21 20:02:04,399 :: EDGAR_DB :: ERROR] Invalid numeric value for report_date: 09/2015
[2025-03-21 20:02:04,400 :: EDGAR_DB :: ERROR] jpm (9/2015): Invalid data types: report_date=09/2015
[2025-03-21 20:02:04,411 :: EDGAR_DB :: INFO] jpm (9/2015): Updated existing record with 10 non-zero financial metrics
[2025-03-21 20:02:04,424 :: EDGAR_DB :: ERROR] Invalid numeric value for report_date: 12/2015
[2025-03-21 20:02:04,424 :: EDGAR_DB :: ERROR] jpm (12/2015): Invalid data types: report_date=12/2015
[2025-03-21 20:02:04,436 :: EDGAR_DB :: INFO] jpm (12/2015): Updated existing record with 13 non-zero financial metrics
[2025-03-21 20:02:04,449 :: EDGAR_DB :: ERROR] Invalid numeric value for report_date: 03/2016
[2025-03-21 20:02:04,449 :: EDGAR_DB :: ERROR] jpm (3/2016): Invalid data types: report_date=03/2016
[2025-03-21 20:02:04,461 :: EDGAR_DB :: INFO] jpm (3/2016): Updated existing record with 13 non-zero financial metrics
[2025-03-21 20:02:04,475 :: EDGAR_DB :: ERROR] Invalid numeric value for report_date: 06/2016
[2025-03-21 20:02:04,476 :: EDGAR_DB :: ERROR] jpm (6/2016): Invalid data types: report_date=06/2016
[2025-03-21 20:02:04,489 :: EDGAR_DB :: INFO] jpm (6/2016): Updated existing record with 10 non-zero financial metrics
[2025-03-21 20:02:04,502 :: EDGAR_DB :: ERROR] Invalid numeric value for report_date: 09/2016
[2025-03-21 20:02:04,502 :: EDGAR_DB :: ERROR] jpm (9/2016): Invalid data types: report_date=09/2016
[2025-03-21 20:02:04,514 :: EDGAR_DB :: INFO] jpm (9/2016): Updated existing record with 11 non-zero financial metrics
[2025-03-21 20:02:04,527 :: EDGAR_DB :: ERROR] Invalid numeric value for report_date: 12/2016
[2025-03-21 20:02:04,527 :: EDGAR_DB :: ERROR] jpm (12/2016): Invalid data types: report_date=12/2016
[2025-03-21 20:02:04,539 :: EDGAR_DB :: INFO] jpm (12/2016): Updated existing record with 14 non-zero financial metrics
[2025-03-21 20:02:04,552 :: EDGAR_DB :: ERROR] Invalid numeric value for report_date: 03/2017
[2025-03-21 20:02:04,552 :: EDGAR_DB :: ERROR] jpm (3/2017): Invalid data types: report_date=03/2017
[2025-03-21 20:02:04,564 :: EDGAR_DB :: INFO] jpm (3/2017): Updated existing record with 14 non-zero financial metrics
[2025-03-21 20:02:04,576 :: EDGAR_DB :: ERROR] Invalid numeric value for report_date: 06/2017
[2025-03-21 20:02:04,576 :: EDGAR_DB :: ERROR] jpm (6/2017): Invalid data types: report_date=06/2017
[2025-03-21 20:02:04,588 :: EDGAR_DB :: INFO] jpm (6/2017): Updated existing record with 11 non-zero financial metrics
[2025-03-21 20:02:04,600 :: EDGAR_DB :: ERROR] Invalid numeric value for report_date: 09/2017
[2025-03-21 20:02:04,600 :: EDGAR_DB :: ERROR] jpm (9/2017): Invalid data types: report_date=09/2017
[2025-03-21 20:02:04,611 :: EDGAR_DB :: INFO] jpm (9/2017): Updated existing record with 11 non-zero financial metrics
[2025-03-21 20:02:04,624 :: EDGAR_DB :: ERROR] Invalid numeric value for report_date: 12/2017
[2025-03-21 20:02:04,624 :: EDGAR_DB :: ERROR] jpm (12/2017): Invalid data types: report_date=12/2017
[2025-03-21 20:02:04,636 :: EDGAR_DB :: INFO] jpm (12/2017): Updated existing record with 15 non-zero financial metrics
[2025-03-21 20:02:04,650 :: EDGAR_DB :: ERROR] Invalid numeric value for report_date: 03/2018
[2025-03-21 20:02:04,651 :: EDGAR_DB :: ERROR] jpm (3/2018): Invalid data types: report_date=03/2018
[2025-03-21 20:02:04,662 :: EDGAR_DB :: INFO] jpm (3/2018): Updated existing record with 16 non-zero financial metrics
[2025-03-21 20:02:04,674 :: EDGAR_DB :: ERROR] Invalid numeric value for report_date: 06/2018
[2025-03-21 20:02:04,674 :: EDGAR_DB :: ERROR] jpm (6/2018): Invalid data types: report_date=06/2018
[2025-03-21 20:02:04,686 :: EDGAR_DB :: INFO] jpm (6/2018): Updated existing record with 12 non-zero financial metrics
[2025-03-21 20:02:04,698 :: EDGAR_DB :: ERROR] Invalid numeric value for report_date: 09/2018
[2025-03-21 20:02:04,699 :: EDGAR_DB :: ERROR] jpm (9/2018): Invalid data types: report_date=09/2018
[2025-03-21 20:02:04,710 :: EDGAR_DB :: INFO] jpm (9/2018): Updated existing record with 12 non-zero financial metrics
[2025-03-21 20:02:04,723 :: EDGAR_DB :: ERROR] Invalid numeric value for report_date: 12/2018
[2025-03-21 20:02:04,723 :: EDGAR_DB :: ERROR] jpm (12/2018): Invalid data types: report_date=12/2018
[2025-03-21 20:02:04,734 :: EDGAR_DB :: INFO] jpm (12/2018): Updated existing record with 16 non-zero financial metrics
[2025-03-21 20:02:04,747 :: EDGAR_DB :: ERROR] Invalid numeric value for report_date: 03/2019
[2025-03-21 20:02:04,747 :: EDGAR_DB :: ERROR] jpm (3/2019): Invalid data types: report_date=03/2019
[2025-03-21 20:02:04,759 :: EDGAR_DB :: INFO] jpm (3/2019): Updated existing record with 15 non-zero financial metrics
[2025-03-21 20:02:04,771 :: EDGAR_DB :: ERROR] Invalid numeric value for report_date: 06/2019
[2025-03-21 20:02:04,771 :: EDGAR_DB :: ERROR] jpm (6/2019): Invalid data types: report_date=06/2019
[2025-03-21 20:02:04,783 :: EDGAR_DB :: INFO] jpm (6/2019): Updated existing record with 11 non-zero financial metrics
[2025-03-21 20:02:04,796 :: EDGAR_DB :: ERROR] Invalid numeric value for report_date: 09/2019
[2025-03-21 20:02:04,796 :: EDGAR_DB :: ERROR] jpm (9/2019): Invalid data types: report_date=09/2019
[2025-03-21 20:02:04,807 :: EDGAR_DB :: INFO] jpm (9/2019): Updated existing record with 10 non-zero financial metrics
[2025-03-21 20:02:04,821 :: EDGAR_DB :: ERROR] Invalid numeric value for report_date: 12/2019
[2025-03-21 20:02:04,821 :: EDGAR_DB :: ERROR] jpm (12/2019): Invalid data types: report_date=12/2019
[2025-03-21 20:02:04,833 :: EDGAR_DB :: INFO] jpm (12/2019): Updated existing record with 14 non-zero financial metrics
[2025-03-21 20:02:04,845 :: EDGAR_DB :: ERROR] Invalid numeric value for report_date: 03/2020
[2025-03-21 20:02:04,846 :: EDGAR_DB :: ERROR] jpm (3/2020): Invalid data types: report_date=03/2020
[2025-03-21 20:02:04,858 :: EDGAR_DB :: INFO] jpm (3/2020): Updated existing record with 14 non-zero financial metrics
[2025-03-21 20:02:04,871 :: EDGAR_DB :: ERROR] Invalid numeric value for report_date: 06/2020
[2025-03-21 20:02:04,871 :: EDGAR_DB :: ERROR] jpm (6/2020): Invalid data types: report_date=06/2020
[2025-03-21 20:02:04,883 :: EDGAR_DB :: INFO] jpm (6/2020): Updated existing record with 10 non-zero financial metrics
[2025-03-21 20:02:04,895 :: EDGAR_DB :: ERROR] Invalid numeric value for report_date: 09/2020
[2025-03-21 20:02:04,895 :: EDGAR_DB :: ERROR] jpm (9/2020): Invalid data types: report_date=09/2020
[2025-03-21 20:02:04,906 :: EDGAR_DB :: INFO] jpm (9/2020): Updated existing record with 10 non-zero financial metrics
[2025-03-21 20:02:04,921 :: EDGAR_DB :: ERROR] Invalid numeric value for report_date: 12/2020
[2025-03-21 20:02:04,921 :: EDGAR_DB :: ERROR] jpm (12/2020): Invalid data types: report_date=12/2020
[2025-03-21 20:02:04,933 :: EDGAR_DB :: INFO] jpm (12/2020): Updated existing record with 14 non-zero financial metrics
[2025-03-21 20:02:04,946 :: EDGAR_DB :: ERROR] Invalid numeric value for report_date: 03/2021
[2025-03-21 20:02:04,946 :: EDGAR_DB :: ERROR] jpm (3/2021): Invalid data types: report_date=03/2021
[2025-03-21 20:02:04,957 :: EDGAR_DB :: INFO] jpm (3/2021): Updated existing record with 14 non-zero financial metrics
[2025-03-21 20:02:04,973 :: EDGAR_DB :: ERROR] Invalid numeric value for report_date: 06/2021
[2025-03-21 20:02:04,973 :: EDGAR_DB :: ERROR] jpm (6/2021): Invalid data types: report_date=06/2021
[2025-03-21 20:02:04,985 :: EDGAR_DB :: INFO] jpm (6/2021): Updated existing record with 10 non-zero financial metrics
[2025-03-21 20:02:04,998 :: EDGAR_DB :: ERROR] Invalid numeric value for report_date: 09/2021
[2025-03-21 20:02:04,998 :: EDGAR_DB :: ERROR] jpm (9/2021): Invalid data types: report_date=09/2021
[2025-03-21 20:02:05,009 :: EDGAR_DB :: INFO] jpm (9/2021): Updated existing record with 10 non-zero financial metrics
[2025-03-21 20:02:05,023 :: EDGAR_DB :: ERROR] Invalid numeric value for report_date: 12/2021
[2025-03-21 20:02:05,023 :: EDGAR_DB :: ERROR] jpm (12/2021): Invalid data types: report_date=12/2021
[2025-03-21 20:02:05,035 :: EDGAR_DB :: INFO] jpm (12/2021): Updated existing record with 14 non-zero financial metrics
[2025-03-21 20:02:05,047 :: EDGAR_DB :: ERROR] Invalid numeric value for report_date: 03/2022
[2025-03-21 20:02:05,047 :: EDGAR_DB :: ERROR] jpm (3/2022): Invalid data types: report_date=03/2022
[2025-03-21 20:02:05,059 :: EDGAR_DB :: INFO] jpm (3/2022): Updated existing record with 14 non-zero financial metrics
[2025-03-21 20:02:05,072 :: EDGAR_DB :: ERROR] Invalid numeric value for report_date: 06/2022
[2025-03-21 20:02:05,073 :: EDGAR_DB :: ERROR] jpm (6/2022): Invalid data types: report_date=06/2022
[2025-03-21 20:02:05,085 :: EDGAR_DB :: INFO] jpm (6/2022): Updated existing record with 10 non-zero financial metrics
[2025-03-21 20:02:05,098 :: EDGAR_DB :: ERROR] Invalid numeric value for report_date: 09/2022
[2025-03-21 20:02:05,099 :: EDGAR_DB :: ERROR] jpm (9/2022): Invalid data types: report_date=09/2022
[2025-03-21 20:02:05,112 :: EDGAR_DB :: INFO] jpm (9/2022): Updated existing record with 10 non-zero financial metrics
[2025-03-21 20:02:05,124 :: EDGAR_DB :: ERROR] Invalid numeric value for report_date: 12/2022
[2025-03-21 20:02:05,125 :: EDGAR_DB :: ERROR] jpm (12/2022): Invalid data types: report_date=12/2022
[2025-03-21 20:02:05,136 :: EDGAR_DB :: INFO] jpm (12/2022): Updated existing record with 14 non-zero financial metrics
[2025-03-21 20:02:05,152 :: EDGAR_DB :: ERROR] Invalid numeric value for report_date: 03/2023
[2025-03-21 20:02:05,152 :: EDGAR_DB :: ERROR] jpm (3/2023): Invalid data types: report_date=03/2023
[2025-03-21 20:02:05,163 :: EDGAR_DB :: INFO] jpm (3/2023): Updated existing record with 14 non-zero financial metrics
[2025-03-21 20:02:05,177 :: EDGAR_DB :: ERROR] Invalid numeric value for report_date: 06/2023
[2025-03-21 20:02:05,178 :: EDGAR_DB :: ERROR] jpm (6/2023): Invalid data types: report_date=06/2023
[2025-03-21 20:02:05,190 :: EDGAR_DB :: INFO] jpm (6/2023): Updated existing record with 10 non-zero financial metrics
[2025-03-21 20:02:05,203 :: EDGAR_DB :: ERROR] Invalid numeric value for report_date: 09/2023
[2025-03-21 20:02:05,203 :: EDGAR_DB :: ERROR] jpm (9/2023): Invalid data types: report_date=09/2023
[2025-03-21 20:02:05,215 :: EDGAR_DB :: INFO] jpm (9/2023): Updated existing record with 10 non-zero financial metrics
[2025-03-21 20:02:05,228 :: EDGAR_DB :: ERROR] Invalid numeric value for report_date: 12/2023
[2025-03-21 20:02:05,229 :: EDGAR_DB :: ERROR] jpm (12/2023): Invalid data types: report_date=12/2023
[2025-03-21 20:02:05,240 :: EDGAR_DB :: INFO] jpm (12/2023): Updated existing record with 14 non-zero financial metrics
[2025-03-21 20:02:05,253 :: EDGAR_DB :: ERROR] Invalid numeric value for report_date: 03/2024
[2025-03-21 20:02:05,253 :: EDGAR_DB :: ERROR] jpm (3/2024): Invalid data types: report_date=03/2024
[2025-03-21 20:02:05,265 :: EDGAR_DB :: INFO] jpm (3/2024): Updated existing record with 14 non-zero financial metrics
[2025-03-21 20:02:05,278 :: EDGAR_DB :: ERROR] Invalid numeric value for report_date: 06/2024
[2025-03-21 20:02:05,278 :: EDGAR_DB :: ERROR] jpm (6/2024): Invalid data types: report_date=06/2024
[2025-03-21 20:02:05,289 :: EDGAR_DB :: INFO] jpm (6/2024): Updated existing record with 9 non-zero financial metrics
[2025-03-21 20:02:05,303 :: EDGAR_DB :: ERROR] Invalid numeric value for report_date: 09/2024
[2025-03-21 20:02:05,303 :: EDGAR_DB :: ERROR] jpm (9/2024): Invalid data types: report_date=09/2024
[2025-03-21 20:02:05,314 :: EDGAR_DB :: INFO] jpm (9/2024): Updated existing record with 9 non-zero financial metrics
[2025-03-21 20:02:05,327 :: EDGAR_DB :: ERROR] Invalid numeric value for report_date: 12/2024
[2025-03-21 20:02:05,328 :: EDGAR_DB :: ERROR] jpm (12/2024): Invalid data types: report_date=12/2024
[2025-03-21 20:02:05,339 :: EDGAR_DB :: INFO] jpm (12/2024): Updated existing record with 13 non-zero financial metrics
[2025-03-21 20:03:17,076 :: EDGAR_DB :: ERROR] Invalid numeric value for report_date: 03/2010
[2025-03-21 20:03:17,076 :: EDGAR_DB :: ERROR] pg (3/2010): Invalid data types: report_date=03/2010
[2025-03-21 20:03:17,076 :: EDGAR_DB :: INFO] pg (3/2010): Created new record with 13 non-zero financial metrics
[2025-03-21 20:03:17,090 :: EDGAR_DB :: ERROR] Invalid numeric value for report_date: 06/2010
[2025-03-21 20:03:17,091 :: EDGAR_DB :: ERROR] pg (6/2010): Invalid data types: report_date=06/2010
[2025-03-21 20:03:17,091 :: EDGAR_DB :: INFO] pg (6/2010): Created new record with 18 non-zero financial metrics
[2025-03-21 20:03:17,103 :: EDGAR_DB :: ERROR] Invalid numeric value for report_date: 09/2010
[2025-03-21 20:03:17,103 :: EDGAR_DB :: ERROR] pg (9/2010): Invalid data types: report_date=09/2010
[2025-03-21 20:03:17,104 :: EDGAR_DB :: INFO] pg (9/2010): Created new record with 18 non-zero financial metrics
[2025-03-21 20:03:17,118 :: EDGAR_DB :: ERROR] Invalid numeric value for report_date: 12/2010
[2025-03-21 20:03:17,118 :: EDGAR_DB :: ERROR] pg (12/2010): Invalid data types: report_date=12/2010
[2025-03-21 20:03:17,118 :: EDGAR_DB :: INFO] pg (12/2010): Created new record with 13 non-zero financial metrics
[2025-03-21 20:03:17,133 :: EDGAR_DB :: ERROR] Invalid numeric value for report_date: 03/2011
[2025-03-21 20:03:17,133 :: EDGAR_DB :: ERROR] pg (3/2011): Invalid data types: report_date=03/2011
[2025-03-21 20:03:17,133 :: EDGAR_DB :: INFO] pg (3/2011): Created new record with 13 non-zero financial metrics
[2025-03-21 20:03:17,146 :: EDGAR_DB :: ERROR] Invalid numeric value for report_date: 06/2011
[2025-03-21 20:03:17,146 :: EDGAR_DB :: ERROR] pg (6/2011): Invalid data types: report_date=06/2011
[2025-03-21 20:03:17,147 :: EDGAR_DB :: INFO] pg (6/2011): Created new record with 18 non-zero financial metrics
[2025-03-21 20:03:17,159 :: EDGAR_DB :: ERROR] Invalid numeric value for report_date: 09/2011
[2025-03-21 20:03:17,159 :: EDGAR_DB :: ERROR] pg (9/2011): Invalid data types: report_date=09/2011
[2025-03-21 20:03:17,160 :: EDGAR_DB :: INFO] pg (9/2011): Created new record with 18 non-zero financial metrics
[2025-03-21 20:03:17,172 :: EDGAR_DB :: ERROR] Invalid numeric value for report_date: 12/2011
[2025-03-21 20:03:17,172 :: EDGAR_DB :: ERROR] pg (12/2011): Invalid data types: report_date=12/2011
[2025-03-21 20:03:17,173 :: EDGAR_DB :: INFO] pg (12/2011): Created new record with 13 non-zero financial metrics
[2025-03-21 20:03:17,186 :: EDGAR_DB :: ERROR] Invalid numeric value for report_date: 03/2012
[2025-03-21 20:03:17,186 :: EDGAR_DB :: ERROR] pg (3/2012): Invalid data types: report_date=03/2012
[2025-03-21 20:03:17,187 :: EDGAR_DB :: INFO] pg (3/2012): Created new record with 13 non-zero financial metrics
[2025-03-21 20:03:17,199 :: EDGAR_DB :: ERROR] Invalid numeric value for report_date: 06/2012
[2025-03-21 20:03:17,199 :: EDGAR_DB :: ERROR] pg (6/2012): Invalid data types: report_date=06/2012
[2025-03-21 20:03:17,200 :: EDGAR_DB :: INFO] pg (6/2012): Created new record with 19 non-zero financial metrics
[2025-03-21 20:03:17,213 :: EDGAR_DB :: ERROR] Invalid numeric value for report_date: 09/2012
[2025-03-21 20:03:17,213 :: EDGAR_DB :: ERROR] pg (9/2012): Invalid data types: report_date=09/2012
[2025-03-21 20:03:17,224 :: EDGAR_DB :: INFO] pg (9/2012): Updated existing record with 18 non-zero financial metrics
[2025-03-21 20:03:17,237 :: EDGAR_DB :: ERROR] Invalid numeric value for report_date: 12/2012
[2025-03-21 20:03:17,237 :: EDGAR_DB :: ERROR] pg (12/2012): Invalid data types: report_date=12/2012
[2025-03-21 20:03:17,249 :: EDGAR_DB :: INFO] pg (12/2012): Updated existing record with 13 non-zero financial metrics
[2025-03-21 20:03:17,262 :: EDGAR_DB :: ERROR] Invalid numeric value for report_date: 03/2013
[2025-03-21 20:03:17,262 :: EDGAR_DB :: ERROR] pg (3/2013): Invalid data types: report_date=03/2013
[2025-03-21 20:03:17,273 :: EDGAR_DB :: INFO] pg (3/2013): Updated existing record with 13 non-zero financial metrics
[2025-03-21 20:03:17,287 :: EDGAR_DB :: ERROR] Invalid numeric value for report_date: 06/2013
[2025-03-21 20:03:17,287 :: EDGAR_DB :: ERROR] pg (6/2013): Invalid data types: report_date=06/2013
[2025-03-21 20:03:17,299 :: EDGAR_DB :: INFO] pg (6/2013): Updated existing record with 19 non-zero financial metrics
[2025-03-21 20:03:17,311 :: EDGAR_DB :: ERROR] Invalid numeric value for report_date: 09/2013
[2025-03-21 20:03:17,311 :: EDGAR_DB :: ERROR] pg (9/2013): Invalid data types: report_date=09/2013
[2025-03-21 20:03:17,324 :: EDGAR_DB :: INFO] pg (9/2013): Updated existing record with 17 non-zero financial metrics
[2025-03-21 20:03:17,337 :: EDGAR_DB :: ERROR] Invalid numeric value for report_date: 12/2013
[2025-03-21 20:03:17,338 :: EDGAR_DB :: ERROR] pg (12/2013): Invalid data types: report_date=12/2013
[2025-03-21 20:03:17,349 :: EDGAR_DB :: INFO] pg (12/2013): Updated existing record with 12 non-zero financial metrics
[2025-03-21 20:03:17,362 :: EDGAR_DB :: ERROR] Invalid numeric value for report_date: 03/2014
[2025-03-21 20:03:17,362 :: EDGAR_DB :: ERROR] pg (3/2014): Invalid data types: report_date=03/2014
[2025-03-21 20:03:17,374 :: EDGAR_DB :: INFO] pg (3/2014): Updated existing record with 12 non-zero financial metrics
[2025-03-21 20:03:17,387 :: EDGAR_DB :: ERROR] Invalid numeric value for report_date: 06/2014
[2025-03-21 20:03:17,387 :: EDGAR_DB :: ERROR] pg (6/2014): Invalid data types: report_date=06/2014
[2025-03-21 20:03:17,399 :: EDGAR_DB :: INFO] pg (6/2014): Updated existing record with 19 non-zero financial metrics
[2025-03-21 20:03:17,412 :: EDGAR_DB :: ERROR] Invalid numeric value for report_date: 09/2014
[2025-03-21 20:03:17,412 :: EDGAR_DB :: ERROR] pg (9/2014): Invalid data types: report_date=09/2014
[2025-03-21 20:03:17,423 :: EDGAR_DB :: INFO] pg (9/2014): Updated existing record with 18 non-zero financial metrics
[2025-03-21 20:03:17,436 :: EDGAR_DB :: ERROR] Invalid numeric value for report_date: 12/2014
[2025-03-21 20:03:17,436 :: EDGAR_DB :: ERROR] pg (12/2014): Invalid data types: report_date=12/2014
[2025-03-21 20:03:17,448 :: EDGAR_DB :: INFO] pg (12/2014): Updated existing record with 13 non-zero financial metrics
[2025-03-21 20:03:17,460 :: EDGAR_DB :: ERROR] Invalid numeric value for report_date: 03/2015
[2025-03-21 20:03:17,461 :: EDGAR_DB :: ERROR] pg (3/2015): Invalid data types: report_date=03/2015
[2025-03-21 20:03:17,472 :: EDGAR_DB :: INFO] pg (3/2015): Updated existing record with 13 non-zero financial metrics
[2025-03-21 20:03:17,484 :: EDGAR_DB :: ERROR] Invalid numeric value for report_date: 06/2015
[2025-03-21 20:03:17,484 :: EDGAR_DB :: ERROR] pg (6/2015): Invalid data types: report_date=06/2015
[2025-03-21 20:03:17,495 :: EDGAR_DB :: INFO] pg (6/2015): Updated existing record with 20 non-zero financial metrics
[2025-03-21 20:03:17,507 :: EDGAR_DB :: ERROR] Invalid numeric value for report_date: 09/2015
[2025-03-21 20:03:17,507 :: EDGAR_DB :: ERROR] pg (9/2015): Invalid data types: report_date=09/2015
[2025-03-21 20:03:17,518 :: EDGAR_DB :: INFO] pg (9/2015): Updated existing record with 18 non-zero financial metrics
[2025-03-21 20:03:17,531 :: EDGAR_DB :: ERROR] Invalid numeric value for report_date: 12/2015
[2025-03-21 20:03:17,531 :: EDGAR_DB :: ERROR] pg (12/2015): Invalid data types: report_date=12/2015
[2025-03-21 20:03:17,541 :: EDGAR_DB :: INFO] pg (12/2015): Updated existing record with 13 non-zero financial metrics
[2025-03-21 20:03:17,553 :: EDGAR_DB :: ERROR] Invalid numeric value for report_date: 03/2016
[2025-03-21 20:03:17,554 :: EDGAR_DB :: ERROR] pg (3/2016): Invalid data types: report_date=03/2016
[2025-03-21 20:03:17,566 :: EDGAR_DB :: INFO] pg (3/2016): Updated existing record with 13 non-zero financial metrics
[2025-03-21 20:03:17,578 :: EDGAR_DB :: ERROR] Invalid numeric value for report_date: 06/2016
[2025-03-21 20:03:17,578 :: EDGAR_DB :: ERROR] pg (6/2016): Invalid data types: report_date=06/2016
[2025-03-21 20:03:17,589 :: EDGAR_DB :: INFO] pg (6/2016): Updated existing record with 19 non-zero financial metrics
[2025-03-21 20:03:17,603 :: EDGAR_DB :: ERROR] Invalid numeric value for report_date: 09/2016
[2025-03-21 20:03:17,603 :: EDGAR_DB :: ERROR] pg (9/2016): Invalid data types: report_date=09/2016
[2025-03-21 20:03:17,615 :: EDGAR_DB :: INFO] pg (9/2016): Updated existing record with 18 non-zero financial metrics
[2025-03-21 20:03:17,628 :: EDGAR_DB :: ERROR] Invalid numeric value for report_date: 12/2016
[2025-03-21 20:03:17,628 :: EDGAR_DB :: ERROR] pg (12/2016): Invalid data types: report_date=12/2016
[2025-03-21 20:03:17,640 :: EDGAR_DB :: INFO] pg (12/2016): Updated existing record with 13 non-zero financial metrics
[2025-03-21 20:03:17,656 :: EDGAR_DB :: ERROR] Invalid numeric value for report_date: 03/2017
[2025-03-21 20:03:17,656 :: EDGAR_DB :: ERROR] pg (3/2017): Invalid data types: report_date=03/2017
[2025-03-21 20:03:17,671 :: EDGAR_DB :: INFO] pg (3/2017): Updated existing record with 13 non-zero financial metrics
[2025-03-21 20:03:17,684 :: EDGAR_DB :: ERROR] Invalid numeric value for report_date: 06/2017
[2025-03-21 20:03:17,684 :: EDGAR_DB :: ERROR] pg (6/2017): Invalid data types: report_date=06/2017
[2025-03-21 20:03:17,699 :: EDGAR_DB :: INFO] pg (6/2017): Updated existing record with 19 non-zero financial metrics
[2025-03-21 20:03:17,714 :: EDGAR_DB :: ERROR] Invalid numeric value for report_date: 09/2017
[2025-03-21 20:03:17,714 :: EDGAR_DB :: ERROR] pg (9/2017): Invalid data types: report_date=09/2017
[2025-03-21 20:03:17,725 :: EDGAR_DB :: INFO] pg (9/2017): Updated existing record with 18 non-zero financial metrics
[2025-03-21 20:03:17,738 :: EDGAR_DB :: ERROR] Invalid numeric value for report_date: 12/2017
[2025-03-21 20:03:17,738 :: EDGAR_DB :: ERROR] pg (12/2017): Invalid data types: report_date=12/2017
[2025-03-21 20:03:17,750 :: EDGAR_DB :: INFO] pg (12/2017): Updated existing record with 13 non-zero financial metrics
[2025-03-21 20:03:17,762 :: EDGAR_DB :: ERROR] Invalid numeric value for report_date: 03/2018
[2025-03-21 20:03:17,762 :: EDGAR_DB :: ERROR] pg (3/2018): Invalid data types: report_date=03/2018
[2025-03-21 20:03:17,774 :: EDGAR_DB :: INFO] pg (3/2018): Updated existing record with 13 non-zero financial metrics
[2025-03-21 20:03:17,790 :: EDGAR_DB :: ERROR] Invalid numeric value for report_date: 06/2018
[2025-03-21 20:03:17,790 :: EDGAR_DB :: ERROR] pg (6/2018): Invalid data types: report_date=06/2018
[2025-03-21 20:03:17,801 :: EDGAR_DB :: INFO] pg (6/2018): Updated existing record with 19 non-zero financial metrics
[2025-03-21 20:03:17,814 :: EDGAR_DB :: ERROR] Invalid numeric value for report_date: 09/2018
[2025-03-21 20:03:17,814 :: EDGAR_DB :: ERROR] pg (9/2018): Invalid data types: report_date=09/2018
[2025-03-21 20:03:17,825 :: EDGAR_DB :: INFO] pg (9/2018): Updated existing record with 18 non-zero financial metrics
[2025-03-21 20:03:17,837 :: EDGAR_DB :: ERROR] Invalid numeric value for report_date: 12/2018
[2025-03-21 20:03:17,837 :: EDGAR_DB :: ERROR] pg (12/2018): Invalid data types: report_date=12/2018
[2025-03-21 20:03:17,849 :: EDGAR_DB :: INFO] pg (12/2018): Updated existing record with 13 non-zero financial metrics
[2025-03-21 20:03:17,861 :: EDGAR_DB :: ERROR] Invalid numeric value for report_date: 03/2019
[2025-03-21 20:03:17,861 :: EDGAR_DB :: ERROR] pg (3/2019): Invalid data types: report_date=03/2019
[2025-03-21 20:03:17,873 :: EDGAR_DB :: INFO] pg (3/2019): Updated existing record with 13 non-zero financial metrics
[2025-03-21 20:03:17,887 :: EDGAR_DB :: ERROR] Invalid numeric value for report_date: 06/2019
[2025-03-21 20:03:17,887 :: EDGAR_DB :: ERROR] pg (6/2019): Invalid data types: report_date=06/2019
[2025-03-21 20:03:17,898 :: EDGAR_DB :: INFO] pg (6/2019): Updated existing record with 19 non-zero financial metrics
[2025-03-21 20:03:17,912 :: EDGAR_DB :: ERROR] Invalid numeric value for report_date: 09/2019
[2025-03-21 20:03:17,912 :: EDGAR_DB :: ERROR] pg (9/2019): Invalid data types: report_date=09/2019
[2025-03-21 20:03:17,924 :: EDGAR_DB :: INFO] pg (9/2019): Updated existing record with 18 non-zero financial metrics
[2025-03-21 20:03:17,939 :: EDGAR_DB :: ERROR] Invalid numeric value for report_date: 12/2019
[2025-03-21 20:03:17,939 :: EDGAR_DB :: ERROR] pg (12/2019): Invalid data types: report_date=12/2019
[2025-03-21 20:03:17,950 :: EDGAR_DB :: INFO] pg (12/2019): Updated existing record with 12 non-zero financial metrics
[2025-03-21 20:03:17,963 :: EDGAR_DB :: ERROR] Invalid numeric value for report_date: 03/2020
[2025-03-21 20:03:17,963 :: EDGAR_DB :: ERROR] pg (3/2020): Invalid data types: report_date=03/2020
[2025-03-21 20:03:17,974 :: EDGAR_DB :: INFO] pg (3/2020): Updated existing record with 12 non-zero financial metrics
[2025-03-21 20:03:17,990 :: EDGAR_DB :: ERROR] Invalid numeric value for report_date: 06/2020
[2025-03-21 20:03:17,990 :: EDGAR_DB :: ERROR] pg (6/2020): Invalid data types: report_date=06/2020
[2025-03-21 20:03:18,001 :: EDGAR_DB :: INFO] pg (6/2020): Updated existing record with 18 non-zero financial metrics
[2025-03-21 20:03:18,014 :: EDGAR_DB :: ERROR] Invalid numeric value for report_date: 09/2020
[2025-03-21 20:03:18,014 :: EDGAR_DB :: ERROR] pg (9/2020): Invalid data types: report_date=09/2020
[2025-03-21 20:03:18,026 :: EDGAR_DB :: INFO] pg (9/2020): Updated existing record with 17 non-zero financial metrics
[2025-03-21 20:03:18,038 :: EDGAR_DB :: ERROR] Invalid numeric value for report_date: 12/2020
[2025-03-21 20:03:18,038 :: EDGAR_DB :: ERROR] pg (12/2020): Invalid data types: report_date=12/2020
[2025-03-21 20:03:18,049 :: EDGAR_DB :: INFO] pg (12/2020): Updated existing record with 12 non-zero financial metrics
[2025-03-21 20:03:18,061 :: EDGAR_DB :: ERROR] Invalid numeric value for report_date: 03/2021
[2025-03-21 20:03:18,061 :: EDGAR_DB :: ERROR] pg (3/2021): Invalid data types: report_date=03/2021
[2025-03-21 20:03:18,073 :: EDGAR_DB :: INFO] pg (3/2021): Updated existing record with 12 non-zero financial metrics
[2025-03-21 20:03:18,085 :: EDGAR_DB :: ERROR] Invalid numeric value for report_date: 06/2021
[2025-03-21 20:03:18,086 :: EDGAR_DB :: ERROR] pg (6/2021): Invalid data types: report_date=06/2021
[2025-03-21 20:03:18,097 :: EDGAR_DB :: INFO] pg (6/2021): Updated existing record with 18 non-zero financial metrics
[2025-03-21 20:03:18,109 :: EDGAR_DB :: ERROR] Invalid numeric value for report_date: 09/2021
[2025-03-21 20:03:18,109 :: EDGAR_DB :: ERROR] pg (9/2021): Invalid data types: report_date=09/2021
[2025-03-21 20:03:18,123 :: EDGAR_DB :: INFO] pg (9/2021): Updated existing record with 17 non-zero financial metrics
[2025-03-21 20:03:18,135 :: EDGAR_DB :: ERROR] Invalid numeric value for report_date: 12/2021
[2025-03-21 20:03:18,135 :: EDGAR_DB :: ERROR] pg (12/2021): Invalid data types: report_date=12/2021
[2025-03-21 20:03:18,146 :: EDGAR_DB :: INFO] pg (12/2021): Updated existing record with 12 non-zero financial metrics
[2025-03-21 20:03:18,159 :: EDGAR_DB :: ERROR] Invalid numeric value for report_date: 03/2022
[2025-03-21 20:03:18,159 :: EDGAR_DB :: ERROR] pg (3/2022): Invalid data types: report_date=03/2022
[2025-03-21 20:03:18,170 :: EDGAR_DB :: INFO] pg (3/2022): Updated existing record with 12 non-zero financial metrics
[2025-03-21 20:03:18,183 :: EDGAR_DB :: ERROR] Invalid numeric value for report_date: 06/2022
[2025-03-21 20:03:18,183 :: EDGAR_DB :: ERROR] pg (6/2022): Invalid data types: report_date=06/2022
[2025-03-21 20:03:18,194 :: EDGAR_DB :: INFO] pg (6/2022): Updated existing record with 18 non-zero financial metrics
[2025-03-21 20:03:18,206 :: EDGAR_DB :: ERROR] Invalid numeric value for report_date: 09/2022
[2025-03-21 20:03:18,207 :: EDGAR_DB :: ERROR] pg (9/2022): Invalid data types: report_date=09/2022
[2025-03-21 20:03:18,218 :: EDGAR_DB :: INFO] pg (9/2022): Updated existing record with 17 non-zero financial metrics
[2025-03-21 20:03:18,231 :: EDGAR_DB :: ERROR] Invalid numeric value for report_date: 12/2022
[2025-03-21 20:03:18,232 :: EDGAR_DB :: ERROR] pg (12/2022): Invalid data types: report_date=12/2022
[2025-03-21 20:03:18,243 :: EDGAR_DB :: INFO] pg (12/2022): Updated existing record with 12 non-zero financial metrics
[2025-03-21 20:03:18,255 :: EDGAR_DB :: ERROR] Invalid numeric value for report_date: 03/2023
[2025-03-21 20:03:18,256 :: EDGAR_DB :: ERROR] pg (3/2023): Invalid data types: report_date=03/2023
[2025-03-21 20:03:18,267 :: EDGAR_DB :: INFO] pg (3/2023): Updated existing record with 12 non-zero financial metrics
[2025-03-21 20:03:18,279 :: EDGAR_DB :: ERROR] Invalid numeric value for report_date: 06/2023
[2025-03-21 20:03:18,279 :: EDGAR_DB :: ERROR] pg (6/2023): Invalid data types: report_date=06/2023
[2025-03-21 20:03:18,290 :: EDGAR_DB :: INFO] pg (6/2023): Updated existing record with 18 non-zero financial metrics
[2025-03-21 20:03:18,304 :: EDGAR_DB :: ERROR] Invalid numeric value for report_date: 09/2023
[2025-03-21 20:03:18,304 :: EDGAR_DB :: ERROR] pg (9/2023): Invalid data types: report_date=09/2023
[2025-03-21 20:03:18,316 :: EDGAR_DB :: INFO] pg (9/2023): Updated existing record with 17 non-zero financial metrics
[2025-03-21 20:03:18,329 :: EDGAR_DB :: ERROR] Invalid numeric value for report_date: 12/2023
[2025-03-21 20:03:18,329 :: EDGAR_DB :: ERROR] pg (12/2023): Invalid data types: report_date=12/2023
[2025-03-21 20:03:18,340 :: EDGAR_DB :: INFO] pg (12/2023): Updated existing record with 12 non-zero financial metrics
[2025-03-21 20:03:18,353 :: EDGAR_DB :: ERROR] Invalid numeric value for report_date: 03/2024
[2025-03-21 20:03:18,353 :: EDGAR_DB :: ERROR] pg (3/2024): Invalid data types: report_date=03/2024
[2025-03-21 20:03:18,365 :: EDGAR_DB :: INFO] pg (3/2024): Updated existing record with 12 non-zero financial metrics
[2025-03-21 20:03:18,377 :: EDGAR_DB :: ERROR] Invalid numeric value for report_date: 06/2024
[2025-03-21 20:03:18,377 :: EDGAR_DB :: ERROR] pg (6/2024): Invalid data types: report_date=06/2024
[2025-03-21 20:03:18,389 :: EDGAR_DB :: INFO] pg (6/2024): Updated existing record with 17 non-zero financial metrics
[2025-03-21 20:03:18,403 :: EDGAR_DB :: ERROR] Invalid numeric value for report_date: 09/2024
[2025-03-21 20:03:18,403 :: EDGAR_DB :: ERROR] pg (9/2024): Invalid data types: report_date=09/2024
[2025-03-21 20:03:18,414 :: EDGAR_DB :: INFO] pg (9/2024): Updated existing record with 16 non-zero financial metrics
[2025-03-21 20:03:18,429 :: EDGAR_DB :: ERROR] Invalid numeric value for report_date: 12/2024
[2025-03-21 20:03:18,429 :: EDGAR_DB :: ERROR] pg (12/2024): Invalid data types: report_date=12/2024
[2025-03-21 20:03:18,440 :: EDGAR_DB :: INFO] pg (12/2024): Updated existing record with 11 non-zero financial metrics
[2025-03-21 20:04:47,912 :: EDGAR_DB :: ERROR] Invalid numeric value for report_date: 05/2010
[2025-03-21 20:04:47,912 :: EDGAR_DB :: ERROR] nvda (5/2010): Invalid data types: report_date=05/2010
[2025-03-21 20:04:47,914 :: EDGAR_DB :: INFO] nvda (5/2010): Created new record with 17 non-zero financial metrics
[2025-03-21 20:04:47,926 :: EDGAR_DB :: ERROR] Invalid numeric value for report_date: 08/2010
[2025-03-21 20:04:47,926 :: EDGAR_DB :: ERROR] nvda (8/2010): Invalid data types: report_date=08/2010
[2025-03-21 20:04:47,927 :: EDGAR_DB :: INFO] nvda (8/2010): Created new record with 14 non-zero financial metrics
[2025-03-21 20:04:47,939 :: EDGAR_DB :: ERROR] Invalid numeric value for report_date: 10/2010
[2025-03-21 20:04:47,939 :: EDGAR_DB :: ERROR] nvda (10/2010): Invalid data types: report_date=10/2010
[2025-03-21 20:04:47,939 :: EDGAR_DB :: INFO] nvda (10/2010): Created new record with 14 non-zero financial metrics
[2025-03-21 20:04:47,952 :: EDGAR_DB :: ERROR] Invalid numeric value for report_date: 01/2011
[2025-03-21 20:04:47,953 :: EDGAR_DB :: WARNING] nvda (1/2011): Found zero values for fields: Share Repurchases
[2025-03-21 20:04:47,953 :: EDGAR_DB :: ERROR] nvda (1/2011): Invalid data types: report_date=01/2011
[2025-03-21 20:04:47,953 :: EDGAR_DB :: INFO] nvda (1/2011): Created new record with 18 non-zero financial metrics
[2025-03-21 20:04:47,966 :: EDGAR_DB :: ERROR] Invalid numeric value for report_date: 05/2011
[2025-03-21 20:04:47,966 :: EDGAR_DB :: ERROR] nvda (5/2011): Invalid data types: report_date=05/2011
[2025-03-21 20:04:47,967 :: EDGAR_DB :: INFO] nvda (5/2011): Created new record with 17 non-zero financial metrics
[2025-03-21 20:04:47,979 :: EDGAR_DB :: ERROR] Invalid numeric value for report_date: 07/2011
[2025-03-21 20:04:47,979 :: EDGAR_DB :: ERROR] nvda (7/2011): Invalid data types: report_date=07/2011
[2025-03-21 20:04:47,980 :: EDGAR_DB :: INFO] nvda (7/2011): Created new record with 14 non-zero financial metrics
[2025-03-21 20:04:47,992 :: EDGAR_DB :: ERROR] Invalid numeric value for report_date: 10/2011
[2025-03-21 20:04:47,992 :: EDGAR_DB :: ERROR] nvda (10/2011): Invalid data types: report_date=10/2011
[2025-03-21 20:04:47,993 :: EDGAR_DB :: INFO] nvda (10/2011): Created new record with 14 non-zero financial metrics
[2025-03-21 20:04:48,006 :: EDGAR_DB :: ERROR] Invalid numeric value for report_date: 01/2012
[2025-03-21 20:04:48,006 :: EDGAR_DB :: ERROR] nvda (1/2012): Invalid data types: report_date=01/2012
[2025-03-21 20:04:48,006 :: EDGAR_DB :: INFO] nvda (1/2012): Created new record with 19 non-zero financial metrics
[2025-03-21 20:04:48,018 :: EDGAR_DB :: ERROR] Invalid numeric value for report_date: 04/2012
[2025-03-21 20:04:48,018 :: EDGAR_DB :: ERROR] nvda (4/2012): Invalid data types: report_date=04/2012
[2025-03-21 20:04:48,019 :: EDGAR_DB :: INFO] nvda (4/2012): Created new record with 18 non-zero financial metrics
[2025-03-21 20:04:48,032 :: EDGAR_DB :: ERROR] Invalid numeric value for report_date: 07/2012
[2025-03-21 20:04:48,032 :: EDGAR_DB :: ERROR] nvda (7/2012): Invalid data types: report_date=07/2012
[2025-03-21 20:04:48,032 :: EDGAR_DB :: INFO] nvda (7/2012): Created new record with 14 non-zero financial metrics
[2025-03-21 20:04:48,045 :: EDGAR_DB :: ERROR] Invalid numeric value for report_date: 10/2012
[2025-03-21 20:04:48,045 :: EDGAR_DB :: ERROR] nvda (10/2012): Invalid data types: report_date=10/2012
[2025-03-21 20:04:48,056 :: EDGAR_DB :: INFO] nvda (10/2012): Updated existing record with 14 non-zero financial metrics
[2025-03-21 20:04:48,069 :: EDGAR_DB :: ERROR] Invalid numeric value for report_date: 01/2013
[2025-03-21 20:04:48,069 :: EDGAR_DB :: ERROR] nvda (1/2013): Invalid data types: report_date=01/2013
[2025-03-21 20:04:48,081 :: EDGAR_DB :: INFO] nvda (1/2013): Updated existing record with 19 non-zero financial metrics
[2025-03-21 20:04:48,094 :: EDGAR_DB :: ERROR] Invalid numeric value for report_date: 04/2013
[2025-03-21 20:04:48,094 :: EDGAR_DB :: ERROR] nvda (4/2013): Invalid data types: report_date=04/2013
[2025-03-21 20:04:48,094 :: EDGAR_DB :: INFO] nvda (4/2013): Created new record with 19 non-zero financial metrics
[2025-03-21 20:04:48,108 :: EDGAR_DB :: ERROR] Invalid numeric value for report_date: 07/2013
[2025-03-21 20:04:48,108 :: EDGAR_DB :: ERROR] nvda (7/2013): Invalid data types: report_date=07/2013
[2025-03-21 20:04:48,109 :: EDGAR_DB :: INFO] nvda (7/2013): Created new record with 14 non-zero financial metrics
[2025-03-21 20:04:48,125 :: EDGAR_DB :: ERROR] Invalid numeric value for report_date: 10/2013
[2025-03-21 20:04:48,125 :: EDGAR_DB :: ERROR] nvda (10/2013): Invalid data types: report_date=10/2013
[2025-03-21 20:04:48,137 :: EDGAR_DB :: INFO] nvda (10/2013): Updated existing record with 14 non-zero financial metrics
[2025-03-21 20:04:48,149 :: EDGAR_DB :: ERROR] Invalid numeric value for report_date: 01/2014
[2025-03-21 20:04:48,150 :: EDGAR_DB :: ERROR] nvda (1/2014): Invalid data types: report_date=01/2014
[2025-03-21 20:04:48,150 :: EDGAR_DB :: INFO] nvda (1/2014): Created new record with 20 non-zero financial metrics
[2025-03-21 20:04:48,163 :: EDGAR_DB :: ERROR] Invalid numeric value for report_date: 04/2014
[2025-03-21 20:04:48,163 :: EDGAR_DB :: ERROR] nvda (4/2014): Invalid data types: report_date=04/2014
[2025-03-21 20:04:48,163 :: EDGAR_DB :: INFO] nvda (4/2014): Created new record with 21 non-zero financial metrics
[2025-03-21 20:04:48,177 :: EDGAR_DB :: ERROR] Invalid numeric value for report_date: 07/2014
[2025-03-21 20:04:48,177 :: EDGAR_DB :: ERROR] nvda (7/2014): Invalid data types: report_date=07/2014
[2025-03-21 20:04:48,177 :: EDGAR_DB :: INFO] nvda (7/2014): Created new record with 16 non-zero financial metrics
[2025-03-21 20:04:48,192 :: EDGAR_DB :: ERROR] Invalid numeric value for report_date: 10/2014
[2025-03-21 20:04:48,192 :: EDGAR_DB :: ERROR] nvda (10/2014): Invalid data types: report_date=10/2014
[2025-03-21 20:04:48,204 :: EDGAR_DB :: INFO] nvda (10/2014): Updated existing record with 17 non-zero financial metrics
[2025-03-21 20:04:48,217 :: EDGAR_DB :: ERROR] Invalid numeric value for report_date: 01/2015
[2025-03-21 20:04:48,217 :: EDGAR_DB :: ERROR] nvda (1/2015): Invalid data types: report_date=01/2015
[2025-03-21 20:04:48,229 :: EDGAR_DB :: INFO] nvda (1/2015): Updated existing record with 20 non-zero financial metrics
[2025-03-21 20:04:48,242 :: EDGAR_DB :: ERROR] Invalid numeric value for report_date: 04/2015
[2025-03-21 20:04:48,242 :: EDGAR_DB :: ERROR] nvda (4/2015): Invalid data types: report_date=04/2015
[2025-03-21 20:04:48,254 :: EDGAR_DB :: INFO] nvda (4/2015): Updated existing record with 21 non-zero financial metrics
[2025-03-21 20:04:48,268 :: EDGAR_DB :: ERROR] Invalid numeric value for report_date: 07/2015
[2025-03-21 20:04:48,268 :: EDGAR_DB :: ERROR] nvda (7/2015): Invalid data types: report_date=07/2015
[2025-03-21 20:04:48,269 :: EDGAR_DB :: INFO] nvda (7/2015): Created new record with 17 non-zero financial metrics
[2025-03-21 20:04:48,283 :: EDGAR_DB :: ERROR] Invalid numeric value for report_date: 10/2015
[2025-03-21 20:04:48,283 :: EDGAR_DB :: ERROR] nvda (10/2015): Invalid data types: report_date=10/2015
[2025-03-21 20:04:48,296 :: EDGAR_DB :: INFO] nvda (10/2015): Updated existing record with 16 non-zero financial metrics
[2025-03-21 20:04:48,311 :: EDGAR_DB :: ERROR] Invalid numeric value for report_date: 01/2016
[2025-03-21 20:04:48,311 :: EDGAR_DB :: ERROR] nvda (1/2016): Invalid data types: report_date=01/2016
[2025-03-21 20:04:48,324 :: EDGAR_DB :: INFO] nvda (1/2016): Updated existing record with 21 non-zero financial metrics
[2025-03-21 20:04:48,338 :: EDGAR_DB :: ERROR] Invalid numeric value for report_date: 05/2016
[2025-03-21 20:04:48,338 :: EDGAR_DB :: ERROR] nvda (5/2016): Invalid data types: report_date=05/2016
[2025-03-21 20:04:48,339 :: EDGAR_DB :: INFO] nvda (5/2016): Created new record with 21 non-zero financial metrics
[2025-03-21 20:04:48,352 :: EDGAR_DB :: ERROR] Invalid numeric value for report_date: 07/2016
[2025-03-21 20:04:48,352 :: EDGAR_DB :: ERROR] nvda (7/2016): Invalid data types: report_date=07/2016
[2025-03-21 20:04:48,363 :: EDGAR_DB :: INFO] nvda (7/2016): Updated existing record with 16 non-zero financial metrics
[2025-03-21 20:04:48,379 :: EDGAR_DB :: ERROR] Invalid numeric value for report_date: 10/2016
[2025-03-21 20:04:48,379 :: EDGAR_DB :: ERROR] nvda (10/2016): Invalid data types: report_date=10/2016
[2025-03-21 20:04:48,393 :: EDGAR_DB :: INFO] nvda (10/2016): Updated existing record with 17 non-zero financial metrics
[2025-03-21 20:04:48,406 :: EDGAR_DB :: ERROR] Invalid numeric value for report_date: 01/2017
[2025-03-21 20:04:48,406 :: EDGAR_DB :: ERROR] nvda (1/2017): Invalid data types: report_date=01/2017
[2025-03-21 20:04:48,418 :: EDGAR_DB :: INFO] nvda (1/2017): Updated existing record with 21 non-zero financial metrics
[2025-03-21 20:04:48,433 :: EDGAR_DB :: ERROR] Invalid numeric value for report_date: 04/2017
[2025-03-21 20:04:48,433 :: EDGAR_DB :: WARNING] nvda (4/2017): Found zero values for fields: Share Repurchases
[2025-03-21 20:04:48,433 :: EDGAR_DB :: ERROR] nvda (4/2017): Invalid data types: report_date=04/2017
[2025-03-21 20:04:48,448 :: EDGAR_DB :: INFO] nvda (4/2017): Updated existing record with 21 non-zero financial metrics
[2025-03-21 20:04:48,461 :: EDGAR_DB :: ERROR] Invalid numeric value for report_date: 07/2017
[2025-03-21 20:04:48,461 :: EDGAR_DB :: ERROR] nvda (7/2017): Invalid data types: report_date=07/2017
[2025-03-21 20:04:48,474 :: EDGAR_DB :: INFO] nvda (7/2017): Updated existing record with 17 non-zero financial metrics
[2025-03-21 20:04:48,487 :: EDGAR_DB :: ERROR] Invalid numeric value for report_date: 10/2017
[2025-03-21 20:04:48,488 :: EDGAR_DB :: ERROR] nvda (10/2017): Invalid data types: report_date=10/2017
[2025-03-21 20:04:48,501 :: EDGAR_DB :: INFO] nvda (10/2017): Updated existing record with 17 non-zero financial metrics
[2025-03-21 20:04:48,515 :: EDGAR_DB :: ERROR] Invalid numeric value for report_date: 01/2018
[2025-03-21 20:04:48,515 :: EDGAR_DB :: ERROR] nvda (1/2018): Invalid data types: report_date=01/2018
[2025-03-21 20:04:48,528 :: EDGAR_DB :: INFO] nvda (1/2018): Updated existing record with 21 non-zero financial metrics
[2025-03-21 20:04:48,542 :: EDGAR_DB :: ERROR] Invalid numeric value for report_date: 04/2018
[2025-03-21 20:04:48,542 :: EDGAR_DB :: ERROR] nvda (4/2018): Invalid data types: report_date=04/2018
[2025-03-21 20:04:48,554 :: EDGAR_DB :: INFO] nvda (4/2018): Updated existing record with 22 non-zero financial metrics
[2025-03-21 20:04:48,566 :: EDGAR_DB :: ERROR] Invalid numeric value for report_date: 07/2018
[2025-03-21 20:04:48,567 :: EDGAR_DB :: ERROR] nvda (7/2018): Invalid data types: report_date=07/2018
[2025-03-21 20:04:48,578 :: EDGAR_DB :: INFO] nvda (7/2018): Updated existing record with 18 non-zero financial metrics
[2025-03-21 20:04:48,590 :: EDGAR_DB :: ERROR] Invalid numeric value for report_date: 10/2018
[2025-03-21 20:04:48,591 :: EDGAR_DB :: ERROR] nvda (10/2018): Invalid data types: report_date=10/2018
[2025-03-21 20:04:48,602 :: EDGAR_DB :: INFO] nvda (10/2018): Updated existing record with 18 non-zero financial metrics
[2025-03-21 20:04:48,615 :: EDGAR_DB :: ERROR] Invalid numeric value for report_date: 01/2019
[2025-03-21 20:04:48,615 :: EDGAR_DB :: ERROR] nvda (1/2019): Invalid data types: report_date=01/2019
[2025-03-21 20:04:48,628 :: EDGAR_DB :: INFO] nvda (1/2019): Updated existing record with 22 non-zero financial metrics
[2025-03-21 20:04:48,644 :: EDGAR_DB :: ERROR] Invalid numeric value for report_date: 04/2019
[2025-03-21 20:04:48,644 :: EDGAR_DB :: WARNING] nvda (4/2019): Found zero values for fields: Share Repurchases
[2025-03-21 20:04:48,644 :: EDGAR_DB :: ERROR] nvda (4/2019): Invalid data types: report_date=04/2019
[2025-03-21 20:04:48,656 :: EDGAR_DB :: INFO] nvda (4/2019): Updated existing record with 22 non-zero financial metrics
[2025-03-21 20:04:48,670 :: EDGAR_DB :: ERROR] Invalid numeric value for report_date: 07/2019
[2025-03-21 20:04:48,670 :: EDGAR_DB :: ERROR] nvda (7/2019): Invalid data types: report_date=07/2019
[2025-03-21 20:04:48,682 :: EDGAR_DB :: INFO] nvda (7/2019): Updated existing record with 18 non-zero financial metrics
[2025-03-21 20:04:48,695 :: EDGAR_DB :: ERROR] Invalid numeric value for report_date: 10/2019
[2025-03-21 20:04:48,695 :: EDGAR_DB :: ERROR] nvda (10/2019): Invalid data types: report_date=10/2019
[2025-03-21 20:04:48,707 :: EDGAR_DB :: INFO] nvda (10/2019): Updated existing record with 18 non-zero financial metrics
[2025-03-21 20:04:48,719 :: EDGAR_DB :: ERROR] Invalid numeric value for report_date: 01/2020
[2025-03-21 20:04:48,719 :: EDGAR_DB :: WARNING] nvda (1/2020): Found zero values for fields: Share Repurchases
[2025-03-21 20:04:48,719 :: EDGAR_DB :: ERROR] nvda (1/2020): Invalid data types: report_date=01/2020
[2025-03-21 20:04:48,732 :: EDGAR_DB :: INFO] nvda (1/2020): Updated existing record with 21 non-zero financial metrics
[2025-03-21 20:04:48,745 :: EDGAR_DB :: ERROR] Invalid numeric value for report_date: 04/2020
[2025-03-21 20:04:48,745 :: EDGAR_DB :: ERROR] nvda (4/2020): Invalid data types: report_date=04/2020
[2025-03-21 20:04:48,757 :: EDGAR_DB :: INFO] nvda (4/2020): Updated existing record with 22 non-zero financial metrics
[2025-03-21 20:04:48,770 :: EDGAR_DB :: ERROR] Invalid numeric value for report_date: 07/2020
[2025-03-21 20:04:48,770 :: EDGAR_DB :: ERROR] nvda (7/2020): Invalid data types: report_date=07/2020
[2025-03-21 20:04:48,782 :: EDGAR_DB :: INFO] nvda (7/2020): Updated existing record with 18 non-zero financial metrics
[2025-03-21 20:04:48,795 :: EDGAR_DB :: ERROR] Invalid numeric value for report_date: 10/2020
[2025-03-21 20:04:48,795 :: EDGAR_DB :: ERROR] nvda (10/2020): Invalid data types: report_date=10/2020
[2025-03-21 20:04:48,808 :: EDGAR_DB :: INFO] nvda (10/2020): Updated existing record with 18 non-zero financial metrics
[2025-03-21 20:04:48,821 :: EDGAR_DB :: ERROR] Invalid numeric value for report_date: 01/2021
[2025-03-21 20:04:48,821 :: EDGAR_DB :: WARNING] nvda (1/2021): Found zero values for fields: Share Repurchases
[2025-03-21 20:04:48,821 :: EDGAR_DB :: ERROR] nvda (1/2021): Invalid data types: report_date=01/2021
[2025-03-21 20:04:48,833 :: EDGAR_DB :: INFO] nvda (1/2021): Updated existing record with 21 non-zero financial metrics
[2025-03-21 20:04:48,846 :: EDGAR_DB :: ERROR] Invalid numeric value for report_date: 05/2021
[2025-03-21 20:04:48,847 :: EDGAR_DB :: ERROR] nvda (5/2021): Invalid data types: report_date=05/2021
[2025-03-21 20:04:48,847 :: EDGAR_DB :: INFO] nvda (5/2021): Created new record with 21 non-zero financial metrics
[2025-03-21 20:04:48,860 :: EDGAR_DB :: ERROR] Invalid numeric value for report_date: 08/2021
[2025-03-21 20:04:48,860 :: EDGAR_DB :: ERROR] nvda (8/2021): Invalid data types: report_date=08/2021
[2025-03-21 20:04:48,860 :: EDGAR_DB :: INFO] nvda (8/2021): Created new record with 18 non-zero financial metrics
[2025-03-21 20:04:48,873 :: EDGAR_DB :: ERROR] Invalid numeric value for report_date: 10/2021
[2025-03-21 20:04:48,873 :: EDGAR_DB :: ERROR] nvda (10/2021): Invalid data types: report_date=10/2021
[2025-03-21 20:04:48,885 :: EDGAR_DB :: INFO] nvda (10/2021): Updated existing record with 18 non-zero financial metrics
[2025-03-21 20:04:48,898 :: EDGAR_DB :: ERROR] Invalid numeric value for report_date: 01/2022
[2025-03-21 20:04:48,898 :: EDGAR_DB :: ERROR] nvda (1/2022): Invalid data types: report_date=01/2022
[2025-03-21 20:04:48,910 :: EDGAR_DB :: INFO] nvda (1/2022): Updated existing record with 21 non-zero financial metrics
[2025-03-21 20:04:48,924 :: EDGAR_DB :: ERROR] Invalid numeric value for report_date: 05/2022
[2025-03-21 20:04:48,924 :: EDGAR_DB :: ERROR] nvda (5/2022): Invalid data types: report_date=05/2022
[2025-03-21 20:04:48,925 :: EDGAR_DB :: INFO] nvda (5/2022): Created new record with 22 non-zero financial metrics
[2025-03-21 20:04:48,937 :: EDGAR_DB :: ERROR] Invalid numeric value for report_date: 07/2022
[2025-03-21 20:04:48,937 :: EDGAR_DB :: ERROR] nvda (7/2022): Invalid data types: report_date=07/2022
[2025-03-21 20:04:48,949 :: EDGAR_DB :: INFO] nvda (7/2022): Updated existing record with 18 non-zero financial metrics
[2025-03-21 20:04:48,962 :: EDGAR_DB :: ERROR] Invalid numeric value for report_date: 10/2022
[2025-03-21 20:04:48,962 :: EDGAR_DB :: ERROR] nvda (10/2022): Invalid data types: report_date=10/2022
[2025-03-21 20:04:48,974 :: EDGAR_DB :: INFO] nvda (10/2022): Updated existing record with 18 non-zero financial metrics
[2025-03-21 20:04:48,987 :: EDGAR_DB :: ERROR] Invalid numeric value for report_date: 01/2023
[2025-03-21 20:04:48,987 :: EDGAR_DB :: ERROR] nvda (1/2023): Invalid data types: report_date=01/2023
[2025-03-21 20:04:48,999 :: EDGAR_DB :: INFO] nvda (1/2023): Updated existing record with 22 non-zero financial metrics
[2025-03-21 20:04:49,012 :: EDGAR_DB :: ERROR] Invalid numeric value for report_date: 04/2023
[2025-03-21 20:04:49,012 :: EDGAR_DB :: WARNING] nvda (4/2023): Found zero values for fields: Share Repurchases
[2025-03-21 20:04:49,012 :: EDGAR_DB :: ERROR] nvda (4/2023): Invalid data types: report_date=04/2023
[2025-03-21 20:04:49,024 :: EDGAR_DB :: INFO] nvda (4/2023): Updated existing record with 21 non-zero financial metrics
[2025-03-21 20:04:49,036 :: EDGAR_DB :: ERROR] Invalid numeric value for report_date: 07/2023
[2025-03-21 20:04:49,037 :: EDGAR_DB :: ERROR] nvda (7/2023): Invalid data types: report_date=07/2023
[2025-03-21 20:04:49,048 :: EDGAR_DB :: INFO] nvda (7/2023): Updated existing record with 18 non-zero financial metrics
[2025-03-21 20:04:49,061 :: EDGAR_DB :: ERROR] Invalid numeric value for report_date: 10/2023
[2025-03-21 20:04:49,061 :: EDGAR_DB :: ERROR] nvda (10/2023): Invalid data types: report_date=10/2023
[2025-03-21 20:04:49,073 :: EDGAR_DB :: INFO] nvda (10/2023): Updated existing record with 18 non-zero financial metrics
[2025-03-21 20:04:49,088 :: EDGAR_DB :: ERROR] Invalid numeric value for report_date: 01/2024
[2025-03-21 20:04:49,088 :: EDGAR_DB :: ERROR] nvda (1/2024): Invalid data types: report_date=01/2024
[2025-03-21 20:04:49,100 :: EDGAR_DB :: INFO] nvda (1/2024): Updated existing record with 22 non-zero financial metrics
[2025-03-21 20:04:49,116 :: EDGAR_DB :: ERROR] Invalid numeric value for report_date: 04/2024
[2025-03-21 20:04:49,116 :: EDGAR_DB :: ERROR] nvda (4/2024): Invalid data types: report_date=04/2024
[2025-03-21 20:04:49,128 :: EDGAR_DB :: INFO] nvda (4/2024): Updated existing record with 22 non-zero financial metrics
[2025-03-21 20:04:49,144 :: EDGAR_DB :: ERROR] Invalid numeric value for report_date: 07/2024
[2025-03-21 20:04:49,144 :: EDGAR_DB :: ERROR] nvda (7/2024): Invalid data types: report_date=07/2024
[2025-03-21 20:04:49,159 :: EDGAR_DB :: INFO] nvda (7/2024): Updated existing record with 17 non-zero financial metrics
[2025-03-21 20:04:49,174 :: EDGAR_DB :: ERROR] Invalid numeric value for report_date: 10/2024
[2025-03-21 20:04:49,175 :: EDGAR_DB :: ERROR] nvda (10/2024): Invalid data types: report_date=10/2024
[2025-03-21 20:04:49,187 :: EDGAR_DB :: INFO] nvda (10/2024): Updated existing record with 17 non-zero financial metrics
[2025-03-21 20:04:49,203 :: EDGAR_DB :: ERROR] Invalid numeric value for report_date: 01/2025
[2025-03-21 20:04:49,203 :: EDGAR_DB :: ERROR] nvda (1/2025): Invalid data types: report_date=01/2025
[2025-03-21 20:04:49,203 :: EDGAR_DB :: INFO] nvda (1/2025): Created new record with 21 non-zero financial metrics
