[EDGAR :: DEBUG] Creating EdgarInstance for msft-789019 with start date 2010-01-01
[EDGAR :: INFO] 
Getting filings from URL: https://data.sec.gov/submissions/CIK0000789019.json
[EDGAR :: DEBUG] Requesting forms from: https://www.sec.gov/Archives/edgar/data/789019/000156459018009307
[EDGAR :: DEBUG] Requesting forms from: https://www.sec.gov/Archives/edgar/data/789019/000156459018001129
[EDGAR :: DEBUG] Requesting forms from: https://www.sec.gov/Archives/edgar/data/789019/000156459017020171
[EDGAR :: DEBUG] Requesting forms from: https://www.sec.gov/Archives/edgar/data/789019/000156459017007547
[EDGAR :: DEBUG] Requesting forms from: https://www.sec.gov/Archives/edgar/data/789019/000156459017000654
[EDGAR :: DEBUG] Requesting forms from: https://www.sec.gov/Archives/edgar/data/789019/000119312516742796
[EDGAR :: DEBUG] Requesting forms from: https://www.sec.gov/Archives/edgar/data/789019/000119312516550254
[EDGAR :: DEBUG] Requesting forms from: https://www.sec.gov/Archives/edgar/data/789019/000119312515020351
[EDGAR :: DEBUG] Requesting forms from: https://www.sec.gov/Archives/edgar/data/789019/000119312514380252
[EDGAR :: DEBUG] Requesting forms from: https://www.sec.gov/Archives/edgar/data/789019/000095017025010491
[EDGAR :: DEBUG] Requesting forms from: https://www.sec.gov/Archives/edgar/data/789019/000095017024118967
[EDGAR :: DEBUG] Requesting forms from: https://www.sec.gov/Archives/edgar/data/789019/000095017024048288
[EDGAR :: DEBUG] Requesting forms from: https://www.sec.gov/Archives/edgar/data/789019/000095017024008814
[EDGAR :: DEBUG] Requesting forms from: https://www.sec.gov/Archives/edgar/data/789019/000095017023054855
[EDGAR :: DEBUG] Requesting forms from: https://www.sec.gov/Archives/edgar/data/789019/000095017023014423
[EDGAR :: DEBUG] Requesting forms from: https://www.sec.gov/Archives/edgar/data/789019/000156459023000733
[EDGAR :: DEBUG] Requesting forms from: https://www.sec.gov/Archives/edgar/data/789019/000156459022035087
[EDGAR :: DEBUG] Requesting forms from: https://www.sec.gov/Archives/edgar/data/789019/000156459022015675
[EDGAR :: DEBUG] Requesting forms from: https://www.sec.gov/Archives/edgar/data/789019/000156459022002324
[EDGAR :: DEBUG] Requesting forms from: https://www.sec.gov/Archives/edgar/data/789019/000156459021051992
[EDGAR :: DEBUG] Requesting forms from: https://www.sec.gov/Archives/edgar/data/789019/000156459021020891
[EDGAR :: DEBUG] Requesting forms from: https://www.sec.gov/Archives/edgar/data/789019/000156459021002316
[EDGAR :: DEBUG] Requesting forms from: https://www.sec.gov/Archives/edgar/data/789019/000156459020047996
[EDGAR :: DEBUG] Requesting forms from: https://www.sec.gov/Archives/edgar/data/789019/000156459020019706
[EDGAR :: DEBUG] Requesting forms from: https://www.sec.gov/Archives/edgar/data/789019/000156459020002450
[EDGAR :: DEBUG] Requesting forms from: https://www.sec.gov/Archives/edgar/data/789019/000156459019037549
[EDGAR :: DEBUG] Requesting forms from: https://www.sec.gov/Archives/edgar/data/789019/000156459019012709
[EDGAR :: DEBUG] Requesting forms from: https://www.sec.gov/Archives/edgar/data/789019/000156459019001392
[EDGAR :: DEBUG] Requesting forms from: https://www.sec.gov/Archives/edgar/data/789019/000156459018024893
[EDGAR :: DEBUG] Creating EdgarInstance for msft-789019 with start date 1900-01-01
[EDGAR :: INFO] 
Getting filings from URL: https://data.sec.gov/submissions/CIK0000789019.json
[EDGAR :: DEBUG] Requesting forms from: https://www.sec.gov/Archives/edgar/data/789019/000156459018009307
[EDGAR :: DEBUG] Requesting forms from: https://www.sec.gov/Archives/edgar/data/789019/000156459018001129
[EDGAR :: DEBUG] Requesting forms from: https://www.sec.gov/Archives/edgar/data/789019/000156459017020171
[EDGAR :: DEBUG] Requesting forms from: https://www.sec.gov/Archives/edgar/data/789019/000156459017007547
[EDGAR :: DEBUG] Requesting forms from: https://www.sec.gov/Archives/edgar/data/789019/000156459017000654
[EDGAR :: DEBUG] Requesting forms from: https://www.sec.gov/Archives/edgar/data/789019/000119312516742796
[EDGAR :: DEBUG] Requesting forms from: https://www.sec.gov/Archives/edgar/data/789019/000119312516550254
[EDGAR :: DEBUG] Requesting forms from: https://www.sec.gov/Archives/edgar/data/789019/000119312515020351
[EDGAR :: DEBUG] Requesting forms from: https://www.sec.gov/Archives/edgar/data/789019/000119312514380252
[EDGAR :: DEBUG] Requesting forms from: https://www.sec.gov/Archives/edgar/data/789019/000095017025010491
[EDGAR :: DEBUG] Requesting forms from: https://www.sec.gov/Archives/edgar/data/789019/000095017024118967
[EDGAR :: DEBUG] Requesting forms from: https://www.sec.gov/Archives/edgar/data/789019/000095017024048288
[EDGAR :: DEBUG] Requesting forms from: https://www.sec.gov/Archives/edgar/data/789019/000095017024008814
[EDGAR :: DEBUG] Requesting forms from: https://www.sec.gov/Archives/edgar/data/789019/000095017023054855
[EDGAR :: DEBUG] Requesting forms from: https://www.sec.gov/Archives/edgar/data/789019/000095017023014423
[EDGAR :: DEBUG] Requesting forms from: https://www.sec.gov/Archives/edgar/data/789019/000156459023000733
[EDGAR :: DEBUG] Requesting forms from: https://www.sec.gov/Archives/edgar/data/789019/000156459022035087
[EDGAR :: DEBUG] Requesting forms from: https://www.sec.gov/Archives/edgar/data/789019/000156459022015675
[EDGAR :: DEBUG] Requesting forms from: https://www.sec.gov/Archives/edgar/data/789019/000156459022002324
[EDGAR :: DEBUG] Requesting forms from: https://www.sec.gov/Archives/edgar/data/789019/000156459021051992
[EDGAR :: DEBUG] Requesting forms from: https://www.sec.gov/Archives/edgar/data/789019/000156459021020891
[EDGAR :: DEBUG] Requesting forms from: https://www.sec.gov/Archives/edgar/data/789019/000156459021002316
[EDGAR :: DEBUG] Requesting forms from: https://www.sec.gov/Archives/edgar/data/789019/000156459020047996
[EDGAR :: DEBUG] Requesting forms from: https://www.sec.gov/Archives/edgar/data/789019/000156459020019706
[EDGAR :: DEBUG] Requesting forms from: https://www.sec.gov/Archives/edgar/data/789019/000156459020002450
[EDGAR :: DEBUG] Requesting forms from: https://www.sec.gov/Archives/edgar/data/789019/000156459019037549
[EDGAR :: DEBUG] Requesting forms from: https://www.sec.gov/Archives/edgar/data/789019/000156459019012709
[EDGAR :: DEBUG] Requesting forms from: https://www.sec.gov/Archives/edgar/data/789019/000156459019001392
[EDGAR :: DEBUG] Requesting forms from: https://www.sec.gov/Archives/edgar/data/789019/000156459018024893
[EDGAR :: DEBUG] Creating EdgarInstance for msft-789019 with start date 1900-01-01
[EDGAR :: INFO] 
Getting filings from URL: https://data.sec.gov/submissions/CIK0000789019.json
[EDGAR :: DEBUG] Requesting forms from: https://www.sec.gov/Archives/edgar/data/789019/000156459018009307
[EDGAR :: DEBUG] Requesting forms from: https://www.sec.gov/Archives/edgar/data/789019/000156459018001129
[EDGAR :: DEBUG] Requesting forms from: https://www.sec.gov/Archives/edgar/data/789019/000156459017020171
[EDGAR :: DEBUG] Requesting forms from: https://www.sec.gov/Archives/edgar/data/789019/000156459017007547
[EDGAR :: DEBUG] Requesting forms from: https://www.sec.gov/Archives/edgar/data/789019/000156459017000654
[EDGAR :: DEBUG] Requesting forms from: https://www.sec.gov/Archives/edgar/data/789019/000119312516742796
[EDGAR :: DEBUG] Requesting forms from: https://www.sec.gov/Archives/edgar/data/789019/000119312516550254
[EDGAR :: DEBUG] Requesting forms from: https://www.sec.gov/Archives/edgar/data/789019/000119312515020351
[EDGAR :: DEBUG] Requesting forms from: https://www.sec.gov/Archives/edgar/data/789019/000119312514380252
[EDGAR :: DEBUG] Requesting forms from: https://www.sec.gov/Archives/edgar/data/789019/000095017025010491
[EDGAR :: DEBUG] Requesting forms from: https://www.sec.gov/Archives/edgar/data/789019/000095017024118967
[EDGAR :: DEBUG] Requesting forms from: https://www.sec.gov/Archives/edgar/data/789019/000095017024048288
[EDGAR :: DEBUG] Requesting forms from: https://www.sec.gov/Archives/edgar/data/789019/000095017024008814
[EDGAR :: DEBUG] Requesting forms from: https://www.sec.gov/Archives/edgar/data/789019/000095017023054855
[EDGAR :: DEBUG] Requesting forms from: https://www.sec.gov/Archives/edgar/data/789019/000095017023014423
[EDGAR :: DEBUG] Requesting forms from: https://www.sec.gov/Archives/edgar/data/789019/000156459023000733
[EDGAR :: DEBUG] Requesting forms from: https://www.sec.gov/Archives/edgar/data/789019/000156459022035087
[EDGAR :: DEBUG] Requesting forms from: https://www.sec.gov/Archives/edgar/data/789019/000156459022015675
[EDGAR :: DEBUG] Requesting forms from: https://www.sec.gov/Archives/edgar/data/789019/000156459022002324
[EDGAR :: DEBUG] Requesting forms from: https://www.sec.gov/Archives/edgar/data/789019/000156459021051992
[EDGAR :: DEBUG] Requesting forms from: https://www.sec.gov/Archives/edgar/data/789019/000156459021020891
[EDGAR :: DEBUG] Requesting forms from: https://www.sec.gov/Archives/edgar/data/789019/000156459021002316
[EDGAR :: DEBUG] Requesting forms from: https://www.sec.gov/Archives/edgar/data/789019/000156459020047996
[EDGAR :: DEBUG] Requesting forms from: https://www.sec.gov/Archives/edgar/data/789019/000156459020019706
[EDGAR :: DEBUG] Requesting forms from: https://www.sec.gov/Archives/edgar/data/789019/000156459020002450
[EDGAR :: DEBUG] Requesting forms from: https://www.sec.gov/Archives/edgar/data/789019/000156459019037549
[EDGAR :: DEBUG] Requesting forms from: https://www.sec.gov/Archives/edgar/data/789019/000156459019012709
[EDGAR :: DEBUG] Requesting forms from: https://www.sec.gov/Archives/edgar/data/789019/000156459019001392
[EDGAR :: DEBUG] Requesting forms from: https://www.sec.gov/Archives/edgar/data/789019/000156459018024893
[EDGAR :: DEBUG] Creating EdgarInstance for msft-789019 with start date 1900-01-01
[EDGAR :: INFO] 
Getting filings from URL: https://data.sec.gov/submissions/CIK0000789019.json
[EDGAR :: DEBUG] Requesting forms from: https://www.sec.gov/Archives/edgar/data/789019/000156459018009307
[EDGAR :: DEBUG] Requesting forms from: https://www.sec.gov/Archives/edgar/data/789019/000156459018001129
[EDGAR :: DEBUG] Requesting forms from: https://www.sec.gov/Archives/edgar/data/789019/000156459017020171
[EDGAR :: DEBUG] Requesting forms from: https://www.sec.gov/Archives/edgar/data/789019/000156459017007547
[EDGAR :: DEBUG] Requesting forms from: https://www.sec.gov/Archives/edgar/data/789019/000156459017000654
[EDGAR :: DEBUG] Requesting forms from: https://www.sec.gov/Archives/edgar/data/789019/000119312516742796
[EDGAR :: DEBUG] Requesting forms from: https://www.sec.gov/Archives/edgar/data/789019/000119312516550254
[EDGAR :: DEBUG] Requesting forms from: https://www.sec.gov/Archives/edgar/data/789019/000119312515020351
[EDGAR :: DEBUG] Requesting forms from: https://www.sec.gov/Archives/edgar/data/789019/000119312514380252
[EDGAR :: DEBUG] Requesting forms from: https://www.sec.gov/Archives/edgar/data/789019/000095017025010491
[EDGAR :: DEBUG] Requesting forms from: https://www.sec.gov/Archives/edgar/data/789019/000095017024118967
[EDGAR :: DEBUG] Requesting forms from: https://www.sec.gov/Archives/edgar/data/789019/000095017024048288
[EDGAR :: DEBUG] Requesting forms from: https://www.sec.gov/Archives/edgar/data/789019/000095017024008814
[EDGAR :: DEBUG] Requesting forms from: https://www.sec.gov/Archives/edgar/data/789019/000095017023054855
[EDGAR :: DEBUG] Requesting forms from: https://www.sec.gov/Archives/edgar/data/789019/000095017023014423
[EDGAR :: DEBUG] Requesting forms from: https://www.sec.gov/Archives/edgar/data/789019/000156459023000733
[EDGAR :: DEBUG] Requesting forms from: https://www.sec.gov/Archives/edgar/data/789019/000156459022035087
[EDGAR :: DEBUG] Requesting forms from: https://www.sec.gov/Archives/edgar/data/789019/000156459022015675
[EDGAR :: DEBUG] Requesting forms from: https://www.sec.gov/Archives/edgar/data/789019/000156459022002324
[EDGAR :: DEBUG] Requesting forms from: https://www.sec.gov/Archives/edgar/data/789019/000156459021051992
[EDGAR :: DEBUG] Requesting forms from: https://www.sec.gov/Archives/edgar/data/789019/000156459021020891
[EDGAR :: DEBUG] Requesting forms from: https://www.sec.gov/Archives/edgar/data/789019/000156459021002316
[EDGAR :: DEBUG] Requesting forms from: https://www.sec.gov/Archives/edgar/data/789019/000156459020047996
[EDGAR :: DEBUG] Requesting forms from: https://www.sec.gov/Archives/edgar/data/789019/000156459020019706
[EDGAR :: DEBUG] Requesting forms from: https://www.sec.gov/Archives/edgar/data/789019/000156459020002450
[EDGAR :: DEBUG] Requesting forms from: https://www.sec.gov/Archives/edgar/data/789019/000156459019037549
[EDGAR :: DEBUG] Requesting forms from: https://www.sec.gov/Archives/edgar/data/789019/000156459019012709
[EDGAR :: DEBUG] Requesting forms from: https://www.sec.gov/Archives/edgar/data/789019/000156459019001392
[EDGAR :: DEBUG] Requesting forms from: https://www.sec.gov/Archives/edgar/data/789019/000156459018024893
[EDGAR :: DEBUG] Creating EdgarInstance for msft-789019 with start date 1900-01-01
[EDGAR :: INFO] 
Getting filings from URL: https://data.sec.gov/submissions/CIK0000789019.json
[EDGAR :: DEBUG] Requesting forms from: https://www.sec.gov/Archives/edgar/data/789019/000156459018009307
[EDGAR :: DEBUG] Requesting forms from: https://www.sec.gov/Archives/edgar/data/789019/000156459018001129
[EDGAR :: DEBUG] Requesting forms from: https://www.sec.gov/Archives/edgar/data/789019/000156459017020171
[EDGAR :: DEBUG] Requesting forms from: https://www.sec.gov/Archives/edgar/data/789019/000156459017007547
[EDGAR :: DEBUG] Requesting forms from: https://www.sec.gov/Archives/edgar/data/789019/000156459017000654
[EDGAR :: DEBUG] Requesting forms from: https://www.sec.gov/Archives/edgar/data/789019/000119312516742796
[EDGAR :: DEBUG] Requesting forms from: https://www.sec.gov/Archives/edgar/data/789019/000119312516550254
[EDGAR :: DEBUG] Requesting forms from: https://www.sec.gov/Archives/edgar/data/789019/000119312515020351
[EDGAR :: DEBUG] Requesting forms from: https://www.sec.gov/Archives/edgar/data/789019/000119312514380252
[EDGAR :: DEBUG] Requesting forms from: https://www.sec.gov/Archives/edgar/data/789019/000095017025010491
[EDGAR :: DEBUG] Requesting forms from: https://www.sec.gov/Archives/edgar/data/789019/000095017024118967
[EDGAR :: DEBUG] Requesting forms from: https://www.sec.gov/Archives/edgar/data/789019/000095017024048288
[EDGAR :: DEBUG] Requesting forms from: https://www.sec.gov/Archives/edgar/data/789019/000095017024008814
[EDGAR :: DEBUG] Requesting forms from: https://www.sec.gov/Archives/edgar/data/789019/000095017023054855
[EDGAR :: DEBUG] Requesting forms from: https://www.sec.gov/Archives/edgar/data/789019/000095017023014423
[EDGAR :: DEBUG] Requesting forms from: https://www.sec.gov/Archives/edgar/data/789019/000156459023000733
[EDGAR :: DEBUG] Requesting forms from: https://www.sec.gov/Archives/edgar/data/789019/000156459022035087
[EDGAR :: DEBUG] Requesting forms from: https://www.sec.gov/Archives/edgar/data/789019/000156459022015675
[EDGAR :: DEBUG] Requesting forms from: https://www.sec.gov/Archives/edgar/data/789019/000156459022002324
[EDGAR :: DEBUG] Requesting forms from: https://www.sec.gov/Archives/edgar/data/789019/000156459021051992
[EDGAR :: DEBUG] Requesting forms from: https://www.sec.gov/Archives/edgar/data/789019/000156459021020891
[EDGAR :: DEBUG] Requesting forms from: https://www.sec.gov/Archives/edgar/data/789019/000156459021002316
[EDGAR :: DEBUG] Requesting forms from: https://www.sec.gov/Archives/edgar/data/789019/000156459020047996
[EDGAR :: DEBUG] Requesting forms from: https://www.sec.gov/Archives/edgar/data/789019/000156459020019706
[EDGAR :: DEBUG] Requesting forms from: https://www.sec.gov/Archives/edgar/data/789019/000156459020002450
[EDGAR :: DEBUG] Requesting forms from: https://www.sec.gov/Archives/edgar/data/789019/000156459019037549
[EDGAR :: DEBUG] Requesting forms from: https://www.sec.gov/Archives/edgar/data/789019/000156459019012709
[EDGAR :: DEBUG] Requesting forms from: https://www.sec.gov/Archives/edgar/data/789019/000156459019001392
[EDGAR :: DEBUG] Requesting forms from: https://www.sec.gov/Archives/edgar/data/789019/000156459018024893
[EDGAR :: DEBUG] Creating EdgarInstance for msft-789019 with start date 1900-01-01
[EDGAR :: INFO] 
Getting filings from URL: https://data.sec.gov/submissions/CIK0000789019.json
[EDGAR :: DEBUG] Requesting forms from: https://www.sec.gov/Archives/edgar/data/789019/000156459018009307
[EDGAR :: DEBUG] Requesting forms from: https://www.sec.gov/Archives/edgar/data/789019/000156459018001129
[EDGAR :: DEBUG] Requesting forms from: https://www.sec.gov/Archives/edgar/data/789019/000156459017020171
[EDGAR :: DEBUG] Requesting forms from: https://www.sec.gov/Archives/edgar/data/789019/000156459017007547
[EDGAR :: DEBUG] Requesting forms from: https://www.sec.gov/Archives/edgar/data/789019/000156459017000654
[EDGAR :: DEBUG] Requesting forms from: https://www.sec.gov/Archives/edgar/data/789019/000119312516742796
[EDGAR :: DEBUG] Requesting forms from: https://www.sec.gov/Archives/edgar/data/789019/000119312516550254
[EDGAR :: DEBUG] Requesting forms from: https://www.sec.gov/Archives/edgar/data/789019/000119312515020351
[EDGAR :: DEBUG] Requesting forms from: https://www.sec.gov/Archives/edgar/data/789019/000119312514380252
[EDGAR :: DEBUG] Requesting forms from: https://www.sec.gov/Archives/edgar/data/789019/000095017025010491
[EDGAR :: DEBUG] Requesting forms from: https://www.sec.gov/Archives/edgar/data/789019/000095017024118967
[EDGAR :: DEBUG] Requesting forms from: https://www.sec.gov/Archives/edgar/data/789019/000095017024048288
[EDGAR :: DEBUG] Requesting forms from: https://www.sec.gov/Archives/edgar/data/789019/000095017024008814
[EDGAR :: DEBUG] Requesting forms from: https://www.sec.gov/Archives/edgar/data/789019/000095017023054855
[EDGAR :: DEBUG] Requesting forms from: https://www.sec.gov/Archives/edgar/data/789019/000095017023014423
[EDGAR :: DEBUG] Requesting forms from: https://www.sec.gov/Archives/edgar/data/789019/000156459023000733
[EDGAR :: DEBUG] Requesting forms from: https://www.sec.gov/Archives/edgar/data/789019/000156459022035087
[EDGAR :: DEBUG] Requesting forms from: https://www.sec.gov/Archives/edgar/data/789019/000156459022015675
[EDGAR :: DEBUG] Requesting forms from: https://www.sec.gov/Archives/edgar/data/789019/000156459022002324
[EDGAR :: DEBUG] Requesting forms from: https://www.sec.gov/Archives/edgar/data/789019/000156459021051992
[EDGAR :: DEBUG] Requesting forms from: https://www.sec.gov/Archives/edgar/data/789019/000156459021020891
[EDGAR :: DEBUG] Requesting forms from: https://www.sec.gov/Archives/edgar/data/789019/000156459021002316
[EDGAR :: DEBUG] Requesting forms from: https://www.sec.gov/Archives/edgar/data/789019/000156459020047996
[EDGAR :: DEBUG] Requesting forms from: https://www.sec.gov/Archives/edgar/data/789019/000156459020019706
[EDGAR :: DEBUG] Requesting forms from: https://www.sec.gov/Archives/edgar/data/789019/000156459020002450
[EDGAR :: DEBUG] Requesting forms from: https://www.sec.gov/Archives/edgar/data/789019/000156459019037549
[EDGAR :: DEBUG] Requesting forms from: https://www.sec.gov/Archives/edgar/data/789019/000156459019012709
[EDGAR :: DEBUG] Requesting forms from: https://www.sec.gov/Archives/edgar/data/789019/000156459019001392
[EDGAR :: DEBUG] Requesting forms from: https://www.sec.gov/Archives/edgar/data/789019/000156459018024893
[EDGAR :: DEBUG] Creating EdgarInstance for msft-789019 with start date 1900-01-01
[EDGAR :: INFO] 
Getting filings from URL: https://data.sec.gov/submissions/CIK0000789019.json
[EDGAR :: DEBUG] Requesting forms from: https://www.sec.gov/Archives/edgar/data/789019/000156459018009307
[EDGAR :: DEBUG] Requesting forms from: https://www.sec.gov/Archives/edgar/data/789019/000156459018001129
[EDGAR :: DEBUG] Requesting forms from: https://www.sec.gov/Archives/edgar/data/789019/000156459017020171
[EDGAR :: DEBUG] Requesting forms from: https://www.sec.gov/Archives/edgar/data/789019/000156459017007547
[EDGAR :: DEBUG] Requesting forms from: https://www.sec.gov/Archives/edgar/data/789019/000156459017000654
[EDGAR :: DEBUG] Requesting forms from: https://www.sec.gov/Archives/edgar/data/789019/000119312516742796
[EDGAR :: DEBUG] Requesting forms from: https://www.sec.gov/Archives/edgar/data/789019/000119312516550254
[EDGAR :: DEBUG] Requesting forms from: https://www.sec.gov/Archives/edgar/data/789019/000119312515020351
[EDGAR :: DEBUG] Requesting forms from: https://www.sec.gov/Archives/edgar/data/789019/000119312514380252
[EDGAR :: DEBUG] Requesting forms from: https://www.sec.gov/Archives/edgar/data/789019/000095017025010491
[EDGAR :: DEBUG] Requesting forms from: https://www.sec.gov/Archives/edgar/data/789019/000095017024118967
[EDGAR :: DEBUG] Requesting forms from: https://www.sec.gov/Archives/edgar/data/789019/000095017024048288
[EDGAR :: DEBUG] Requesting forms from: https://www.sec.gov/Archives/edgar/data/789019/000095017024008814
[EDGAR :: DEBUG] Requesting forms from: https://www.sec.gov/Archives/edgar/data/789019/000095017023054855
[EDGAR :: DEBUG] Requesting forms from: https://www.sec.gov/Archives/edgar/data/789019/000095017023014423
[EDGAR :: DEBUG] Requesting forms from: https://www.sec.gov/Archives/edgar/data/789019/000156459023000733
[EDGAR :: DEBUG] Requesting forms from: https://www.sec.gov/Archives/edgar/data/789019/000156459022035087
[EDGAR :: DEBUG] Requesting forms from: https://www.sec.gov/Archives/edgar/data/789019/000156459022015675
[EDGAR :: DEBUG] Requesting forms from: https://www.sec.gov/Archives/edgar/data/789019/000156459022002324
[EDGAR :: DEBUG] Requesting forms from: https://www.sec.gov/Archives/edgar/data/789019/000156459021051992
[EDGAR :: DEBUG] Requesting forms from: https://www.sec.gov/Archives/edgar/data/789019/000156459021020891
[EDGAR :: DEBUG] Requesting forms from: https://www.sec.gov/Archives/edgar/data/789019/000156459021002316
[EDGAR :: DEBUG] Requesting forms from: https://www.sec.gov/Archives/edgar/data/789019/000156459020047996
[EDGAR :: DEBUG] Requesting forms from: https://www.sec.gov/Archives/edgar/data/789019/000156459020019706
[EDGAR :: DEBUG] Requesting forms from: https://www.sec.gov/Archives/edgar/data/789019/000156459020002450
[EDGAR :: DEBUG] Requesting forms from: https://www.sec.gov/Archives/edgar/data/789019/000156459019037549
[EDGAR :: DEBUG] Requesting forms from: https://www.sec.gov/Archives/edgar/data/789019/000156459019012709
[EDGAR :: DEBUG] Requesting forms from: https://www.sec.gov/Archives/edgar/data/789019/000156459019001392
[EDGAR :: DEBUG] Requesting forms from: https://www.sec.gov/Archives/edgar/data/789019/000156459018024893
[EDGAR :: DEBUG] Creating EdgarInstance for msft-789019 with start date 1900-01-01
[EDGAR :: INFO] 
Getting filings from URL: https://data.sec.gov/submissions/CIK0000789019.json
[EDGAR :: DEBUG] Requesting forms from: https://www.sec.gov/Archives/edgar/data/789019/000156459018009307
[EDGAR :: DEBUG] Requesting forms from: https://www.sec.gov/Archives/edgar/data/789019/000156459018001129
[EDGAR :: DEBUG] Requesting forms from: https://www.sec.gov/Archives/edgar/data/789019/000156459017020171
[EDGAR :: DEBUG] Requesting forms from: https://www.sec.gov/Archives/edgar/data/789019/000156459017007547
[EDGAR :: DEBUG] Requesting forms from: https://www.sec.gov/Archives/edgar/data/789019/000156459017000654
[EDGAR :: DEBUG] Requesting forms from: https://www.sec.gov/Archives/edgar/data/789019/000119312516742796
[EDGAR :: DEBUG] Requesting forms from: https://www.sec.gov/Archives/edgar/data/789019/000119312516550254
[EDGAR :: DEBUG] Requesting forms from: https://www.sec.gov/Archives/edgar/data/789019/000119312515020351
[EDGAR :: DEBUG] Requesting forms from: https://www.sec.gov/Archives/edgar/data/789019/000119312514380252
[EDGAR :: DEBUG] Requesting forms from: https://www.sec.gov/Archives/edgar/data/789019/000095017025010491
[EDGAR :: DEBUG] Requesting forms from: https://www.sec.gov/Archives/edgar/data/789019/000095017024118967
[EDGAR :: DEBUG] Requesting forms from: https://www.sec.gov/Archives/edgar/data/789019/000095017024048288
[EDGAR :: DEBUG] Requesting forms from: https://www.sec.gov/Archives/edgar/data/789019/000095017024008814
[EDGAR :: DEBUG] Requesting forms from: https://www.sec.gov/Archives/edgar/data/789019/000095017023054855
[EDGAR :: DEBUG] Requesting forms from: https://www.sec.gov/Archives/edgar/data/789019/000095017023014423
[EDGAR :: DEBUG] Requesting forms from: https://www.sec.gov/Archives/edgar/data/789019/000156459023000733
[EDGAR :: DEBUG] Requesting forms from: https://www.sec.gov/Archives/edgar/data/789019/000156459022035087
[EDGAR :: DEBUG] Requesting forms from: https://www.sec.gov/Archives/edgar/data/789019/000156459022015675
[EDGAR :: DEBUG] Requesting forms from: https://www.sec.gov/Archives/edgar/data/789019/000156459022002324
[EDGAR :: DEBUG] Requesting forms from: https://www.sec.gov/Archives/edgar/data/789019/000156459021051992
[EDGAR :: DEBUG] Requesting forms from: https://www.sec.gov/Archives/edgar/data/789019/000156459021020891
[EDGAR :: DEBUG] Requesting forms from: https://www.sec.gov/Archives/edgar/data/789019/000156459021002316
[EDGAR :: DEBUG] Requesting forms from: https://www.sec.gov/Archives/edgar/data/789019/000156459020047996
[EDGAR :: DEBUG] Requesting forms from: https://www.sec.gov/Archives/edgar/data/789019/000156459020019706
[EDGAR :: DEBUG] Requesting forms from: https://www.sec.gov/Archives/edgar/data/789019/000156459020002450
[EDGAR :: DEBUG] Requesting forms from: https://www.sec.gov/Archives/edgar/data/789019/000156459019037549
[EDGAR :: DEBUG] Requesting forms from: https://www.sec.gov/Archives/edgar/data/789019/000156459019012709
[EDGAR :: DEBUG] Requesting forms from: https://www.sec.gov/Archives/edgar/data/789019/000156459019001392
[EDGAR :: DEBUG] Requesting forms from: https://www.sec.gov/Archives/edgar/data/789019/000156459018024893
[EDGAR :: DEBUG] Creating EdgarInstance for msft-789019 with start date 1900-01-01
[EDGAR :: INFO] 
Getting filings from URL: https://data.sec.gov/submissions/CIK0000789019.json
[EDGAR :: DEBUG] Requesting forms from: https://www.sec.gov/Archives/edgar/data/789019/000156459018009307
[EDGAR :: DEBUG] Requesting forms from: https://www.sec.gov/Archives/edgar/data/789019/000156459018001129
[EDGAR :: DEBUG] Requesting forms from: https://www.sec.gov/Archives/edgar/data/789019/000156459017020171
[EDGAR :: DEBUG] Requesting forms from: https://www.sec.gov/Archives/edgar/data/789019/000156459017007547
[EDGAR :: DEBUG] Requesting forms from: https://www.sec.gov/Archives/edgar/data/789019/000156459017000654
[EDGAR :: DEBUG] Requesting forms from: https://www.sec.gov/Archives/edgar/data/789019/000119312516742796
[EDGAR :: DEBUG] Requesting forms from: https://www.sec.gov/Archives/edgar/data/789019/000119312516550254
[EDGAR :: DEBUG] Requesting forms from: https://www.sec.gov/Archives/edgar/data/789019/000119312515020351
[EDGAR :: DEBUG] Requesting forms from: https://www.sec.gov/Archives/edgar/data/789019/000119312514380252
[EDGAR :: DEBUG] Requesting forms from: https://www.sec.gov/Archives/edgar/data/789019/000095017025010491
[EDGAR :: DEBUG] Requesting forms from: https://www.sec.gov/Archives/edgar/data/789019/000095017024118967
[EDGAR :: DEBUG] Requesting forms from: https://www.sec.gov/Archives/edgar/data/789019/000095017024048288
[EDGAR :: DEBUG] Requesting forms from: https://www.sec.gov/Archives/edgar/data/789019/000095017024008814
[EDGAR :: DEBUG] Requesting forms from: https://www.sec.gov/Archives/edgar/data/789019/000095017023054855
[EDGAR :: DEBUG] Requesting forms from: https://www.sec.gov/Archives/edgar/data/789019/000095017023014423
[EDGAR :: DEBUG] Requesting forms from: https://www.sec.gov/Archives/edgar/data/789019/000156459023000733
[EDGAR :: DEBUG] Requesting forms from: https://www.sec.gov/Archives/edgar/data/789019/000156459022035087
[EDGAR :: DEBUG] Requesting forms from: https://www.sec.gov/Archives/edgar/data/789019/000156459022015675
[EDGAR :: DEBUG] Requesting forms from: https://www.sec.gov/Archives/edgar/data/789019/000156459022002324
[EDGAR :: DEBUG] Requesting forms from: https://www.sec.gov/Archives/edgar/data/789019/000156459021051992
[EDGAR :: DEBUG] Requesting forms from: https://www.sec.gov/Archives/edgar/data/789019/000156459021020891
[EDGAR :: DEBUG] Requesting forms from: https://www.sec.gov/Archives/edgar/data/789019/000156459021002316
[EDGAR :: DEBUG] Requesting forms from: https://www.sec.gov/Archives/edgar/data/789019/000156459020047996
[EDGAR :: DEBUG] Requesting forms from: https://www.sec.gov/Archives/edgar/data/789019/000156459020019706
[EDGAR :: DEBUG] Requesting forms from: https://www.sec.gov/Archives/edgar/data/789019/000156459020002450
[EDGAR :: DEBUG] Requesting forms from: https://www.sec.gov/Archives/edgar/data/789019/000156459019037549
[EDGAR :: DEBUG] Requesting forms from: https://www.sec.gov/Archives/edgar/data/789019/000156459019012709
[EDGAR :: DEBUG] Requesting forms from: https://www.sec.gov/Archives/edgar/data/789019/000156459019001392
[EDGAR :: DEBUG] Requesting forms from: https://www.sec.gov/Archives/edgar/data/789019/000156459018024893
[EDGAR :: DEBUG] Creating EdgarInstance for msft-789019 with start date 1900-01-01
[EDGAR :: INFO] 
Getting filings from URL: https://data.sec.gov/submissions/CIK0000789019.json
[EDGAR :: DEBUG] Requesting forms from: https://www.sec.gov/Archives/edgar/data/789019/000156459018009307
[EDGAR :: DEBUG] Requesting forms from: https://www.sec.gov/Archives/edgar/data/789019/000156459018001129
[EDGAR :: DEBUG] Requesting forms from: https://www.sec.gov/Archives/edgar/data/789019/000156459017020171
[EDGAR :: DEBUG] Requesting forms from: https://www.sec.gov/Archives/edgar/data/789019/000156459017007547
[EDGAR :: DEBUG] Requesting forms from: https://www.sec.gov/Archives/edgar/data/789019/000156459017000654
[EDGAR :: DEBUG] Requesting forms from: https://www.sec.gov/Archives/edgar/data/789019/000119312516742796
[EDGAR :: DEBUG] Requesting forms from: https://www.sec.gov/Archives/edgar/data/789019/000119312516550254
[EDGAR :: DEBUG] Requesting forms from: https://www.sec.gov/Archives/edgar/data/789019/000119312515020351
[EDGAR :: DEBUG] Requesting forms from: https://www.sec.gov/Archives/edgar/data/789019/000119312514380252
[EDGAR :: DEBUG] Requesting forms from: https://www.sec.gov/Archives/edgar/data/789019/000095017025010491
[EDGAR :: DEBUG] Requesting forms from: https://www.sec.gov/Archives/edgar/data/789019/000095017024118967
[EDGAR :: DEBUG] Requesting forms from: https://www.sec.gov/Archives/edgar/data/789019/000095017024048288
[EDGAR :: DEBUG] Requesting forms from: https://www.sec.gov/Archives/edgar/data/789019/000095017024008814
[EDGAR :: DEBUG] Requesting forms from: https://www.sec.gov/Archives/edgar/data/789019/000095017023054855
[EDGAR :: DEBUG] Requesting forms from: https://www.sec.gov/Archives/edgar/data/789019/000095017023014423
[EDGAR :: DEBUG] Requesting forms from: https://www.sec.gov/Archives/edgar/data/789019/000156459023000733
[EDGAR :: DEBUG] Requesting forms from: https://www.sec.gov/Archives/edgar/data/789019/000156459022035087
[EDGAR :: DEBUG] Requesting forms from: https://www.sec.gov/Archives/edgar/data/789019/000156459022015675
[EDGAR :: DEBUG] Requesting forms from: https://www.sec.gov/Archives/edgar/data/789019/000156459022002324
[EDGAR :: DEBUG] Requesting forms from: https://www.sec.gov/Archives/edgar/data/789019/000156459021051992
[EDGAR :: DEBUG] Requesting forms from: https://www.sec.gov/Archives/edgar/data/789019/000156459021020891
[EDGAR :: DEBUG] Requesting forms from: https://www.sec.gov/Archives/edgar/data/789019/000156459021002316
[EDGAR :: DEBUG] Requesting forms from: https://www.sec.gov/Archives/edgar/data/789019/000156459020047996
[EDGAR :: DEBUG] Requesting forms from: https://www.sec.gov/Archives/edgar/data/789019/000156459020019706
[EDGAR :: DEBUG] Requesting forms from: https://www.sec.gov/Archives/edgar/data/789019/000156459020002450
[EDGAR :: DEBUG] Requesting forms from: https://www.sec.gov/Archives/edgar/data/789019/000156459019037549
[EDGAR :: DEBUG] Requesting forms from: https://www.sec.gov/Archives/edgar/data/789019/000156459019012709
[EDGAR :: DEBUG] Requesting forms from: https://www.sec.gov/Archives/edgar/data/789019/000156459019001392
[EDGAR :: DEBUG] Requesting forms from: https://www.sec.gov/Archives/edgar/data/789019/000156459018024893
[EDGAR :: DEBUG] Creating EdgarInstance for msft-789019 with start date 1900-01-01
[EDGAR :: INFO] 
Getting filings from URL: https://data.sec.gov/submissions/CIK0000789019.json
[EDGAR :: DEBUG] Requesting forms from: https://www.sec.gov/Archives/edgar/data/789019/000156459018009307
[EDGAR :: DEBUG] Requesting forms from: https://www.sec.gov/Archives/edgar/data/789019/000156459018001129
[EDGAR :: DEBUG] Requesting forms from: https://www.sec.gov/Archives/edgar/data/789019/000156459017020171
[EDGAR :: DEBUG] Requesting forms from: https://www.sec.gov/Archives/edgar/data/789019/000156459017007547
[EDGAR :: DEBUG] Requesting forms from: https://www.sec.gov/Archives/edgar/data/789019/000156459017000654
[EDGAR :: DEBUG] Requesting forms from: https://www.sec.gov/Archives/edgar/data/789019/000119312516742796
[EDGAR :: DEBUG] Requesting forms from: https://www.sec.gov/Archives/edgar/data/789019/000119312516550254
[EDGAR :: DEBUG] Requesting forms from: https://www.sec.gov/Archives/edgar/data/789019/000119312515020351
[EDGAR :: DEBUG] Requesting forms from: https://www.sec.gov/Archives/edgar/data/789019/000119312514380252
[EDGAR :: DEBUG] Requesting forms from: https://www.sec.gov/Archives/edgar/data/789019/000095017025010491
[EDGAR :: DEBUG] Requesting forms from: https://www.sec.gov/Archives/edgar/data/789019/000095017024118967
[EDGAR :: DEBUG] Requesting forms from: https://www.sec.gov/Archives/edgar/data/789019/000095017024048288
[EDGAR :: DEBUG] Requesting forms from: https://www.sec.gov/Archives/edgar/data/789019/000095017024008814
[EDGAR :: DEBUG] Requesting forms from: https://www.sec.gov/Archives/edgar/data/789019/000095017023054855
[EDGAR :: DEBUG] Requesting forms from: https://www.sec.gov/Archives/edgar/data/789019/000095017023014423
[EDGAR :: DEBUG] Requesting forms from: https://www.sec.gov/Archives/edgar/data/789019/000156459023000733
[EDGAR :: DEBUG] Requesting forms from: https://www.sec.gov/Archives/edgar/data/789019/000156459022035087
[EDGAR :: DEBUG] Requesting forms from: https://www.sec.gov/Archives/edgar/data/789019/000156459022015675
[EDGAR :: DEBUG] Requesting forms from: https://www.sec.gov/Archives/edgar/data/789019/000156459022002324
[EDGAR :: DEBUG] Requesting forms from: https://www.sec.gov/Archives/edgar/data/789019/000156459021051992
[EDGAR :: DEBUG] Requesting forms from: https://www.sec.gov/Archives/edgar/data/789019/000156459021020891
[EDGAR :: DEBUG] Requesting forms from: https://www.sec.gov/Archives/edgar/data/789019/000156459021002316
[EDGAR :: DEBUG] Requesting forms from: https://www.sec.gov/Archives/edgar/data/789019/000156459020047996
[EDGAR :: DEBUG] Requesting forms from: https://www.sec.gov/Archives/edgar/data/789019/000156459020019706
[EDGAR :: DEBUG] Requesting forms from: https://www.sec.gov/Archives/edgar/data/789019/000156459020002450
[EDGAR :: DEBUG] Requesting forms from: https://www.sec.gov/Archives/edgar/data/789019/000156459019037549
[EDGAR :: DEBUG] Requesting forms from: https://www.sec.gov/Archives/edgar/data/789019/000156459019012709
[EDGAR :: DEBUG] Requesting forms from: https://www.sec.gov/Archives/edgar/data/789019/000156459019001392
[EDGAR :: DEBUG] Requesting forms from: https://www.sec.gov/Archives/edgar/data/789019/000156459018024893
[EDGAR :: DEBUG] Creating EdgarInstance for sofi-1818874 with start date 1900-01-01
[EDGAR :: INFO] 
Getting filings from URL: https://data.sec.gov/submissions/CIK0001818874.json
[EDGAR :: DEBUG] Requesting forms from: https://www.sec.gov/Archives/edgar/data/1818874/000181887424000233
[EDGAR :: DEBUG] Requesting forms from: https://www.sec.gov/Archives/edgar/data/1818874/000181887424000175
[EDGAR :: DEBUG] Requesting forms from: https://www.sec.gov/Archives/edgar/data/1818874/000181887424000121
[EDGAR :: DEBUG] Requesting forms from: https://www.sec.gov/Archives/edgar/data/1818874/000181887423000173
[EDGAR :: DEBUG] Requesting forms from: https://www.sec.gov/Archives/edgar/data/1818874/000181887423000144
[EDGAR :: DEBUG] Requesting forms from: https://www.sec.gov/Archives/edgar/data/1818874/000181887423000095
[EDGAR :: DEBUG] Requesting forms from: https://www.sec.gov/Archives/edgar/data/1818874/000181887422000241
[EDGAR :: DEBUG] Requesting forms from: https://www.sec.gov/Archives/edgar/data/1818874/000181887422000185
[EDGAR :: DEBUG] Requesting forms from: https://www.sec.gov/Archives/edgar/data/1818874/000181887422000071
[EDGAR :: DEBUG] Requesting forms from: https://www.sec.gov/Archives/edgar/data/1818874/000181887421000081
[EDGAR :: DEBUG] Requesting forms from: https://www.sec.gov/Archives/edgar/data/1818874/000181887421000037
[EDGAR :: DEBUG] Creating EdgarInstance for sofi-1818874 with start date 1900-01-01
[EDGAR :: INFO] 
Getting filings from URL: https://data.sec.gov/submissions/CIK0001818874.json
[EDGAR :: DEBUG] Requesting forms from: https://www.sec.gov/Archives/edgar/data/1818874/000181887424000233
[EDGAR :: DEBUG] Requesting forms from: https://www.sec.gov/Archives/edgar/data/1818874/000181887424000175
[EDGAR :: DEBUG] Requesting forms from: https://www.sec.gov/Archives/edgar/data/1818874/000181887424000121
[EDGAR :: DEBUG] Requesting forms from: https://www.sec.gov/Archives/edgar/data/1818874/000181887423000173
[EDGAR :: DEBUG] Requesting forms from: https://www.sec.gov/Archives/edgar/data/1818874/000181887423000144
[EDGAR :: DEBUG] Requesting forms from: https://www.sec.gov/Archives/edgar/data/1818874/000181887423000095
[EDGAR :: DEBUG] Requesting forms from: https://www.sec.gov/Archives/edgar/data/1818874/000181887422000241
[EDGAR :: DEBUG] Requesting forms from: https://www.sec.gov/Archives/edgar/data/1818874/000181887422000185
[EDGAR :: DEBUG] Requesting forms from: https://www.sec.gov/Archives/edgar/data/1818874/000181887422000071
[EDGAR :: DEBUG] Requesting forms from: https://www.sec.gov/Archives/edgar/data/1818874/000181887421000081
[EDGAR :: DEBUG] Requesting forms from: https://www.sec.gov/Archives/edgar/data/1818874/000181887421000037
[EDGAR :: DEBUG] Creating EdgarInstance for sofi-1818874 with start date 1900-01-01
[EDGAR :: INFO] 
Getting filings from URL: https://data.sec.gov/submissions/CIK0001818874.json
[EDGAR :: DEBUG] Requesting forms from: https://www.sec.gov/Archives/edgar/data/1818874/000181887424000233
[EDGAR :: DEBUG] Requesting forms from: https://www.sec.gov/Archives/edgar/data/1818874/000181887424000175
[EDGAR :: DEBUG] Requesting forms from: https://www.sec.gov/Archives/edgar/data/1818874/000181887424000121
[EDGAR :: DEBUG] Requesting forms from: https://www.sec.gov/Archives/edgar/data/1818874/000181887423000173
[EDGAR :: DEBUG] Requesting forms from: https://www.sec.gov/Archives/edgar/data/1818874/000181887423000144
[EDGAR :: DEBUG] Requesting forms from: https://www.sec.gov/Archives/edgar/data/1818874/000181887423000095
[EDGAR :: DEBUG] Requesting forms from: https://www.sec.gov/Archives/edgar/data/1818874/000181887422000241
[EDGAR :: DEBUG] Requesting forms from: https://www.sec.gov/Archives/edgar/data/1818874/000181887422000185
[EDGAR :: DEBUG] Requesting forms from: https://www.sec.gov/Archives/edgar/data/1818874/000181887422000071
[EDGAR :: DEBUG] Requesting forms from: https://www.sec.gov/Archives/edgar/data/1818874/000181887421000081
[EDGAR :: DEBUG] Requesting forms from: https://www.sec.gov/Archives/edgar/data/1818874/000181887421000037
[EDGAR :: DEBUG] Parsing filing for report date: 09/2024
[EDGAR :: DEBUG] Found 70 quarterly contexts for 09/2024
[EDGAR :: DEBUG] Parsing filing for report date: 06/2024
[EDGAR :: DEBUG] Found 66 quarterly contexts for 06/2024
[EDGAR :: DEBUG] Parsing filing for report date: 03/2024
[EDGAR :: DEBUG] Found 73 quarterly contexts for 03/2024
[EDGAR :: DEBUG] Parsing filing for report date: 09/2023
[EDGAR :: DEBUG] Found 58 quarterly contexts for 09/2023
[EDGAR :: DEBUG] Parsing filing for report date: 06/2023
[EDGAR :: DEBUG] Found 59 quarterly contexts for 06/2023
[EDGAR :: DEBUG] Parsing filing for report date: 03/2023
[EDGAR :: DEBUG] Found 74 quarterly contexts for 03/2023
[EDGAR :: DEBUG] Parsing filing for report date: 09/2022
[EDGAR :: DEBUG] Found 71 quarterly contexts for 09/2022
[EDGAR :: DEBUG] Parsing filing for report date: 06/2022
[EDGAR :: DEBUG] Found 70 quarterly contexts for 06/2022
[EDGAR :: DEBUG] Parsing filing for report date: 03/2022
[EDGAR :: DEBUG] Found 132 quarterly contexts for 03/2022
[EDGAR :: DEBUG] Parsing filing for report date: 09/2021
[EDGAR :: DEBUG] Found 76 quarterly contexts for 09/2021
[EDGAR :: DEBUG] Parsing filing for report date: 06/2021
[EDGAR :: DEBUG] Found 118 quarterly contexts for 06/2021
[EDGAR :: DEBUG] Creating EdgarInstance for sofi-1818874 with start date 1900-01-01
[EDGAR :: INFO] 
Getting filings from URL: https://data.sec.gov/submissions/CIK0001818874.json
[EDGAR :: DEBUG] Requesting forms from: https://www.sec.gov/Archives/edgar/data/1818874/000181887424000233
[EDGAR :: DEBUG] Requesting forms from: https://www.sec.gov/Archives/edgar/data/1818874/000181887424000175
[EDGAR :: DEBUG] Requesting forms from: https://www.sec.gov/Archives/edgar/data/1818874/000181887424000121
[EDGAR :: DEBUG] Requesting forms from: https://www.sec.gov/Archives/edgar/data/1818874/000181887423000173
[EDGAR :: DEBUG] Requesting forms from: https://www.sec.gov/Archives/edgar/data/1818874/000181887423000144
[EDGAR :: DEBUG] Requesting forms from: https://www.sec.gov/Archives/edgar/data/1818874/000181887423000095
[EDGAR :: DEBUG] Requesting forms from: https://www.sec.gov/Archives/edgar/data/1818874/000181887422000241
[EDGAR :: DEBUG] Requesting forms from: https://www.sec.gov/Archives/edgar/data/1818874/000181887422000185
[EDGAR :: DEBUG] Requesting forms from: https://www.sec.gov/Archives/edgar/data/1818874/000181887422000071
[EDGAR :: DEBUG] Requesting forms from: https://www.sec.gov/Archives/edgar/data/1818874/000181887421000081
[EDGAR :: DEBUG] Requesting forms from: https://www.sec.gov/Archives/edgar/data/1818874/000181887421000037
[EDGAR :: DEBUG] Parsing filing for report date: 09/2024
[EDGAR :: DEBUG] Found 881 contexts for 09/2024
[EDGAR :: DEBUG] Parsing filing for report date: 06/2024
[EDGAR :: DEBUG] Found 860 contexts for 06/2024
[EDGAR :: DEBUG] Parsing filing for report date: 03/2024
[EDGAR :: DEBUG] Found 689 contexts for 03/2024
[EDGAR :: DEBUG] Parsing filing for report date: 09/2023
[EDGAR :: DEBUG] Found 860 contexts for 09/2023
[EDGAR :: DEBUG] Parsing filing for report date: 06/2023
[EDGAR :: DEBUG] Found 863 contexts for 06/2023
[EDGAR :: DEBUG] Parsing filing for report date: 03/2023
[EDGAR :: DEBUG] Found 696 contexts for 03/2023
[EDGAR :: DEBUG] Parsing filing for report date: 09/2022
[EDGAR :: DEBUG] Found 1056 contexts for 09/2022
[EDGAR :: DEBUG] Parsing filing for report date: 06/2022
[EDGAR :: DEBUG] Found 1072 contexts for 06/2022
[EDGAR :: DEBUG] Parsing filing for report date: 03/2022
[EDGAR :: DEBUG] Found 896 contexts for 03/2022
[EDGAR :: DEBUG] Parsing filing for report date: 09/2021
[EDGAR :: DEBUG] Found 1155 contexts for 09/2021
[EDGAR :: DEBUG] Parsing filing for report date: 06/2021
[EDGAR :: DEBUG] Found 1001 contexts for 06/2021
[EDGAR :: DEBUG] Creating EdgarInstance for sofi-1818874 with start date 1900-01-01
[EDGAR :: INFO] 
Getting filings from URL: https://data.sec.gov/submissions/CIK0001818874.json
[EDGAR :: DEBUG] Requesting forms from: https://www.sec.gov/Archives/edgar/data/1818874/000181887424000233
[EDGAR :: DEBUG] Requesting forms from: https://www.sec.gov/Archives/edgar/data/1818874/000181887424000175
[EDGAR :: DEBUG] Requesting forms from: https://www.sec.gov/Archives/edgar/data/1818874/000181887424000121
[EDGAR :: DEBUG] Requesting forms from: https://www.sec.gov/Archives/edgar/data/1818874/000181887423000173
[EDGAR :: DEBUG] Requesting forms from: https://www.sec.gov/Archives/edgar/data/1818874/000181887423000144
[EDGAR :: DEBUG] Requesting forms from: https://www.sec.gov/Archives/edgar/data/1818874/000181887423000095
[EDGAR :: DEBUG] Requesting forms from: https://www.sec.gov/Archives/edgar/data/1818874/000181887422000241
[EDGAR :: DEBUG] Requesting forms from: https://www.sec.gov/Archives/edgar/data/1818874/000181887422000185
[EDGAR :: DEBUG] Requesting forms from: https://www.sec.gov/Archives/edgar/data/1818874/000181887422000071
[EDGAR :: DEBUG] Requesting forms from: https://www.sec.gov/Archives/edgar/data/1818874/000181887421000081
[EDGAR :: DEBUG] Requesting forms from: https://www.sec.gov/Archives/edgar/data/1818874/000181887421000037
[EDGAR :: DEBUG] Creating EdgarInstance for sofi-1818874 with start date 1900-01-01
[EDGAR :: INFO] 
Getting filings from URL: https://data.sec.gov/submissions/CIK0001818874.json
[EDGAR :: DEBUG] Requesting forms from: https://www.sec.gov/Archives/edgar/data/1818874/000181887424000233
[EDGAR :: DEBUG] Requesting forms from: https://www.sec.gov/Archives/edgar/data/1818874/000181887424000175
[EDGAR :: DEBUG] Requesting forms from: https://www.sec.gov/Archives/edgar/data/1818874/000181887424000121
[EDGAR :: DEBUG] Requesting forms from: https://www.sec.gov/Archives/edgar/data/1818874/000181887423000173
[EDGAR :: DEBUG] Requesting forms from: https://www.sec.gov/Archives/edgar/data/1818874/000181887423000144
[EDGAR :: DEBUG] Requesting forms from: https://www.sec.gov/Archives/edgar/data/1818874/000181887423000095
[EDGAR :: DEBUG] Requesting forms from: https://www.sec.gov/Archives/edgar/data/1818874/000181887422000241
[EDGAR :: DEBUG] Requesting forms from: https://www.sec.gov/Archives/edgar/data/1818874/000181887422000185
[EDGAR :: DEBUG] Requesting forms from: https://www.sec.gov/Archives/edgar/data/1818874/000181887422000071
[EDGAR :: DEBUG] Requesting forms from: https://www.sec.gov/Archives/edgar/data/1818874/000181887421000081
[EDGAR :: DEBUG] Requesting forms from: https://www.sec.gov/Archives/edgar/data/1818874/000181887421000037
[EDGAR :: DEBUG] Parsing filing for report date: 09/2024
[EDGAR :: DEBUG] Found 881 contexts for 09/2024
[EDGAR :: DEBUG] Parsing filing for report date: 06/2024
[EDGAR :: DEBUG] Found 860 contexts for 06/2024
[EDGAR :: DEBUG] Parsing filing for report date: 03/2024
[EDGAR :: DEBUG] Found 689 contexts for 03/2024
[EDGAR :: DEBUG] Parsing filing for report date: 09/2023
[EDGAR :: DEBUG] Found 860 contexts for 09/2023
[EDGAR :: DEBUG] Parsing filing for report date: 06/2023
[EDGAR :: DEBUG] Found 863 contexts for 06/2023
[EDGAR :: DEBUG] Parsing filing for report date: 03/2023
[EDGAR :: DEBUG] Found 696 contexts for 03/2023
[EDGAR :: DEBUG] Parsing filing for report date: 09/2022
[EDGAR :: DEBUG] Found 1056 contexts for 09/2022
[EDGAR :: DEBUG] Parsing filing for report date: 06/2022
[EDGAR :: DEBUG] Found 1072 contexts for 06/2022
[EDGAR :: DEBUG] Parsing filing for report date: 03/2022
[EDGAR :: DEBUG] Found 896 contexts for 03/2022
[EDGAR :: DEBUG] Parsing filing for report date: 09/2021
[EDGAR :: DEBUG] Found 1155 contexts for 09/2021
[EDGAR :: DEBUG] Parsing filing for report date: 06/2021
[EDGAR :: DEBUG] Found 1001 contexts for 06/2021
[EDGAR :: DEBUG] Creating EdgarInstance for sofi-1818874 with start date 1900-01-01
[EDGAR :: INFO] 
Getting filings from URL: https://data.sec.gov/submissions/CIK0001818874.json
[EDGAR :: DEBUG] Requesting forms from: https://www.sec.gov/Archives/edgar/data/1818874/000181887424000233
[EDGAR :: DEBUG] Requesting forms from: https://www.sec.gov/Archives/edgar/data/1818874/000181887424000175
[EDGAR :: DEBUG] Requesting forms from: https://www.sec.gov/Archives/edgar/data/1818874/000181887424000121
[EDGAR :: DEBUG] Requesting forms from: https://www.sec.gov/Archives/edgar/data/1818874/000181887423000173
[EDGAR :: DEBUG] Requesting forms from: https://www.sec.gov/Archives/edgar/data/1818874/000181887423000144
[EDGAR :: DEBUG] Requesting forms from: https://www.sec.gov/Archives/edgar/data/1818874/000181887423000095
[EDGAR :: DEBUG] Requesting forms from: https://www.sec.gov/Archives/edgar/data/1818874/000181887422000241
[EDGAR :: DEBUG] Requesting forms from: https://www.sec.gov/Archives/edgar/data/1818874/000181887422000185
[EDGAR :: DEBUG] Requesting forms from: https://www.sec.gov/Archives/edgar/data/1818874/000181887422000071
[EDGAR :: DEBUG] Requesting forms from: https://www.sec.gov/Archives/edgar/data/1818874/000181887421000081
[EDGAR :: DEBUG] Requesting forms from: https://www.sec.gov/Archives/edgar/data/1818874/000181887421000037
[EDGAR :: DEBUG] Processing instant fields for report date: 09/2024
[EDGAR :: DEBUG] Found 263 contexts with matching instant date for 09/2024
[EDGAR :: DEBUG] Processing instant fields for report date: 06/2024
[EDGAR :: DEBUG] Found 263 contexts with matching instant date for 06/2024
[EDGAR :: DEBUG] Processing instant fields for report date: 03/2024
[EDGAR :: DEBUG] Found 263 contexts with matching instant date for 03/2024
[EDGAR :: DEBUG] Processing instant fields for report date: 09/2023
[EDGAR :: DEBUG] Found 277 contexts with matching instant date for 09/2023
[EDGAR :: DEBUG] Processing instant fields for report date: 06/2023
[EDGAR :: DEBUG] Found 274 contexts with matching instant date for 06/2023
[EDGAR :: DEBUG] Processing instant fields for report date: 03/2023
[EDGAR :: DEBUG] Found 265 contexts with matching instant date for 03/2023
[EDGAR :: DEBUG] Processing instant fields for report date: 09/2022
[EDGAR :: DEBUG] Found 319 contexts with matching instant date for 09/2022
[EDGAR :: DEBUG] Processing instant fields for report date: 06/2022
[EDGAR :: DEBUG] Found 331 contexts with matching instant date for 06/2022
[EDGAR :: DEBUG] Processing instant fields for report date: 03/2022
[EDGAR :: DEBUG] Found 335 contexts with matching instant date for 03/2022
[EDGAR :: DEBUG] Processing instant fields for report date: 09/2021
[EDGAR :: DEBUG] Found 315 contexts with matching instant date for 09/2021
[EDGAR :: DEBUG] Processing instant fields for report date: 06/2021
[EDGAR :: DEBUG] Found 253 contexts with matching instant date for 06/2021
[EDGAR :: DEBUG] Creating EdgarInstance for msft-789019 with start date 1900-01-01
[EDGAR :: INFO] 
Getting filings from URL: https://data.sec.gov/submissions/CIK0000789019.json
[EDGAR :: DEBUG] Requesting forms from: https://www.sec.gov/Archives/edgar/data/789019/000156459018009307
[EDGAR :: DEBUG] Requesting forms from: https://www.sec.gov/Archives/edgar/data/789019/000156459018001129
[EDGAR :: DEBUG] Requesting forms from: https://www.sec.gov/Archives/edgar/data/789019/000156459017020171
[EDGAR :: DEBUG] Requesting forms from: https://www.sec.gov/Archives/edgar/data/789019/000156459017007547
[EDGAR :: DEBUG] Requesting forms from: https://www.sec.gov/Archives/edgar/data/789019/000156459017000654
[EDGAR :: DEBUG] Requesting forms from: https://www.sec.gov/Archives/edgar/data/789019/000119312516742796
[EDGAR :: DEBUG] Requesting forms from: https://www.sec.gov/Archives/edgar/data/789019/000119312516550254
[EDGAR :: DEBUG] Requesting forms from: https://www.sec.gov/Archives/edgar/data/789019/000119312515020351
[EDGAR :: DEBUG] Requesting forms from: https://www.sec.gov/Archives/edgar/data/789019/000119312514380252
[EDGAR :: DEBUG] Requesting forms from: https://www.sec.gov/Archives/edgar/data/789019/000095017025010491
[EDGAR :: DEBUG] Requesting forms from: https://www.sec.gov/Archives/edgar/data/789019/000095017024118967
[EDGAR :: DEBUG] Requesting forms from: https://www.sec.gov/Archives/edgar/data/789019/000095017024048288
[EDGAR :: DEBUG] Requesting forms from: https://www.sec.gov/Archives/edgar/data/789019/000095017024008814
[EDGAR :: DEBUG] Requesting forms from: https://www.sec.gov/Archives/edgar/data/789019/000095017023054855
[EDGAR :: DEBUG] Requesting forms from: https://www.sec.gov/Archives/edgar/data/789019/000095017023014423
[EDGAR :: DEBUG] Requesting forms from: https://www.sec.gov/Archives/edgar/data/789019/000156459023000733
[EDGAR :: DEBUG] Requesting forms from: https://www.sec.gov/Archives/edgar/data/789019/000156459022035087
[EDGAR :: DEBUG] Requesting forms from: https://www.sec.gov/Archives/edgar/data/789019/000156459022015675
[EDGAR :: DEBUG] Requesting forms from: https://www.sec.gov/Archives/edgar/data/789019/000156459022002324
[EDGAR :: DEBUG] Requesting forms from: https://www.sec.gov/Archives/edgar/data/789019/000156459021051992
[EDGAR :: DEBUG] Requesting forms from: https://www.sec.gov/Archives/edgar/data/789019/000156459021020891
[EDGAR :: DEBUG] Requesting forms from: https://www.sec.gov/Archives/edgar/data/789019/000156459021002316
[EDGAR :: DEBUG] Requesting forms from: https://www.sec.gov/Archives/edgar/data/789019/000156459020047996
[EDGAR :: DEBUG] Requesting forms from: https://www.sec.gov/Archives/edgar/data/789019/000156459020019706
[EDGAR :: DEBUG] Requesting forms from: https://www.sec.gov/Archives/edgar/data/789019/000156459020002450
[EDGAR :: DEBUG] Requesting forms from: https://www.sec.gov/Archives/edgar/data/789019/000156459019037549
[EDGAR :: DEBUG] Requesting forms from: https://www.sec.gov/Archives/edgar/data/789019/000156459019012709
[EDGAR :: DEBUG] Requesting forms from: https://www.sec.gov/Archives/edgar/data/789019/000156459019001392
[EDGAR :: DEBUG] Requesting forms from: https://www.sec.gov/Archives/edgar/data/789019/000156459018024893
[EDGAR :: DEBUG] Processing instant fields for report date: 03/2018
[EDGAR :: DEBUG] Found 236 contexts with matching instant date for 03/2018
[EDGAR :: DEBUG] Processing instant fields for report date: 12/2017
[EDGAR :: DEBUG] Found 235 contexts with matching instant date for 12/2017
[EDGAR :: DEBUG] Processing instant fields for report date: 09/2017
[EDGAR :: DEBUG] Found 236 contexts with matching instant date for 09/2017
[EDGAR :: DEBUG] Processing instant fields for report date: 03/2017
[EDGAR :: DEBUG] Found 244 contexts with matching instant date for 03/2017
[EDGAR :: DEBUG] Processing instant fields for report date: 12/2016
[EDGAR :: DEBUG] Found 220 contexts with matching instant date for 12/2016
[EDGAR :: DEBUG] Processing instant fields for report date: 09/2016
[EDGAR :: DEBUG] Found 213 contexts with matching instant date for 09/2016
[EDGAR :: DEBUG] Processing instant fields for report date: 03/2016
[EDGAR :: DEBUG] Found 209 contexts with matching instant date for 03/2016
[EDGAR :: DEBUG] Processing instant fields for report date: 12/2014
[EDGAR :: DEBUG] Found 200 contexts with matching instant date for 12/2014
[EDGAR :: DEBUG] Processing instant fields for report date: 09/2014
[EDGAR :: DEBUG] Found 200 contexts with matching instant date for 09/2014
[EDGAR :: DEBUG] Processing instant fields for report date: 12/2024
[EDGAR :: DEBUG] Found 99 contexts with matching instant date for 12/2024
[EDGAR :: DEBUG] Processing instant fields for report date: 09/2024
[EDGAR :: DEBUG] Found 100 contexts with matching instant date for 09/2024
[EDGAR :: DEBUG] Processing instant fields for report date: 03/2024
[EDGAR :: DEBUG] Found 98 contexts with matching instant date for 03/2024
[EDGAR :: DEBUG] Processing instant fields for report date: 12/2023
[EDGAR :: DEBUG] Found 96 contexts with matching instant date for 12/2023
[EDGAR :: DEBUG] Processing instant fields for report date: 09/2023
[EDGAR :: DEBUG] Found 91 contexts with matching instant date for 09/2023
[EDGAR :: DEBUG] Processing instant fields for report date: 03/2023
[EDGAR :: DEBUG] Found 89 contexts with matching instant date for 03/2023
[EDGAR :: DEBUG] Processing instant fields for report date: 12/2022
[EDGAR :: DEBUG] Found 89 contexts with matching instant date for 12/2022
[EDGAR :: DEBUG] Processing instant fields for report date: 09/2022
[EDGAR :: DEBUG] Found 85 contexts with matching instant date for 09/2022
[EDGAR :: DEBUG] Processing instant fields for report date: 03/2022
[EDGAR :: DEBUG] Found 96 contexts with matching instant date for 03/2022
[EDGAR :: DEBUG] Processing instant fields for report date: 12/2021
[EDGAR :: DEBUG] Found 90 contexts with matching instant date for 12/2021
[EDGAR :: DEBUG] Processing instant fields for report date: 09/2021
[EDGAR :: DEBUG] Found 91 contexts with matching instant date for 09/2021
[EDGAR :: DEBUG] Processing instant fields for report date: 03/2021
[EDGAR :: DEBUG] Found 94 contexts with matching instant date for 03/2021
[EDGAR :: DEBUG] Processing instant fields for report date: 12/2020
[EDGAR :: DEBUG] Found 89 contexts with matching instant date for 12/2020
[EDGAR :: DEBUG] Processing instant fields for report date: 09/2020
[EDGAR :: DEBUG] Found 95 contexts with matching instant date for 09/2020
[EDGAR :: DEBUG] Processing instant fields for report date: 03/2020
[EDGAR :: DEBUG] Found 89 contexts with matching instant date for 03/2020
[EDGAR :: DEBUG] Processing instant fields for report date: 12/2019
[EDGAR :: DEBUG] Found 89 contexts with matching instant date for 12/2019
[EDGAR :: DEBUG] Processing instant fields for report date: 09/2019
[EDGAR :: DEBUG] Found 90 contexts with matching instant date for 09/2019
[EDGAR :: DEBUG] Processing instant fields for report date: 03/2019
[EDGAR :: DEBUG] Found 107 contexts with matching instant date for 03/2019
[EDGAR :: DEBUG] Processing instant fields for report date: 12/2018
[EDGAR :: DEBUG] Found 107 contexts with matching instant date for 12/2018
[EDGAR :: DEBUG] Processing instant fields for report date: 09/2018
[EDGAR :: DEBUG] Found 106 contexts with matching instant date for 09/2018
[EDGAR :: DEBUG] Creating EdgarInstance for sofi-1818874 with start date 1900-01-01
[EDGAR :: INFO] 
Getting filings from URL: https://data.sec.gov/submissions/CIK0001818874.json
[EDGAR :: DEBUG] Requesting forms from: https://www.sec.gov/Archives/edgar/data/1818874/000181887421000037
[EDGAR :: DEBUG] Requesting forms from: https://www.sec.gov/Archives/edgar/data/1818874/000181887421000081
[EDGAR :: DEBUG] Requesting forms from: https://www.sec.gov/Archives/edgar/data/1818874/000181887422000031
[EDGAR :: DEBUG] Requesting forms from: https://www.sec.gov/Archives/edgar/data/1818874/000181887422000071
[EDGAR :: DEBUG] Requesting forms from: https://www.sec.gov/Archives/edgar/data/1818874/000181887422000185
[EDGAR :: DEBUG] Requesting forms from: https://www.sec.gov/Archives/edgar/data/1818874/000181887422000241
[EDGAR :: DEBUG] Requesting forms from: https://www.sec.gov/Archives/edgar/data/1818874/000181887423000018
[EDGAR :: DEBUG] Requesting forms from: https://www.sec.gov/Archives/edgar/data/1818874/000181887423000095
[EDGAR :: DEBUG] Requesting forms from: https://www.sec.gov/Archives/edgar/data/1818874/000181887423000144
[EDGAR :: DEBUG] Requesting forms from: https://www.sec.gov/Archives/edgar/data/1818874/000181887423000173
[EDGAR :: DEBUG] Requesting forms from: https://www.sec.gov/Archives/edgar/data/1818874/000181887424000026
[EDGAR :: DEBUG] Requesting forms from: https://www.sec.gov/Archives/edgar/data/1818874/000181887424000121
[EDGAR :: DEBUG] Requesting forms from: https://www.sec.gov/Archives/edgar/data/1818874/000181887424000175
[EDGAR :: DEBUG] Requesting forms from: https://www.sec.gov/Archives/edgar/data/1818874/000181887424000233
[EDGAR :: DEBUG] Requesting forms from: https://www.sec.gov/Archives/edgar/data/1818874/000181887425000016
[EDGAR :: DEBUG] Creating EdgarInstance for etsy-1370637 with start date 1900-01-01
[EDGAR :: INFO] 
Getting filings from URL: https://data.sec.gov/submissions/CIK0001370637.json
[EDGAR :: DEBUG] Requesting forms from: https://www.sec.gov/Archives/edgar/data/1370637/000137063715000007
[EDGAR :: DEBUG] Requesting forms from: https://www.sec.gov/Archives/edgar/data/1370637/000137063715000019
[EDGAR :: DEBUG] Requesting forms from: https://www.sec.gov/Archives/edgar/data/1370637/000137063716000032
[EDGAR :: DEBUG] Requesting forms from: https://www.sec.gov/Archives/edgar/data/1370637/000137063716000054
[EDGAR :: DEBUG] Requesting forms from: https://www.sec.gov/Archives/edgar/data/1370637/000137063716000098
[EDGAR :: DEBUG] Requesting forms from: https://www.sec.gov/Archives/edgar/data/1370637/000137063716000124
[EDGAR :: DEBUG] Requesting forms from: https://www.sec.gov/Archives/edgar/data/1370637/000137063717000018
[EDGAR :: DEBUG] Requesting forms from: https://www.sec.gov/Archives/edgar/data/1370637/000137063717000047
[EDGAR :: DEBUG] Requesting forms from: https://www.sec.gov/Archives/edgar/data/1370637/000137063717000102
[EDGAR :: DEBUG] Requesting forms from: https://www.sec.gov/Archives/edgar/data/1370637/000137063717000119
[EDGAR :: DEBUG] Requesting forms from: https://www.sec.gov/Archives/edgar/data/1370637/000137063718000020
[EDGAR :: DEBUG] Requesting forms from: https://www.sec.gov/Archives/edgar/data/1370637/000137063718000065
[EDGAR :: DEBUG] Requesting forms from: https://www.sec.gov/Archives/edgar/data/1370637/000137063718000102
[EDGAR :: DEBUG] Requesting forms from: https://www.sec.gov/Archives/edgar/data/1370637/000137063718000144
[EDGAR :: DEBUG] Requesting forms from: https://www.sec.gov/Archives/edgar/data/1370637/000137063719000028
[EDGAR :: DEBUG] Requesting forms from: https://www.sec.gov/Archives/edgar/data/1370637/000137063719000090
[EDGAR :: DEBUG] Requesting forms from: https://www.sec.gov/Archives/edgar/data/1370637/000137063719000146
[EDGAR :: DEBUG] Requesting forms from: https://www.sec.gov/Archives/edgar/data/1370637/000137063719000183
[EDGAR :: DEBUG] Requesting forms from: https://www.sec.gov/Archives/edgar/data/1370637/000137063720000046
[EDGAR :: DEBUG] Requesting forms from: https://www.sec.gov/Archives/edgar/data/1370637/000137063720000144
[EDGAR :: DEBUG] Requesting forms from: https://www.sec.gov/Archives/edgar/data/1370637/000137063720000210
[EDGAR :: DEBUG] Requesting forms from: https://www.sec.gov/Archives/edgar/data/1370637/000137063720000219
[EDGAR :: DEBUG] Requesting forms from: https://www.sec.gov/Archives/edgar/data/1370637/000137063721000012
[EDGAR :: DEBUG] Requesting forms from: https://www.sec.gov/Archives/edgar/data/1370637/000137063721000024
[EDGAR :: DEBUG] Requesting forms from: https://www.sec.gov/Archives/edgar/data/1370637/000137063721000049
[EDGAR :: DEBUG] Requesting forms from: https://www.sec.gov/Archives/edgar/data/1370637/000137063721000070
[EDGAR :: DEBUG] Requesting forms from: https://www.sec.gov/Archives/edgar/data/1370637/000137063722000024
[EDGAR :: DEBUG] Requesting forms from: https://www.sec.gov/Archives/edgar/data/1370637/000137063722000049
[EDGAR :: DEBUG] Requesting forms from: https://www.sec.gov/Archives/edgar/data/1370637/000137063722000069
[EDGAR :: DEBUG] Requesting forms from: https://www.sec.gov/Archives/edgar/data/1370637/000137063722000081
[EDGAR :: DEBUG] Requesting forms from: https://www.sec.gov/Archives/edgar/data/1370637/000137063723000017
[EDGAR :: DEBUG] Requesting forms from: https://www.sec.gov/Archives/edgar/data/1370637/000137063723000049
[EDGAR :: DEBUG] Requesting forms from: https://www.sec.gov/Archives/edgar/data/1370637/000137063723000071
[EDGAR :: DEBUG] Requesting forms from: https://www.sec.gov/Archives/edgar/data/1370637/000137063723000080
[EDGAR :: DEBUG] Requesting forms from: https://www.sec.gov/Archives/edgar/data/1370637/000137063724000013
[EDGAR :: DEBUG] Requesting forms from: https://www.sec.gov/Archives/edgar/data/1370637/000137063724000030
[EDGAR :: DEBUG] Requesting forms from: https://www.sec.gov/Archives/edgar/data/1370637/000137063724000043
[EDGAR :: DEBUG] Requesting forms from: https://www.sec.gov/Archives/edgar/data/1370637/000137063724000051
[EDGAR :: DEBUG] Requesting forms from: https://www.sec.gov/Archives/edgar/data/1370637/000137063725000017
[EDGAR :: DEBUG] Processing quarterly data for report date: 06/2015
[EDGAR :: DEBUG] Found 18 quarterly contexts for 06/2015
[EDGAR :: DEBUG] Processing quarterly data for report date: 09/2015
[EDGAR :: DEBUG] Found 16 quarterly contexts for 09/2015
[EDGAR :: DEBUG] Processing quarterly data for report date: 12/2015
[EDGAR :: DEBUG] Found 0 quarterly contexts for 12/2015
[EDGAR :: DEBUG] Processing quarterly data for report date: 03/2016
[EDGAR :: DEBUG] Found 35 quarterly contexts for 03/2016
[EDGAR :: DEBUG] Processing quarterly data for report date: 06/2016
[EDGAR :: DEBUG] Found 14 quarterly contexts for 06/2016
[EDGAR :: DEBUG] Processing quarterly data for report date: 09/2016
[EDGAR :: DEBUG] Found 15 quarterly contexts for 09/2016
[EDGAR :: DEBUG] Processing quarterly data for report date: 12/2016
[EDGAR :: DEBUG] Found 0 quarterly contexts for 12/2016
[EDGAR :: DEBUG] Processing quarterly data for report date: 03/2017
[EDGAR :: DEBUG] Found 18 quarterly contexts for 03/2017
[EDGAR :: DEBUG] Processing quarterly data for report date: 06/2017
[EDGAR :: DEBUG] Found 19 quarterly contexts for 06/2017
[EDGAR :: DEBUG] Processing quarterly data for report date: 09/2017
[EDGAR :: DEBUG] Found 22 quarterly contexts for 09/2017
[EDGAR :: DEBUG] Processing quarterly data for report date: 12/2017
[EDGAR :: DEBUG] Found 4 quarterly contexts for 12/2017
[EDGAR :: DEBUG] Processing quarterly data for report date: 03/2018
[EDGAR :: DEBUG] Found 32 quarterly contexts for 03/2018
[EDGAR :: DEBUG] Processing quarterly data for report date: 06/2018
[EDGAR :: DEBUG] Found 26 quarterly contexts for 06/2018
[EDGAR :: DEBUG] Processing quarterly data for report date: 09/2018
[EDGAR :: DEBUG] Found 25 quarterly contexts for 09/2018
[EDGAR :: DEBUG] Processing quarterly data for report date: 12/2018
[EDGAR :: DEBUG] Found 1 quarterly contexts for 12/2018
[EDGAR :: DEBUG] Processing quarterly data for report date: 03/2019
[EDGAR :: DEBUG] Found 27 quarterly contexts for 03/2019
[EDGAR :: DEBUG] Processing quarterly data for report date: 06/2019
[EDGAR :: DEBUG] Found 26 quarterly contexts for 06/2019
[EDGAR :: DEBUG] Processing quarterly data for report date: 09/2019
[EDGAR :: DEBUG] Found 27 quarterly contexts for 09/2019
[EDGAR :: DEBUG] Processing quarterly data for report date: 12/2019
[EDGAR :: DEBUG] Found 1 quarterly contexts for 12/2019
[EDGAR :: DEBUG] Processing quarterly data for report date: 03/2020
[EDGAR :: DEBUG] Found 24 quarterly contexts for 03/2020
[EDGAR :: DEBUG] Processing quarterly data for report date: 06/2020
[EDGAR :: DEBUG] Found 25 quarterly contexts for 06/2020
[EDGAR :: DEBUG] Processing quarterly data for report date: 09/2020
[EDGAR :: DEBUG] Found 26 quarterly contexts for 09/2020
[EDGAR :: DEBUG] Processing quarterly data for report date: 12/2020
[EDGAR :: DEBUG] Found 1 quarterly contexts for 12/2020
[EDGAR :: DEBUG] Processing quarterly data for report date: 03/2021
[EDGAR :: DEBUG] Found 26 quarterly contexts for 03/2021
[EDGAR :: DEBUG] Processing quarterly data for report date: 06/2021
[EDGAR :: DEBUG] Found 22 quarterly contexts for 06/2021
[EDGAR :: DEBUG] Processing quarterly data for report date: 09/2021
[EDGAR :: DEBUG] Found 27 quarterly contexts for 09/2021
[EDGAR :: DEBUG] Processing quarterly data for report date: 12/2021
[EDGAR :: DEBUG] Found 6 quarterly contexts for 12/2021
[EDGAR :: DEBUG] Processing quarterly data for report date: 03/2022
[EDGAR :: DEBUG] Found 24 quarterly contexts for 03/2022
[EDGAR :: DEBUG] Processing quarterly data for report date: 06/2022
[EDGAR :: DEBUG] Found 22 quarterly contexts for 06/2022
[EDGAR :: DEBUG] Processing quarterly data for report date: 09/2022
[EDGAR :: DEBUG] Found 24 quarterly contexts for 09/2022
[EDGAR :: DEBUG] Processing quarterly data for report date: 12/2022
[EDGAR :: DEBUG] Found 6 quarterly contexts for 12/2022
[EDGAR :: DEBUG] Processing quarterly data for report date: 03/2023
[EDGAR :: DEBUG] Found 22 quarterly contexts for 03/2023
[EDGAR :: DEBUG] Processing quarterly data for report date: 06/2023
[EDGAR :: DEBUG] Found 20 quarterly contexts for 06/2023
[EDGAR :: DEBUG] Processing quarterly data for report date: 09/2023
[EDGAR :: DEBUG] Found 23 quarterly contexts for 09/2023
[EDGAR :: DEBUG] Processing quarterly data for report date: 12/2023
[EDGAR :: DEBUG] Found 10 quarterly contexts for 12/2023
[EDGAR :: DEBUG] Processing quarterly data for report date: 03/2024
[EDGAR :: DEBUG] Found 18 quarterly contexts for 03/2024
[EDGAR :: DEBUG] Processing quarterly data for report date: 06/2024
[EDGAR :: DEBUG] Found 14 quarterly contexts for 06/2024
[EDGAR :: DEBUG] Processing quarterly data for report date: 09/2024
[EDGAR :: DEBUG] Found 16 quarterly contexts for 09/2024
[EDGAR :: DEBUG] Processing quarterly data for report date: 12/2024
[EDGAR :: DEBUG] Found 3 quarterly contexts for 12/2024
[EDGAR :: DEBUG] Processing instant fields for report date: 06/2015
[EDGAR :: DEBUG] Found 53 contexts with matching instant date for 06/2015
[EDGAR :: DEBUG] Processing instant fields for report date: 09/2015
[EDGAR :: DEBUG] Found 52 contexts with matching instant date for 09/2015
[EDGAR :: DEBUG] Processing instant fields for report date: 12/2015
[EDGAR :: DEBUG] Found 67 contexts with matching instant date for 12/2015
[EDGAR :: DEBUG] Processing instant fields for report date: 03/2016
[EDGAR :: DEBUG] Found 47 contexts with matching instant date for 03/2016
[EDGAR :: DEBUG] Processing instant fields for report date: 06/2016
[EDGAR :: DEBUG] Found 46 contexts with matching instant date for 06/2016
[EDGAR :: DEBUG] Processing instant fields for report date: 09/2016
[EDGAR :: DEBUG] Found 48 contexts with matching instant date for 09/2016
[EDGAR :: DEBUG] Processing instant fields for report date: 12/2016
[EDGAR :: DEBUG] Found 72 contexts with matching instant date for 12/2016
[EDGAR :: DEBUG] Processing instant fields for report date: 03/2017
[EDGAR :: DEBUG] Found 42 contexts with matching instant date for 03/2017
[EDGAR :: DEBUG] Processing instant fields for report date: 06/2017
[EDGAR :: DEBUG] Found 43 contexts with matching instant date for 06/2017
[EDGAR :: DEBUG] Processing instant fields for report date: 09/2017
[EDGAR :: DEBUG] Found 47 contexts with matching instant date for 09/2017
[EDGAR :: DEBUG] Processing instant fields for report date: 12/2017
[EDGAR :: DEBUG] Found 73 contexts with matching instant date for 12/2017
[EDGAR :: DEBUG] Processing instant fields for report date: 03/2018
[EDGAR :: DEBUG] Found 43 contexts with matching instant date for 03/2018
[EDGAR :: DEBUG] Processing instant fields for report date: 06/2018
[EDGAR :: DEBUG] Found 43 contexts with matching instant date for 06/2018
[EDGAR :: DEBUG] Processing instant fields for report date: 09/2018
[EDGAR :: DEBUG] Found 43 contexts with matching instant date for 09/2018
[EDGAR :: DEBUG] Processing instant fields for report date: 12/2018
[EDGAR :: DEBUG] Found 61 contexts with matching instant date for 12/2018
[EDGAR :: DEBUG] Processing instant fields for report date: 03/2019
[EDGAR :: DEBUG] Found 46 contexts with matching instant date for 03/2019
[EDGAR :: DEBUG] Processing instant fields for report date: 06/2019
[EDGAR :: DEBUG] Found 43 contexts with matching instant date for 06/2019
[EDGAR :: DEBUG] Processing instant fields for report date: 09/2019
[EDGAR :: DEBUG] Found 59 contexts with matching instant date for 09/2019
[EDGAR :: DEBUG] Processing instant fields for report date: 12/2019
[EDGAR :: DEBUG] Found 86 contexts with matching instant date for 12/2019
[EDGAR :: DEBUG] Processing instant fields for report date: 03/2020
[EDGAR :: DEBUG] Found 49 contexts with matching instant date for 03/2020
[EDGAR :: DEBUG] Processing instant fields for report date: 06/2020
[EDGAR :: DEBUG] Found 47 contexts with matching instant date for 06/2020
[EDGAR :: DEBUG] Processing instant fields for report date: 09/2020
[EDGAR :: DEBUG] Found 57 contexts with matching instant date for 09/2020
[EDGAR :: DEBUG] Processing instant fields for report date: 12/2020
[EDGAR :: DEBUG] Found 80 contexts with matching instant date for 12/2020
[EDGAR :: DEBUG] Processing instant fields for report date: 03/2021
[EDGAR :: DEBUG] Found 33 contexts with matching instant date for 03/2021
[EDGAR :: DEBUG] Processing instant fields for report date: 06/2021
[EDGAR :: DEBUG] Found 36 contexts with matching instant date for 06/2021
[EDGAR :: DEBUG] Processing instant fields for report date: 09/2021
[EDGAR :: DEBUG] Found 40 contexts with matching instant date for 09/2021
[EDGAR :: DEBUG] Processing instant fields for report date: 12/2021
[EDGAR :: DEBUG] Found 64 contexts with matching instant date for 12/2021
[EDGAR :: DEBUG] Processing instant fields for report date: 03/2022
[EDGAR :: DEBUG] Found 35 contexts with matching instant date for 03/2022
[EDGAR :: DEBUG] Processing instant fields for report date: 06/2022
[EDGAR :: DEBUG] Found 35 contexts with matching instant date for 06/2022
[EDGAR :: DEBUG] Processing instant fields for report date: 09/2022
[EDGAR :: DEBUG] Found 37 contexts with matching instant date for 09/2022
[EDGAR :: DEBUG] Processing instant fields for report date: 12/2022
[EDGAR :: DEBUG] Found 56 contexts with matching instant date for 12/2022
[EDGAR :: DEBUG] Processing instant fields for report date: 03/2023
[EDGAR :: DEBUG] Found 44 contexts with matching instant date for 03/2023
[EDGAR :: DEBUG] Processing instant fields for report date: 06/2023
[EDGAR :: DEBUG] Found 45 contexts with matching instant date for 06/2023
[EDGAR :: DEBUG] Processing instant fields for report date: 09/2023
[EDGAR :: DEBUG] Found 42 contexts with matching instant date for 09/2023
[EDGAR :: DEBUG] Processing instant fields for report date: 12/2023
[EDGAR :: DEBUG] Found 76 contexts with matching instant date for 12/2023
[EDGAR :: DEBUG] Processing instant fields for report date: 03/2024
[EDGAR :: DEBUG] Found 46 contexts with matching instant date for 03/2024
[EDGAR :: DEBUG] Processing instant fields for report date: 06/2024
[EDGAR :: DEBUG] Found 41 contexts with matching instant date for 06/2024
[EDGAR :: DEBUG] Processing instant fields for report date: 09/2024
[EDGAR :: DEBUG] Found 43 contexts with matching instant date for 09/2024
[EDGAR :: DEBUG] Processing instant fields for report date: 12/2024
[EDGAR :: DEBUG] Found 63 contexts with matching instant date for 12/2024
[EDGAR :: DEBUG] Processing quarterly data for report date: 06/2021
[EDGAR :: DEBUG] Found 118 quarterly contexts for 06/2021
[EDGAR :: DEBUG] Processing quarterly data for report date: 09/2021
[EDGAR :: DEBUG] Found 76 quarterly contexts for 09/2021
[EDGAR :: DEBUG] Processing quarterly data for report date: 12/2021
[EDGAR :: DEBUG] Found 3 quarterly contexts for 12/2021
[EDGAR :: DEBUG] Processing quarterly data for report date: 03/2022
[EDGAR :: DEBUG] Found 132 quarterly contexts for 03/2022
[EDGAR :: DEBUG] Processing quarterly data for report date: 06/2022
[EDGAR :: DEBUG] Found 70 quarterly contexts for 06/2022
[EDGAR :: DEBUG] Processing quarterly data for report date: 09/2022
[EDGAR :: DEBUG] Found 71 quarterly contexts for 09/2022
[EDGAR :: DEBUG] Processing quarterly data for report date: 12/2022
[EDGAR :: DEBUG] Found 0 quarterly contexts for 12/2022
[EDGAR :: DEBUG] Processing quarterly data for report date: 03/2023
[EDGAR :: DEBUG] Found 74 quarterly contexts for 03/2023
[EDGAR :: DEBUG] Processing quarterly data for report date: 06/2023
[EDGAR :: DEBUG] Found 59 quarterly contexts for 06/2023
[EDGAR :: DEBUG] Processing quarterly data for report date: 09/2023
[EDGAR :: DEBUG] Found 58 quarterly contexts for 09/2023
[EDGAR :: DEBUG] Processing quarterly data for report date: 12/2023
[EDGAR :: DEBUG] Found 0 quarterly contexts for 12/2023
[EDGAR :: DEBUG] Processing quarterly data for report date: 03/2024
[EDGAR :: DEBUG] Found 73 quarterly contexts for 03/2024
[EDGAR :: DEBUG] Processing quarterly data for report date: 06/2024
[EDGAR :: DEBUG] Found 66 quarterly contexts for 06/2024
[EDGAR :: DEBUG] Processing quarterly data for report date: 09/2024
[EDGAR :: DEBUG] Found 70 quarterly contexts for 09/2024
[EDGAR :: DEBUG] Processing quarterly data for report date: 12/2024
[EDGAR :: DEBUG] Found 2 quarterly contexts for 12/2024
[EDGAR :: DEBUG] Processing instant fields for report date: 06/2021
[EDGAR :: DEBUG] Found 253 contexts with matching instant date for 06/2021
[EDGAR :: DEBUG] Processing instant fields for report date: 09/2021
[EDGAR :: DEBUG] Found 315 contexts with matching instant date for 09/2021
[EDGAR :: DEBUG] Processing instant fields for report date: 12/2021
[EDGAR :: DEBUG] Found 351 contexts with matching instant date for 12/2021
[EDGAR :: DEBUG] Processing instant fields for report date: 03/2022
[EDGAR :: DEBUG] Found 335 contexts with matching instant date for 03/2022
[EDGAR :: DEBUG] Processing instant fields for report date: 06/2022
[EDGAR :: DEBUG] Found 331 contexts with matching instant date for 06/2022
[EDGAR :: DEBUG] Processing instant fields for report date: 09/2022
[EDGAR :: DEBUG] Found 319 contexts with matching instant date for 09/2022
[EDGAR :: DEBUG] Processing instant fields for report date: 12/2022
[EDGAR :: DEBUG] Found 311 contexts with matching instant date for 12/2022
[EDGAR :: DEBUG] Processing instant fields for report date: 03/2023
[EDGAR :: DEBUG] Found 265 contexts with matching instant date for 03/2023
[EDGAR :: DEBUG] Processing instant fields for report date: 06/2023
[EDGAR :: DEBUG] Found 274 contexts with matching instant date for 06/2023
[EDGAR :: DEBUG] Processing instant fields for report date: 09/2023
[EDGAR :: DEBUG] Found 277 contexts with matching instant date for 09/2023
[EDGAR :: DEBUG] Processing instant fields for report date: 12/2023
[EDGAR :: DEBUG] Found 306 contexts with matching instant date for 12/2023
[EDGAR :: DEBUG] Processing instant fields for report date: 03/2024
[EDGAR :: DEBUG] Found 263 contexts with matching instant date for 03/2024
[EDGAR :: DEBUG] Processing instant fields for report date: 06/2024
[EDGAR :: DEBUG] Found 263 contexts with matching instant date for 06/2024
[EDGAR :: DEBUG] Processing instant fields for report date: 09/2024
[EDGAR :: DEBUG] Found 263 contexts with matching instant date for 09/2024
[EDGAR :: DEBUG] Processing instant fields for report date: 12/2024
[EDGAR :: DEBUG] Found 297 contexts with matching instant date for 12/2024
[EDGAR :: DEBUG] Creating EdgarInstance for etsy-1370637 with start date 1900-01-01
[EDGAR :: INFO] 
Getting filings from URL: https://data.sec.gov/submissions/CIK0001370637.json
[EDGAR :: DEBUG] Requesting forms from: https://www.sec.gov/Archives/edgar/data/1370637/000137063715000007
[EDGAR :: DEBUG] Requesting forms from: https://www.sec.gov/Archives/edgar/data/1370637/000137063715000019
[EDGAR :: DEBUG] Requesting forms from: https://www.sec.gov/Archives/edgar/data/1370637/000137063716000032
[EDGAR :: DEBUG] Requesting forms from: https://www.sec.gov/Archives/edgar/data/1370637/000137063716000054
[EDGAR :: DEBUG] Requesting forms from: https://www.sec.gov/Archives/edgar/data/1370637/000137063716000098
[EDGAR :: DEBUG] Requesting forms from: https://www.sec.gov/Archives/edgar/data/1370637/000137063716000124
[EDGAR :: DEBUG] Requesting forms from: https://www.sec.gov/Archives/edgar/data/1370637/000137063717000018
[EDGAR :: DEBUG] Requesting forms from: https://www.sec.gov/Archives/edgar/data/1370637/000137063717000047
[EDGAR :: DEBUG] Requesting forms from: https://www.sec.gov/Archives/edgar/data/1370637/000137063717000102
[EDGAR :: DEBUG] Requesting forms from: https://www.sec.gov/Archives/edgar/data/1370637/000137063717000119
[EDGAR :: DEBUG] Requesting forms from: https://www.sec.gov/Archives/edgar/data/1370637/000137063718000020
[EDGAR :: DEBUG] Requesting forms from: https://www.sec.gov/Archives/edgar/data/1370637/000137063718000065
[EDGAR :: DEBUG] Requesting forms from: https://www.sec.gov/Archives/edgar/data/1370637/000137063718000102
[EDGAR :: DEBUG] Requesting forms from: https://www.sec.gov/Archives/edgar/data/1370637/000137063718000144
[EDGAR :: DEBUG] Requesting forms from: https://www.sec.gov/Archives/edgar/data/1370637/000137063719000028
[EDGAR :: DEBUG] Requesting forms from: https://www.sec.gov/Archives/edgar/data/1370637/000137063719000090
[EDGAR :: DEBUG] Requesting forms from: https://www.sec.gov/Archives/edgar/data/1370637/000137063719000146
[EDGAR :: DEBUG] Requesting forms from: https://www.sec.gov/Archives/edgar/data/1370637/000137063719000183
[EDGAR :: DEBUG] Requesting forms from: https://www.sec.gov/Archives/edgar/data/1370637/000137063720000046
[EDGAR :: DEBUG] Requesting forms from: https://www.sec.gov/Archives/edgar/data/1370637/000137063720000144
[EDGAR :: DEBUG] Requesting forms from: https://www.sec.gov/Archives/edgar/data/1370637/000137063720000210
[EDGAR :: DEBUG] Requesting forms from: https://www.sec.gov/Archives/edgar/data/1370637/000137063720000219
[EDGAR :: DEBUG] Requesting forms from: https://www.sec.gov/Archives/edgar/data/1370637/000137063721000012
[EDGAR :: DEBUG] Requesting forms from: https://www.sec.gov/Archives/edgar/data/1370637/000137063721000024
[EDGAR :: DEBUG] Requesting forms from: https://www.sec.gov/Archives/edgar/data/1370637/000137063721000049
[EDGAR :: DEBUG] Requesting forms from: https://www.sec.gov/Archives/edgar/data/1370637/000137063721000070
[EDGAR :: DEBUG] Requesting forms from: https://www.sec.gov/Archives/edgar/data/1370637/000137063722000024
[EDGAR :: DEBUG] Requesting forms from: https://www.sec.gov/Archives/edgar/data/1370637/000137063722000049
[EDGAR :: DEBUG] Requesting forms from: https://www.sec.gov/Archives/edgar/data/1370637/000137063722000069
[EDGAR :: DEBUG] Requesting forms from: https://www.sec.gov/Archives/edgar/data/1370637/000137063722000081
[EDGAR :: DEBUG] Requesting forms from: https://www.sec.gov/Archives/edgar/data/1370637/000137063723000017
[EDGAR :: DEBUG] Requesting forms from: https://www.sec.gov/Archives/edgar/data/1370637/000137063723000049
[EDGAR :: DEBUG] Requesting forms from: https://www.sec.gov/Archives/edgar/data/1370637/000137063723000071
[EDGAR :: DEBUG] Requesting forms from: https://www.sec.gov/Archives/edgar/data/1370637/000137063723000080
[EDGAR :: DEBUG] Requesting forms from: https://www.sec.gov/Archives/edgar/data/1370637/000137063724000013
[EDGAR :: DEBUG] Requesting forms from: https://www.sec.gov/Archives/edgar/data/1370637/000137063724000030
[EDGAR :: DEBUG] Requesting forms from: https://www.sec.gov/Archives/edgar/data/1370637/000137063724000043
[EDGAR :: DEBUG] Requesting forms from: https://www.sec.gov/Archives/edgar/data/1370637/000137063724000051
[EDGAR :: DEBUG] Requesting forms from: https://www.sec.gov/Archives/edgar/data/1370637/000137063725000017
[EDGAR :: INFO] Creating EdgarInstance for sofi with start date 2015-03-16
[EDGAR :: INFO] Found CIK: 0001818874
[EDGAR :: INFO] Fetching filings from: https://data.sec.gov/submissions/CIK0001818874.json
[EDGAR :: INFO] Fetched 18 10-K and 10-Q filings
[EDGAR :: INFO] Processing 10-Q filing for 09/2020
[EDGAR :: DEBUG] Requesting archive page: https://www.sec.gov/Archives/edgar/data/0001818874/000110465920128076
[EDGAR :: INFO] Processing 10-K filing for 12/2020
[EDGAR :: DEBUG] Requesting archive page: https://www.sec.gov/Archives/edgar/data/0001818874/000110465921037483
[EDGAR :: INFO] Processing 10-Q filing for 03/2021
[EDGAR :: DEBUG] Requesting archive page: https://www.sec.gov/Archives/edgar/data/0001818874/000110465921070841
[EDGAR :: INFO] Processing 10-Q filing for 06/2021
[EDGAR :: DEBUG] Requesting archive page: https://www.sec.gov/Archives/edgar/data/0001818874/000181887421000037
[EDGAR :: INFO] Processing 10-Q filing for 09/2021
[EDGAR :: DEBUG] Requesting archive page: https://www.sec.gov/Archives/edgar/data/0001818874/000181887421000081
[EDGAR :: INFO] Processing 10-K filing for 12/2021
[EDGAR :: DEBUG] Requesting archive page: https://www.sec.gov/Archives/edgar/data/0001818874/000181887422000031
[EDGAR :: INFO] Processing 10-Q filing for 03/2022
[EDGAR :: DEBUG] Requesting archive page: https://www.sec.gov/Archives/edgar/data/0001818874/000181887422000071
[EDGAR :: INFO] Processing 10-Q filing for 06/2022
[EDGAR :: DEBUG] Requesting archive page: https://www.sec.gov/Archives/edgar/data/0001818874/000181887422000185
[EDGAR :: INFO] Processing 10-Q filing for 09/2022
[EDGAR :: DEBUG] Requesting archive page: https://www.sec.gov/Archives/edgar/data/0001818874/000181887422000241
[EDGAR :: INFO] Processing 10-K filing for 12/2022
[EDGAR :: DEBUG] Requesting archive page: https://www.sec.gov/Archives/edgar/data/0001818874/000181887423000018
[EDGAR :: INFO] Processing 10-Q filing for 03/2023
[EDGAR :: DEBUG] Requesting archive page: https://www.sec.gov/Archives/edgar/data/0001818874/000181887423000095
[EDGAR :: INFO] Processing 10-Q filing for 06/2023
[EDGAR :: DEBUG] Requesting archive page: https://www.sec.gov/Archives/edgar/data/0001818874/000181887423000144
[EDGAR :: INFO] Processing 10-Q filing for 09/2023
[EDGAR :: DEBUG] Requesting archive page: https://www.sec.gov/Archives/edgar/data/0001818874/000181887423000173
[EDGAR :: INFO] Processing 10-K filing for 12/2023
[EDGAR :: DEBUG] Requesting archive page: https://www.sec.gov/Archives/edgar/data/0001818874/000181887424000026
[EDGAR :: INFO] Processing 10-Q filing for 03/2024
[EDGAR :: DEBUG] Requesting archive page: https://www.sec.gov/Archives/edgar/data/0001818874/000181887424000121
[EDGAR :: INFO] Processing 10-Q filing for 06/2024
[EDGAR :: DEBUG] Requesting archive page: https://www.sec.gov/Archives/edgar/data/0001818874/000181887424000175
[EDGAR :: INFO] Processing 10-Q filing for 09/2024
[EDGAR :: DEBUG] Requesting archive page: https://www.sec.gov/Archives/edgar/data/0001818874/000181887424000233
[EDGAR :: INFO] Processing 10-K filing for 12/2024
[EDGAR :: DEBUG] Requesting archive page: https://www.sec.gov/Archives/edgar/data/0001818874/000181887425000016
[EDGAR :: INFO] Creating EdgarInstance for sofi with start date 2015-03-16
[EDGAR :: INFO] Found CIK: 0001818874
[EDGAR :: INFO] Fetching filings from: https://data.sec.gov/submissions/CIK0001818874.json
[EDGAR :: INFO] Fetched 18 10-K and 10-Q filings
[EDGAR :: INFO] Processing 10-Q filing for 09/2020
[EDGAR :: DEBUG] Requesting archive page: https://www.sec.gov/Archives/edgar/data/0001818874/000110465920128076
[EDGAR :: INFO] Processing 10-K filing for 12/2020
[EDGAR :: DEBUG] Requesting archive page: https://www.sec.gov/Archives/edgar/data/0001818874/000110465921037483
[EDGAR :: INFO] Processing 10-Q filing for 03/2021
[EDGAR :: DEBUG] Requesting archive page: https://www.sec.gov/Archives/edgar/data/0001818874/000110465921070841
[EDGAR :: INFO] Processing 10-Q filing for 06/2021
[EDGAR :: DEBUG] Requesting archive page: https://www.sec.gov/Archives/edgar/data/0001818874/000181887421000037
[EDGAR :: INFO] Processing 10-Q filing for 09/2021
[EDGAR :: DEBUG] Requesting archive page: https://www.sec.gov/Archives/edgar/data/0001818874/000181887421000081
[EDGAR :: INFO] Processing 10-K filing for 12/2021
[EDGAR :: DEBUG] Requesting archive page: https://www.sec.gov/Archives/edgar/data/0001818874/000181887422000031
[EDGAR :: INFO] Processing 10-Q filing for 03/2022
[EDGAR :: DEBUG] Requesting archive page: https://www.sec.gov/Archives/edgar/data/0001818874/000181887422000071
[EDGAR :: INFO] Processing 10-Q filing for 06/2022
[EDGAR :: DEBUG] Requesting archive page: https://www.sec.gov/Archives/edgar/data/0001818874/000181887422000185
[EDGAR :: INFO] Processing 10-Q filing for 09/2022
[EDGAR :: DEBUG] Requesting archive page: https://www.sec.gov/Archives/edgar/data/0001818874/000181887422000241
[EDGAR :: INFO] Processing 10-K filing for 12/2022
[EDGAR :: DEBUG] Requesting archive page: https://www.sec.gov/Archives/edgar/data/0001818874/000181887423000018
[EDGAR :: INFO] Processing 10-Q filing for 03/2023
[EDGAR :: DEBUG] Requesting archive page: https://www.sec.gov/Archives/edgar/data/0001818874/000181887423000095
[EDGAR :: INFO] Processing 10-Q filing for 06/2023
[EDGAR :: DEBUG] Requesting archive page: https://www.sec.gov/Archives/edgar/data/0001818874/000181887423000144
[EDGAR :: INFO] Processing 10-Q filing for 09/2023
[EDGAR :: DEBUG] Requesting archive page: https://www.sec.gov/Archives/edgar/data/0001818874/000181887423000173
[EDGAR :: INFO] Processing 10-K filing for 12/2023
[EDGAR :: DEBUG] Requesting archive page: https://www.sec.gov/Archives/edgar/data/0001818874/000181887424000026
[EDGAR :: INFO] Processing 10-Q filing for 03/2024
[EDGAR :: DEBUG] Requesting archive page: https://www.sec.gov/Archives/edgar/data/0001818874/000181887424000121
[EDGAR :: INFO] Processing 10-Q filing for 06/2024
[EDGAR :: DEBUG] Requesting archive page: https://www.sec.gov/Archives/edgar/data/0001818874/000181887424000175
[EDGAR :: INFO] Processing 10-Q filing for 09/2024
[EDGAR :: DEBUG] Requesting archive page: https://www.sec.gov/Archives/edgar/data/0001818874/000181887424000233
[EDGAR :: INFO] Processing 10-K filing for 12/2024
[EDGAR :: DEBUG] Requesting archive page: https://www.sec.gov/Archives/edgar/data/0001818874/000181887425000016
[EDGAR :: INFO] Populating schema with 23 financial metrics
[EDGAR :: DEBUG] Processing report date: 09/2020
[EDGAR :: DEBUG] Processing report date: 12/2020
[EDGAR :: DEBUG] Processing report date: 03/2021
[EDGAR :: DEBUG] Processing report date: 06/2021
[EDGAR :: INFO] Multiple matches found for Revenue in report date 06/2021:
[EDGAR :: INFO]   Field: RevenueFromContractWithCustomerExcludingAssessedTax, Value: 3140000, Priority: 0
[EDGAR :: INFO]   Field: RevenuesNetOfInterestExpense, Value: 231274000, Priority: 2
[EDGAR :: INFO] Selected RevenueFromContractWithCustomerExcludingAssessedTax with value 3140000 for Revenue
[EDGAR :: INFO] Multiple matches found for Long Term Debt in report date 06/2021:
[EDGAR :: INFO]   Field: LongTermDebt, Value: 2319918000, Priority: 0
[EDGAR :: INFO]   Field: DebtLongtermAndShorttermCombinedAmount, Value: 2319918000, Priority: 3
[EDGAR :: INFO] Selected LongTermDebt with value 2319918000 for Long Term Debt
[EDGAR :: DEBUG] Processing report date: 09/2021
[EDGAR :: INFO] Multiple matches found for Revenue in report date 09/2021:
[EDGAR :: INFO]   Field: RevenueFromContractWithCustomerExcludingAssessedTax, Value: 4378000, Priority: 0
[EDGAR :: INFO]   Field: RevenuesNetOfInterestExpense, Value: 272006000, Priority: 2
[EDGAR :: INFO] Selected RevenueFromContractWithCustomerExcludingAssessedTax with value 4378000 for Revenue
[EDGAR :: INFO] Multiple matches found for Long Term Debt in report date 09/2021:
[EDGAR :: INFO]   Field: LongTermDebt, Value: 2770226000, Priority: 0
[EDGAR :: INFO]   Field: DebtLongtermAndShorttermCombinedAmount, Value: 2770226000, Priority: 3
[EDGAR :: INFO] Selected LongTermDebt with value 2770226000 for Long Term Debt
[EDGAR :: DEBUG] Processing report date: 12/2021
[EDGAR :: INFO] Multiple matches found for Revenue in report date 12/2021:
[EDGAR :: INFO]   Field: RevenueFromContractWithCustomerExcludingAssessedTax, Value: 0, Priority: 0
[EDGAR :: INFO]   Field: Revenues, Value: 127490000, Priority: 1
[EDGAR :: INFO]   Field: RevenuesNetOfInterestExpense, Value: 984872000, Priority: 2
[EDGAR :: INFO] Selected RevenueFromContractWithCustomerExcludingAssessedTax with value 0 for Revenue
[EDGAR :: INFO] Multiple matches found for Long Term Debt in report date 12/2021:
[EDGAR :: INFO]   Field: LongTermDebt, Value: 3947983000, Priority: 0
[EDGAR :: INFO]   Field: DebtLongtermAndShorttermCombinedAmount, Value: 3947983000, Priority: 3
[EDGAR :: INFO] Selected LongTermDebt with value 3947983000 for Long Term Debt
[EDGAR :: INFO] Multiple matches found for Sales & Marketing Expense in report date 12/2021:
[EDGAR :: INFO]   Field: SellingAndMarketingExpense, Value: 426875000, Priority: 0
[EDGAR :: INFO]   Field: AdvertisingExpense, Value: 183106000, Priority: 3
[EDGAR :: INFO] Selected SellingAndMarketingExpense with value 426875000 for Sales & Marketing Expense
[EDGAR :: DEBUG] Processing report date: 03/2022
[EDGAR :: INFO] Multiple matches found for Revenue in report date 03/2022:
[EDGAR :: INFO]   Field: RevenueFromContractWithCustomerExcludingAssessedTax, Value: 7768000, Priority: 0
[EDGAR :: INFO]   Field: RevenuesNetOfInterestExpense, Value: 330344000, Priority: 2
[EDGAR :: INFO] Selected RevenueFromContractWithCustomerExcludingAssessedTax with value 7768000 for Revenue
[EDGAR :: INFO] Multiple matches found for Long Term Debt in report date 03/2022:
[EDGAR :: INFO]   Field: LongTermDebt, Value: 4916175000, Priority: 0
[EDGAR :: INFO]   Field: DebtLongtermAndShorttermCombinedAmount, Value: 4916175000, Priority: 3
[EDGAR :: INFO] Selected LongTermDebt with value 4916175000 for Long Term Debt
[EDGAR :: INFO] Multiple matches found for Deposits in report date 03/2022:
[EDGAR :: INFO]   Field: Deposits, Value: 1155922000, Priority: 0
[EDGAR :: INFO]   Field: DemandDepositAccounts, Value: 753134000, Priority: 3
[EDGAR :: INFO]   Field: TimeDeposits, Value: 14187000, Priority: 4
[EDGAR :: INFO] Selected Deposits with value 1155922000 for Deposits
[EDGAR :: DEBUG] Processing report date: 06/2022
[EDGAR :: INFO] Multiple matches found for Revenue in report date 06/2022:
[EDGAR :: INFO]   Field: RevenueFromContractWithCustomerExcludingAssessedTax, Value: 8805000, Priority: 0
[EDGAR :: INFO]   Field: RevenuesNetOfInterestExpense, Value: 362527000, Priority: 2
[EDGAR :: INFO] Selected RevenueFromContractWithCustomerExcludingAssessedTax with value 8805000 for Revenue
[EDGAR :: INFO] Multiple matches found for Long Term Debt in report date 06/2022:
[EDGAR :: INFO]   Field: LongTermDebt, Value: 3723561000, Priority: 0
[EDGAR :: INFO]   Field: DebtLongtermAndShorttermCombinedAmount, Value: 3723561000, Priority: 3
[EDGAR :: INFO] Selected LongTermDebt with value 3723561000 for Long Term Debt
[EDGAR :: INFO] Multiple matches found for Deposits in report date 06/2022:
[EDGAR :: INFO]   Field: Deposits, Value: 2712264000, Priority: 0
[EDGAR :: INFO]   Field: DemandDepositAccounts, Value: 1561339000, Priority: 3
[EDGAR :: INFO]   Field: TimeDeposits, Value: 18474000, Priority: 4
[EDGAR :: INFO] Selected Deposits with value 2712264000 for Deposits
[EDGAR :: DEBUG] Processing report date: 09/2022
[EDGAR :: INFO] Multiple matches found for Revenue in report date 09/2022:
[EDGAR :: INFO]   Field: RevenueFromContractWithCustomerExcludingAssessedTax, Value: 10210000, Priority: 0
[EDGAR :: INFO]   Field: RevenuesNetOfInterestExpense, Value: 423985000, Priority: 2
[EDGAR :: INFO] Selected RevenueFromContractWithCustomerExcludingAssessedTax with value 10210000 for Revenue
[EDGAR :: INFO] Multiple matches found for Long Term Debt in report date 09/2022:
[EDGAR :: INFO]   Field: LongTermDebt, Value: 4568523000, Priority: 0
[EDGAR :: INFO]   Field: DebtLongtermAndShorttermCombinedAmount, Value: 4568523000, Priority: 3
[EDGAR :: INFO] Selected LongTermDebt with value 4568523000 for Long Term Debt
[EDGAR :: INFO] Multiple matches found for Deposits in report date 09/2022:
[EDGAR :: INFO]   Field: Deposits, Value: 5031630000, Priority: 0
[EDGAR :: INFO]   Field: DemandDepositAccounts, Value: 2544043000, Priority: 3
[EDGAR :: INFO]   Field: TimeDeposits, Value: 512515000, Priority: 4
[EDGAR :: INFO] Selected Deposits with value 5031630000 for Deposits
[EDGAR :: DEBUG] Processing report date: 12/2022
[EDGAR :: INFO] Multiple matches found for Revenue in report date 12/2022:
[EDGAR :: INFO]   Field: RevenueFromContractWithCustomerExcludingAssessedTax, Value: 0, Priority: 0
[EDGAR :: INFO]   Field: RevenuesNetOfInterestExpense, Value: 1573535000, Priority: 2
[EDGAR :: INFO] Selected RevenueFromContractWithCustomerExcludingAssessedTax with value 0 for Revenue
[EDGAR :: INFO] Multiple matches found for Long Term Debt in report date 12/2022:
[EDGAR :: INFO]   Field: LongTermDebt, Value: 5485882000, Priority: 0
[EDGAR :: INFO]   Field: DebtLongtermAndShorttermCombinedAmount, Value: 5485882000, Priority: 3
[EDGAR :: INFO] Selected LongTermDebt with value 5485882000 for Long Term Debt
[EDGAR :: INFO] Multiple matches found for Deposits in report date 12/2022:
[EDGAR :: INFO]   Field: Deposits, Value: 7342296000, Priority: 0
[EDGAR :: INFO]   Field: DemandDepositAccounts, Value: 1912452000, Priority: 3
[EDGAR :: INFO]   Field: TimeDeposits, Value: 969387000, Priority: 4
[EDGAR :: INFO] Selected Deposits with value 7342296000 for Deposits
[EDGAR :: INFO] Multiple matches found for Sales & Marketing Expense in report date 12/2022:
[EDGAR :: INFO]   Field: SellingAndMarketingExpense, Value: 617823000, Priority: 0
[EDGAR :: INFO]   Field: AdvertisingExpense, Value: 256125000, Priority: 3
[EDGAR :: INFO] Selected SellingAndMarketingExpense with value 617823000 for Sales & Marketing Expense
[EDGAR :: DEBUG] Processing report date: 03/2023
[EDGAR :: INFO] Multiple matches found for Revenue in report date 03/2023:
[EDGAR :: INFO]   Field: RevenueFromContractWithCustomerExcludingAssessedTax, Value: 0, Priority: 0
[EDGAR :: INFO]   Field: RevenuesNetOfInterestExpense, Value: 472158000, Priority: 2
[EDGAR :: INFO] Selected RevenueFromContractWithCustomerExcludingAssessedTax with value 0 for Revenue
[EDGAR :: INFO] Multiple matches found for Long Term Debt in report date 03/2023:
[EDGAR :: INFO]   Field: LongTermDebt, Value: 1180000000, Priority: 0
[EDGAR :: INFO]   Field: DebtLongtermAndShorttermCombinedAmount, Value: 6125501000, Priority: 3
[EDGAR :: INFO] Selected LongTermDebt with value 1180000000 for Long Term Debt
[EDGAR :: INFO] Multiple matches found for Deposits in report date 03/2023:
[EDGAR :: INFO]   Field: Deposits, Value: 10088441000, Priority: 0
[EDGAR :: INFO]   Field: DemandDepositAccounts, Value: 2095440000, Priority: 3
[EDGAR :: INFO]   Field: TimeDeposits, Value: 1559377000, Priority: 4
[EDGAR :: INFO] Selected Deposits with value 10088441000 for Deposits
[EDGAR :: DEBUG] Processing report date: 06/2023
[EDGAR :: INFO] Multiple matches found for Revenue in report date 06/2023:
[EDGAR :: INFO]   Field: RevenueFromContractWithCustomerExcludingAssessedTax, Value: 0, Priority: 0
[EDGAR :: INFO]   Field: RevenuesNetOfInterestExpense, Value: 498018000, Priority: 2
[EDGAR :: INFO] Selected RevenueFromContractWithCustomerExcludingAssessedTax with value 0 for Revenue
[EDGAR :: INFO] Multiple matches found for Long Term Debt in report date 06/2023:
[EDGAR :: INFO]   Field: LongTermDebt, Value: 1180000000, Priority: 0
[EDGAR :: INFO]   Field: DebtLongtermAndShorttermCombinedAmount, Value: 6484326000, Priority: 3
[EDGAR :: INFO] Selected LongTermDebt with value 1180000000 for Long Term Debt
[EDGAR :: INFO] Multiple matches found for Deposits in report date 06/2023:
[EDGAR :: INFO]   Field: Deposits, Value: 12740073000, Priority: 0
[EDGAR :: INFO]   Field: DemandDepositAccounts, Value: 2369568000, Priority: 3
[EDGAR :: INFO]   Field: TimeDeposits, Value: 2011762000, Priority: 4
[EDGAR :: INFO] Selected Deposits with value 12740073000 for Deposits
[EDGAR :: DEBUG] Processing report date: 09/2023
[EDGAR :: INFO] Multiple matches found for Revenue in report date 09/2023:
[EDGAR :: INFO]   Field: RevenueFromContractWithCustomerExcludingAssessedTax, Value: 0, Priority: 0
[EDGAR :: INFO]   Field: RevenuesNetOfInterestExpense, Value: 537209000, Priority: 2
[EDGAR :: INFO] Selected RevenueFromContractWithCustomerExcludingAssessedTax with value 0 for Revenue
[EDGAR :: INFO] Multiple matches found for Long Term Debt in report date 09/2023:
[EDGAR :: INFO]   Field: LongTermDebt, Value: 1180000000, Priority: 0
[EDGAR :: INFO]   Field: DebtLongtermAndShorttermCombinedAmount, Value: 6241386000, Priority: 3
[EDGAR :: INFO] Selected LongTermDebt with value 1180000000 for Long Term Debt
[EDGAR :: INFO] Multiple matches found for Deposits in report date 09/2023:
[EDGAR :: INFO]   Field: Deposits, Value: 15671973000, Priority: 0
[EDGAR :: INFO]   Field: DemandDepositAccounts, Value: 2546978000, Priority: 3
[EDGAR :: INFO]   Field: TimeDeposits, Value: 2465263000, Priority: 4
[EDGAR :: INFO] Selected Deposits with value 15671973000 for Deposits
[EDGAR :: DEBUG] Processing report date: 12/2023
[EDGAR :: INFO] Multiple matches found for Revenue in report date 12/2023:
[EDGAR :: INFO]   Field: RevenueFromContractWithCustomerExcludingAssessedTax, Value: 0, Priority: 0
[EDGAR :: INFO]   Field: RevenuesNetOfInterestExpense, Value: 2122789000, Priority: 2
[EDGAR :: INFO] Selected RevenueFromContractWithCustomerExcludingAssessedTax with value 0 for Revenue
[EDGAR :: INFO] Multiple matches found for Long Term Debt in report date 12/2023:
[EDGAR :: INFO]   Field: LongTermDebt, Value: 1100000000, Priority: 0
[EDGAR :: INFO]   Field: DebtLongtermAndShorttermCombinedAmount, Value: 5233416000, Priority: 3
[EDGAR :: INFO] Selected LongTermDebt with value 1100000000 for Long Term Debt
[EDGAR :: INFO] Multiple matches found for Deposits in report date 12/2023:
[EDGAR :: INFO]   Field: Deposits, Value: 18620663000, Priority: 0
[EDGAR :: INFO]   Field: DemandDepositAccounts, Value: 2663335000, Priority: 3
[EDGAR :: INFO]   Field: TimeDeposits, Value: 3003625000, Priority: 4
[EDGAR :: INFO] Selected Deposits with value 18620663000 for Deposits
[EDGAR :: INFO] Multiple matches found for Sales & Marketing Expense in report date 12/2023:
[EDGAR :: INFO]   Field: SellingAndMarketingExpense, Value: 719400000, Priority: 0
[EDGAR :: INFO]   Field: AdvertisingExpense, Value: 284176000, Priority: 3
[EDGAR :: INFO] Selected SellingAndMarketingExpense with value 719400000 for Sales & Marketing Expense
[EDGAR :: DEBUG] Processing report date: 03/2024
[EDGAR :: INFO] Multiple matches found for Revenue in report date 03/2024:
[EDGAR :: INFO]   Field: RevenueFromContractWithCustomerExcludingAssessedTax, Value: 0, Priority: 0
[EDGAR :: INFO]   Field: RevenuesNetOfInterestExpense, Value: 644995000, Priority: 2
[EDGAR :: INFO] Selected RevenueFromContractWithCustomerExcludingAssessedTax with value 0 for Revenue
[EDGAR :: INFO] Multiple matches found for Long Term Debt in report date 03/2024:
[EDGAR :: INFO]   Field: LongTermDebt, Value: 506300000, Priority: 0
[EDGAR :: INFO]   Field: DebtLongtermAndShorttermCombinedAmount, Value: 2891317000, Priority: 3
[EDGAR :: INFO] Selected LongTermDebt with value 506300000 for Long Term Debt
[EDGAR :: INFO] Multiple matches found for Deposits in report date 03/2024:
[EDGAR :: INFO]   Field: Deposits, Value: 21604594000, Priority: 0
[EDGAR :: INFO]   Field: DemandDepositAccounts, Value: 2480456000, Priority: 3
[EDGAR :: INFO]   Field: TimeDeposits, Value: 2486661000, Priority: 4
[EDGAR :: INFO] Selected Deposits with value 21604594000 for Deposits
[EDGAR :: DEBUG] Processing report date: 06/2024
[EDGAR :: INFO] Multiple matches found for Revenue in report date 06/2024:
[EDGAR :: INFO]   Field: RevenueFromContractWithCustomerExcludingAssessedTax, Value: 13618000, Priority: 0
[EDGAR :: INFO]   Field: RevenuesNetOfInterestExpense, Value: 598618000, Priority: 2
[EDGAR :: INFO] Selected RevenueFromContractWithCustomerExcludingAssessedTax with value 13618000 for Revenue
[EDGAR :: INFO] Multiple matches found for Long Term Debt in report date 06/2024:
[EDGAR :: INFO]   Field: LongTermDebt, Value: 506900000, Priority: 0
[EDGAR :: INFO]   Field: DebtLongtermAndShorttermCombinedAmount, Value: 3106629000, Priority: 3
[EDGAR :: INFO] Selected LongTermDebt with value 506900000 for Long Term Debt
[EDGAR :: INFO] Multiple matches found for Deposits in report date 06/2024:
[EDGAR :: INFO]   Field: Deposits, Value: 22996963000, Priority: 0
[EDGAR :: INFO]   Field: DemandDepositAccounts, Value: 2397002000, Priority: 3
[EDGAR :: INFO]   Field: TimeDeposits, Value: 1879399000, Priority: 4
[EDGAR :: INFO] Selected Deposits with value 22996963000 for Deposits
[EDGAR :: DEBUG] Processing report date: 09/2024
[EDGAR :: INFO] Multiple matches found for Revenue in report date 09/2024:
[EDGAR :: INFO]   Field: RevenueFromContractWithCustomerExcludingAssessedTax, Value: 13283000, Priority: 0
[EDGAR :: INFO]   Field: RevenuesNetOfInterestExpense, Value: 697121000, Priority: 2
[EDGAR :: INFO] Selected RevenueFromContractWithCustomerExcludingAssessedTax with value 13283000 for Revenue
[EDGAR :: INFO] Multiple matches found for Long Term Debt in report date 09/2024:
[EDGAR :: INFO]   Field: LongTermDebt, Value: 424300000, Priority: 0
[EDGAR :: INFO]   Field: DebtLongtermAndShorttermCombinedAmount, Value: 3180205000, Priority: 3
[EDGAR :: INFO] Selected LongTermDebt with value 424300000 for Long Term Debt
[EDGAR :: INFO] Multiple matches found for Deposits in report date 09/2024:
[EDGAR :: INFO]   Field: Deposits, Value: 24407786000, Priority: 0
[EDGAR :: INFO]   Field: DemandDepositAccounts, Value: 2402196000, Priority: 3
[EDGAR :: INFO]   Field: TimeDeposits, Value: 1433761000, Priority: 4
[EDGAR :: INFO] Selected Deposits with value 24407786000 for Deposits
[EDGAR :: DEBUG] Processing report date: 12/2024
[EDGAR :: INFO] Multiple matches found for Revenue in report date 12/2024:
[EDGAR :: INFO]   Field: RevenueFromContractWithCustomerExcludingAssessedTax, Value: 52129000, Priority: 0
[EDGAR :: INFO]   Field: RevenuesNetOfInterestExpense, Value: 2674859000, Priority: 2
[EDGAR :: INFO] Selected RevenueFromContractWithCustomerExcludingAssessedTax with value 52129000 for Revenue
[EDGAR :: INFO] Multiple matches found for Long Term Debt in report date 12/2024:
[EDGAR :: INFO]   Field: LongTermDebt, Value: 424700000, Priority: 0
[EDGAR :: INFO]   Field: DebtLongtermAndShorttermCombinedAmount, Value: 3092692000, Priority: 3
[EDGAR :: INFO] Selected LongTermDebt with value 424700000 for Long Term Debt
[EDGAR :: INFO] Multiple matches found for Deposits in report date 12/2024:
[EDGAR :: INFO]   Field: Deposits, Value: 25978204000, Priority: 0
[EDGAR :: INFO]   Field: DemandDepositAccounts, Value: 2205377000, Priority: 3
[EDGAR :: INFO]   Field: TimeDeposits, Value: 817165000, Priority: 4
[EDGAR :: INFO] Selected Deposits with value 25978204000 for Deposits
[EDGAR :: INFO] Multiple matches found for Sales & Marketing Expense in report date 12/2024:
[EDGAR :: INFO]   Field: SellingAndMarketingExpense, Value: 796293000, Priority: 0
[EDGAR :: INFO]   Field: AdvertisingExpense, Value: 321951000, Priority: 3
[EDGAR :: INFO] Selected SellingAndMarketingExpense with value 796293000 for Sales & Marketing Expense
[EDGAR :: INFO] Creating EdgarInstance for sofi with start date 2015-03-16
[EDGAR :: INFO] Found CIK: 0001818874
[EDGAR :: INFO] Fetching filings from: https://data.sec.gov/submissions/CIK0001818874.json
[EDGAR :: INFO] Fetched 18 10-K and 10-Q filings
[EDGAR :: INFO] Processing 10-Q filing for 09/2020
[EDGAR :: DEBUG] Requesting archive page: https://www.sec.gov/Archives/edgar/data/0001818874/000110465920128076
[EDGAR :: INFO] Processing 10-K filing for 12/2020
[EDGAR :: DEBUG] Requesting archive page: https://www.sec.gov/Archives/edgar/data/0001818874/000110465921037483
[EDGAR :: INFO] Processing 10-Q filing for 03/2021
[EDGAR :: DEBUG] Requesting archive page: https://www.sec.gov/Archives/edgar/data/0001818874/000110465921070841
[EDGAR :: INFO] Processing 10-Q filing for 06/2021
[EDGAR :: DEBUG] Requesting archive page: https://www.sec.gov/Archives/edgar/data/0001818874/000181887421000037
[EDGAR :: INFO] Processing 10-Q filing for 09/2021
[EDGAR :: DEBUG] Requesting archive page: https://www.sec.gov/Archives/edgar/data/0001818874/000181887421000081
[EDGAR :: INFO] Processing 10-K filing for 12/2021
[EDGAR :: DEBUG] Requesting archive page: https://www.sec.gov/Archives/edgar/data/0001818874/000181887422000031
[EDGAR :: INFO] Processing 10-Q filing for 03/2022
[EDGAR :: DEBUG] Requesting archive page: https://www.sec.gov/Archives/edgar/data/0001818874/000181887422000071
[EDGAR :: INFO] Processing 10-Q filing for 06/2022
[EDGAR :: DEBUG] Requesting archive page: https://www.sec.gov/Archives/edgar/data/0001818874/000181887422000185
[EDGAR :: INFO] Processing 10-Q filing for 09/2022
[EDGAR :: DEBUG] Requesting archive page: https://www.sec.gov/Archives/edgar/data/0001818874/000181887422000241
[EDGAR :: INFO] Processing 10-K filing for 12/2022
[EDGAR :: DEBUG] Requesting archive page: https://www.sec.gov/Archives/edgar/data/0001818874/000181887423000018
[EDGAR :: INFO] Processing 10-Q filing for 03/2023
[EDGAR :: DEBUG] Requesting archive page: https://www.sec.gov/Archives/edgar/data/0001818874/000181887423000095
[EDGAR :: INFO] Processing 10-Q filing for 06/2023
[EDGAR :: DEBUG] Requesting archive page: https://www.sec.gov/Archives/edgar/data/0001818874/000181887423000144
[EDGAR :: INFO] Processing 10-Q filing for 09/2023
[EDGAR :: DEBUG] Requesting archive page: https://www.sec.gov/Archives/edgar/data/0001818874/000181887423000173
[EDGAR :: INFO] Processing 10-K filing for 12/2023
[EDGAR :: DEBUG] Requesting archive page: https://www.sec.gov/Archives/edgar/data/0001818874/000181887424000026
[EDGAR :: INFO] Processing 10-Q filing for 03/2024
[EDGAR :: DEBUG] Requesting archive page: https://www.sec.gov/Archives/edgar/data/0001818874/000181887424000121
[EDGAR :: INFO] Processing 10-Q filing for 06/2024
[EDGAR :: DEBUG] Requesting archive page: https://www.sec.gov/Archives/edgar/data/0001818874/000181887424000175
[EDGAR :: INFO] Processing 10-Q filing for 09/2024
[EDGAR :: DEBUG] Requesting archive page: https://www.sec.gov/Archives/edgar/data/0001818874/000181887424000233
[EDGAR :: INFO] Processing 10-K filing for 12/2024
[EDGAR :: DEBUG] Requesting archive page: https://www.sec.gov/Archives/edgar/data/0001818874/000181887425000016
[EDGAR :: INFO] Creating EdgarInstance for sofi with start date 2015-03-16
[EDGAR :: INFO] Found CIK: 0001818874
[EDGAR :: INFO] Fetching filings from: https://data.sec.gov/submissions/CIK0001818874.json
[EDGAR :: INFO] Fetched 18 10-K and 10-Q filings
[EDGAR :: INFO] Processing 10-Q filing for 09/2020
[EDGAR :: DEBUG] Requesting archive page: https://www.sec.gov/Archives/edgar/data/0001818874/000110465920128076
[EDGAR :: INFO] Processing 10-K filing for 12/2020
[EDGAR :: DEBUG] Requesting archive page: https://www.sec.gov/Archives/edgar/data/0001818874/000110465921037483
[EDGAR :: INFO] Processing 10-Q filing for 03/2021
[EDGAR :: DEBUG] Requesting archive page: https://www.sec.gov/Archives/edgar/data/0001818874/000110465921070841
[EDGAR :: INFO] Processing 10-Q filing for 06/2021
[EDGAR :: DEBUG] Requesting archive page: https://www.sec.gov/Archives/edgar/data/0001818874/000181887421000037
[EDGAR :: INFO] Processing 10-Q filing for 09/2021
[EDGAR :: DEBUG] Requesting archive page: https://www.sec.gov/Archives/edgar/data/0001818874/000181887421000081
[EDGAR :: INFO] Processing 10-K filing for 12/2021
[EDGAR :: DEBUG] Requesting archive page: https://www.sec.gov/Archives/edgar/data/0001818874/000181887422000031
[EDGAR :: INFO] Processing 10-Q filing for 03/2022
[EDGAR :: DEBUG] Requesting archive page: https://www.sec.gov/Archives/edgar/data/0001818874/000181887422000071
[EDGAR :: INFO] Processing 10-Q filing for 06/2022
[EDGAR :: DEBUG] Requesting archive page: https://www.sec.gov/Archives/edgar/data/0001818874/000181887422000185
[EDGAR :: INFO] Processing 10-Q filing for 09/2022
[EDGAR :: DEBUG] Requesting archive page: https://www.sec.gov/Archives/edgar/data/0001818874/000181887422000241
[EDGAR :: INFO] Processing 10-K filing for 12/2022
[EDGAR :: DEBUG] Requesting archive page: https://www.sec.gov/Archives/edgar/data/0001818874/000181887423000018
[EDGAR :: INFO] Processing 10-Q filing for 03/2023
[EDGAR :: DEBUG] Requesting archive page: https://www.sec.gov/Archives/edgar/data/0001818874/000181887423000095
[EDGAR :: INFO] Processing 10-Q filing for 06/2023
[EDGAR :: DEBUG] Requesting archive page: https://www.sec.gov/Archives/edgar/data/0001818874/000181887423000144
[EDGAR :: INFO] Processing 10-Q filing for 09/2023
[EDGAR :: DEBUG] Requesting archive page: https://www.sec.gov/Archives/edgar/data/0001818874/000181887423000173
[EDGAR :: INFO] Processing 10-K filing for 12/2023
[EDGAR :: DEBUG] Requesting archive page: https://www.sec.gov/Archives/edgar/data/0001818874/000181887424000026
[EDGAR :: INFO] Processing 10-Q filing for 03/2024
[EDGAR :: DEBUG] Requesting archive page: https://www.sec.gov/Archives/edgar/data/0001818874/000181887424000121
[EDGAR :: INFO] Processing 10-Q filing for 06/2024
[EDGAR :: DEBUG] Requesting archive page: https://www.sec.gov/Archives/edgar/data/0001818874/000181887424000175
[EDGAR :: INFO] Processing 10-Q filing for 09/2024
[EDGAR :: DEBUG] Requesting archive page: https://www.sec.gov/Archives/edgar/data/0001818874/000181887424000233
[EDGAR :: INFO] Processing 10-K filing for 12/2024
[EDGAR :: DEBUG] Requesting archive page: https://www.sec.gov/Archives/edgar/data/0001818874/000181887425000016
[EDGAR :: INFO] Populating schema with 25 financial metrics
[EDGAR :: DEBUG] Processing report date: 09/2020
[EDGAR :: DEBUG] Processing report date: 12/2020
[EDGAR :: DEBUG] Processing report date: 03/2021
[EDGAR :: DEBUG] Processing report date: 06/2021
[EDGAR :: INFO] Multiple matches found for Revenue in report date 06/2021:
[EDGAR :: INFO]   Field: RevenueFromContractWithCustomerExcludingAssessedTax, Value: 3140000, Priority: 1
[EDGAR :: INFO]   Field: RevenuesNetOfInterestExpense, Value: 231274000, Priority: 2
[EDGAR :: INFO] Selected RevenueFromContractWithCustomerExcludingAssessedTax with value 3140000 for Revenue
[EDGAR :: DEBUG] Processing report date: 09/2021
[EDGAR :: INFO] Multiple matches found for Revenue in report date 09/2021:
[EDGAR :: INFO]   Field: RevenueFromContractWithCustomerExcludingAssessedTax, Value: 4378000, Priority: 1
[EDGAR :: INFO]   Field: RevenuesNetOfInterestExpense, Value: 272006000, Priority: 2
[EDGAR :: INFO] Selected RevenueFromContractWithCustomerExcludingAssessedTax with value 4378000 for Revenue
[EDGAR :: DEBUG] Processing report date: 12/2021
[EDGAR :: INFO] Multiple matches found for Revenue in report date 12/2021:
[EDGAR :: INFO]   Field: Revenues, Value: 127490000, Priority: 0
[EDGAR :: INFO]   Field: RevenueFromContractWithCustomerExcludingAssessedTax, Value: 0, Priority: 1
[EDGAR :: INFO]   Field: RevenuesNetOfInterestExpense, Value: 984872000, Priority: 2
[EDGAR :: INFO] Selected Revenues with value 127490000 for Revenue
[EDGAR :: INFO] Multiple matches found for Interest Expense in report date 12/2021:
[EDGAR :: INFO]   Field: InterestExpense, Value: 102776000, Priority: 0
[EDGAR :: INFO]   Field: InterestExpenseDebt, Value: 1200000, Priority: 1
[EDGAR :: INFO] Selected InterestExpense with value 102776000 for Interest Expense
[EDGAR :: DEBUG] Processing report date: 03/2022
[EDGAR :: INFO] Multiple matches found for Revenue in report date 03/2022:
[EDGAR :: INFO]   Field: RevenueFromContractWithCustomerExcludingAssessedTax, Value: 7768000, Priority: 1
[EDGAR :: INFO]   Field: RevenuesNetOfInterestExpense, Value: 330344000, Priority: 2
[EDGAR :: INFO] Selected RevenueFromContractWithCustomerExcludingAssessedTax with value 7768000 for Revenue
[EDGAR :: DEBUG] Processing report date: 06/2022
[EDGAR :: INFO] Multiple matches found for Revenue in report date 06/2022:
[EDGAR :: INFO]   Field: RevenueFromContractWithCustomerExcludingAssessedTax, Value: 8805000, Priority: 1
[EDGAR :: INFO]   Field: RevenuesNetOfInterestExpense, Value: 362527000, Priority: 2
[EDGAR :: INFO] Selected RevenueFromContractWithCustomerExcludingAssessedTax with value 8805000 for Revenue
[EDGAR :: DEBUG] Processing report date: 09/2022
[EDGAR :: INFO] Multiple matches found for Revenue in report date 09/2022:
[EDGAR :: INFO]   Field: RevenueFromContractWithCustomerExcludingAssessedTax, Value: 10210000, Priority: 1
[EDGAR :: INFO]   Field: RevenuesNetOfInterestExpense, Value: 423985000, Priority: 2
[EDGAR :: INFO] Selected RevenueFromContractWithCustomerExcludingAssessedTax with value 10210000 for Revenue
[EDGAR :: DEBUG] Processing report date: 12/2022
[EDGAR :: INFO] Multiple matches found for Revenue in report date 12/2022:
[EDGAR :: INFO]   Field: RevenueFromContractWithCustomerExcludingAssessedTax, Value: 0, Priority: 1
[EDGAR :: INFO]   Field: RevenuesNetOfInterestExpense, Value: 1573535000, Priority: 2
[EDGAR :: INFO] Selected RevenueFromContractWithCustomerExcludingAssessedTax with value 0 for Revenue
[EDGAR :: INFO] Multiple matches found for Interest Expense in report date 12/2022:
[EDGAR :: INFO]   Field: InterestExpense, Value: 189275000, Priority: 0
[EDGAR :: INFO]   Field: InterestExpenseDebt, Value: 5100000, Priority: 1
[EDGAR :: INFO] Selected InterestExpense with value 189275000 for Interest Expense
[EDGAR :: DEBUG] Processing report date: 03/2023
[EDGAR :: INFO] Multiple matches found for Revenue in report date 03/2023:
[EDGAR :: INFO]   Field: RevenueFromContractWithCustomerExcludingAssessedTax, Value: 0, Priority: 1
[EDGAR :: INFO]   Field: RevenuesNetOfInterestExpense, Value: 472158000, Priority: 2
[EDGAR :: INFO] Selected RevenueFromContractWithCustomerExcludingAssessedTax with value 0 for Revenue
[EDGAR :: INFO] Multiple matches found for Interest Expense in report date 03/2023:
[EDGAR :: INFO]   Field: InterestExpense, Value: 135554000, Priority: 0
[EDGAR :: INFO]   Field: InterestExpenseDebt, Value: 1272000, Priority: 1
[EDGAR :: INFO] Selected InterestExpense with value 135554000 for Interest Expense
[EDGAR :: DEBUG] Processing report date: 06/2023
[EDGAR :: INFO] Multiple matches found for Revenue in report date 06/2023:
[EDGAR :: INFO]   Field: RevenueFromContractWithCustomerExcludingAssessedTax, Value: 0, Priority: 1
[EDGAR :: INFO]   Field: RevenuesNetOfInterestExpense, Value: 498018000, Priority: 2
[EDGAR :: INFO] Selected RevenueFromContractWithCustomerExcludingAssessedTax with value 0 for Revenue
[EDGAR :: INFO] Multiple matches found for Interest Expense in report date 06/2023:
[EDGAR :: INFO]   Field: InterestExpense, Value: 178870000, Priority: 0
[EDGAR :: INFO]   Field: InterestExpenseDebt, Value: 1273000, Priority: 1
[EDGAR :: INFO] Selected InterestExpense with value 178870000 for Interest Expense
[EDGAR :: DEBUG] Processing report date: 09/2023
[EDGAR :: INFO] Multiple matches found for Revenue in report date 09/2023:
[EDGAR :: INFO]   Field: RevenueFromContractWithCustomerExcludingAssessedTax, Value: 0, Priority: 1
[EDGAR :: INFO]   Field: RevenuesNetOfInterestExpense, Value: 537209000, Priority: 2
[EDGAR :: INFO] Selected RevenueFromContractWithCustomerExcludingAssessedTax with value 0 for Revenue
[EDGAR :: INFO] Multiple matches found for Interest Expense in report date 09/2023:
[EDGAR :: INFO]   Field: InterestExpense, Value: 219307000, Priority: 0
[EDGAR :: INFO]   Field: InterestExpenseDebt, Value: 1274000, Priority: 1
[EDGAR :: INFO] Selected InterestExpense with value 219307000 for Interest Expense
[EDGAR :: DEBUG] Processing report date: 12/2023
[EDGAR :: INFO] Multiple matches found for Revenue in report date 12/2023:
[EDGAR :: INFO]   Field: RevenueFromContractWithCustomerExcludingAssessedTax, Value: 0, Priority: 1
[EDGAR :: INFO]   Field: RevenuesNetOfInterestExpense, Value: 2122789000, Priority: 2
[EDGAR :: INFO] Selected RevenueFromContractWithCustomerExcludingAssessedTax with value 0 for Revenue
[EDGAR :: INFO] Multiple matches found for Interest Expense in report date 12/2023:
[EDGAR :: INFO]   Field: InterestExpense, Value: 789327000, Priority: 0
[EDGAR :: INFO]   Field: InterestExpenseDebt, Value: 5100000, Priority: 1
[EDGAR :: INFO] Selected InterestExpense with value 789327000 for Interest Expense
[EDGAR :: DEBUG] Processing report date: 03/2024
[EDGAR :: INFO] Multiple matches found for Revenue in report date 03/2024:
[EDGAR :: INFO]   Field: RevenueFromContractWithCustomerExcludingAssessedTax, Value: 0, Priority: 1
[EDGAR :: INFO]   Field: RevenuesNetOfInterestExpense, Value: 644995000, Priority: 2
[EDGAR :: INFO] Selected RevenueFromContractWithCustomerExcludingAssessedTax with value 0 for Revenue
[EDGAR :: INFO] Multiple matches found for Interest Expense in report date 03/2024:
[EDGAR :: INFO]   Field: InterestExpense, Value: 263193000, Priority: 0
[EDGAR :: INFO]   Field: InterestExpenseDebt, Value: 1200000, Priority: 1
[EDGAR :: INFO] Selected InterestExpense with value 263193000 for Interest Expense
[EDGAR :: DEBUG] Processing report date: 06/2024
[EDGAR :: INFO] Multiple matches found for Revenue in report date 06/2024:
[EDGAR :: INFO]   Field: RevenueFromContractWithCustomerExcludingAssessedTax, Value: 13618000, Priority: 1
[EDGAR :: INFO]   Field: RevenuesNetOfInterestExpense, Value: 598618000, Priority: 2
[EDGAR :: INFO] Selected RevenueFromContractWithCustomerExcludingAssessedTax with value 13618000 for Revenue
[EDGAR :: DEBUG] Processing report date: 09/2024
[EDGAR :: INFO] Multiple matches found for Revenue in report date 09/2024:
[EDGAR :: INFO]   Field: RevenueFromContractWithCustomerExcludingAssessedTax, Value: 13283000, Priority: 1
[EDGAR :: INFO]   Field: RevenuesNetOfInterestExpense, Value: 697121000, Priority: 2
[EDGAR :: INFO] Selected RevenueFromContractWithCustomerExcludingAssessedTax with value 13283000 for Revenue
[EDGAR :: DEBUG] Processing report date: 12/2024
[EDGAR :: INFO] Multiple matches found for Revenue in report date 12/2024:
[EDGAR :: INFO]   Field: RevenueFromContractWithCustomerExcludingAssessedTax, Value: 52129000, Priority: 1
[EDGAR :: INFO]   Field: RevenuesNetOfInterestExpense, Value: 2674859000, Priority: 2
[EDGAR :: INFO] Selected RevenueFromContractWithCustomerExcludingAssessedTax with value 52129000 for Revenue
[EDGAR :: INFO] Multiple matches found for Interest Expense in report date 12/2024:
[EDGAR :: INFO]   Field: InterestExpenseDebt, Value: 2700000, Priority: 1
[EDGAR :: INFO]   Field: InterestExpenseDebtExcludingAmortization, Value: 8700000, Priority: 2
[EDGAR :: INFO] Selected InterestExpenseDebt with value 2700000 for Interest Expense
[EDGAR :: INFO] Populating schema with 25 financial metrics
[EDGAR :: DEBUG] Processing report date: 09/2020
[EDGAR :: DEBUG] Processing report date: 12/2020
[EDGAR :: DEBUG] Processing report date: 03/2021
[EDGAR :: DEBUG] Processing report date: 06/2021
[EDGAR :: INFO] Multiple matches found for Revenue in report date 06/2021:
[EDGAR :: INFO]   Field: RevenueFromContractWithCustomerExcludingAssessedTax, Value: 3140000, Priority: 1
[EDGAR :: INFO]   Field: RevenuesNetOfInterestExpense, Value: 231274000, Priority: 2
[EDGAR :: INFO] Selected RevenueFromContractWithCustomerExcludingAssessedTax with value 3140000 for Revenue
[EDGAR :: DEBUG] Processing report date: 09/2021
[EDGAR :: INFO] Multiple matches found for Revenue in report date 09/2021:
[EDGAR :: INFO]   Field: RevenueFromContractWithCustomerExcludingAssessedTax, Value: 4378000, Priority: 1
[EDGAR :: INFO]   Field: RevenuesNetOfInterestExpense, Value: 272006000, Priority: 2
[EDGAR :: INFO] Selected RevenueFromContractWithCustomerExcludingAssessedTax with value 4378000 for Revenue
[EDGAR :: DEBUG] Processing report date: 12/2021
[EDGAR :: INFO] Multiple matches found for Revenue in report date 12/2021:
[EDGAR :: INFO]   Field: Revenues, Value: 127490000, Priority: 0
[EDGAR :: INFO]   Field: RevenueFromContractWithCustomerExcludingAssessedTax, Value: 0, Priority: 1
[EDGAR :: INFO]   Field: RevenuesNetOfInterestExpense, Value: 984872000, Priority: 2
[EDGAR :: INFO] Selected Revenues with value 127490000 for Revenue
[EDGAR :: INFO] Multiple matches found for Interest Expense in report date 12/2021:
[EDGAR :: INFO]   Field: InterestExpense, Value: 102776000, Priority: 0
[EDGAR :: INFO]   Field: InterestExpenseDebt, Value: 1200000, Priority: 1
[EDGAR :: INFO] Selected InterestExpense with value 102776000 for Interest Expense
[EDGAR :: DEBUG] Processing report date: 03/2022
[EDGAR :: INFO] Multiple matches found for Revenue in report date 03/2022:
[EDGAR :: INFO]   Field: RevenueFromContractWithCustomerExcludingAssessedTax, Value: 7768000, Priority: 1
[EDGAR :: INFO]   Field: RevenuesNetOfInterestExpense, Value: 330344000, Priority: 2
[EDGAR :: INFO] Selected RevenueFromContractWithCustomerExcludingAssessedTax with value 7768000 for Revenue
[EDGAR :: DEBUG] Processing report date: 06/2022
[EDGAR :: INFO] Multiple matches found for Revenue in report date 06/2022:
[EDGAR :: INFO]   Field: RevenueFromContractWithCustomerExcludingAssessedTax, Value: 8805000, Priority: 1
[EDGAR :: INFO]   Field: RevenuesNetOfInterestExpense, Value: 362527000, Priority: 2
[EDGAR :: INFO] Selected RevenueFromContractWithCustomerExcludingAssessedTax with value 8805000 for Revenue
[EDGAR :: DEBUG] Processing report date: 09/2022
[EDGAR :: INFO] Multiple matches found for Revenue in report date 09/2022:
[EDGAR :: INFO]   Field: RevenueFromContractWithCustomerExcludingAssessedTax, Value: 10210000, Priority: 1
[EDGAR :: INFO]   Field: RevenuesNetOfInterestExpense, Value: 423985000, Priority: 2
[EDGAR :: INFO] Selected RevenueFromContractWithCustomerExcludingAssessedTax with value 10210000 for Revenue
[EDGAR :: DEBUG] Processing report date: 12/2022
[EDGAR :: INFO] Multiple matches found for Revenue in report date 12/2022:
[EDGAR :: INFO]   Field: RevenueFromContractWithCustomerExcludingAssessedTax, Value: 0, Priority: 1
[EDGAR :: INFO]   Field: RevenuesNetOfInterestExpense, Value: 1573535000, Priority: 2
[EDGAR :: INFO] Selected RevenueFromContractWithCustomerExcludingAssessedTax with value 0 for Revenue
[EDGAR :: INFO] Multiple matches found for Interest Expense in report date 12/2022:
[EDGAR :: INFO]   Field: InterestExpense, Value: 189275000, Priority: 0
[EDGAR :: INFO]   Field: InterestExpenseDebt, Value: 5100000, Priority: 1
[EDGAR :: INFO] Selected InterestExpense with value 189275000 for Interest Expense
[EDGAR :: DEBUG] Processing report date: 03/2023
[EDGAR :: INFO] Multiple matches found for Revenue in report date 03/2023:
[EDGAR :: INFO]   Field: RevenueFromContractWithCustomerExcludingAssessedTax, Value: 0, Priority: 1
[EDGAR :: INFO]   Field: RevenuesNetOfInterestExpense, Value: 472158000, Priority: 2
[EDGAR :: INFO] Selected RevenueFromContractWithCustomerExcludingAssessedTax with value 0 for Revenue
[EDGAR :: INFO] Multiple matches found for Interest Expense in report date 03/2023:
[EDGAR :: INFO]   Field: InterestExpense, Value: 135554000, Priority: 0
[EDGAR :: INFO]   Field: InterestExpenseDebt, Value: 1272000, Priority: 1
[EDGAR :: INFO] Selected InterestExpense with value 135554000 for Interest Expense
[EDGAR :: DEBUG] Processing report date: 06/2023
[EDGAR :: INFO] Multiple matches found for Revenue in report date 06/2023:
[EDGAR :: INFO]   Field: RevenueFromContractWithCustomerExcludingAssessedTax, Value: 0, Priority: 1
[EDGAR :: INFO]   Field: RevenuesNetOfInterestExpense, Value: 498018000, Priority: 2
[EDGAR :: INFO] Selected RevenueFromContractWithCustomerExcludingAssessedTax with value 0 for Revenue
[EDGAR :: INFO] Multiple matches found for Interest Expense in report date 06/2023:
[EDGAR :: INFO]   Field: InterestExpense, Value: 178870000, Priority: 0
[EDGAR :: INFO]   Field: InterestExpenseDebt, Value: 1273000, Priority: 1
[EDGAR :: INFO] Selected InterestExpense with value 178870000 for Interest Expense
[EDGAR :: DEBUG] Processing report date: 09/2023
[EDGAR :: INFO] Multiple matches found for Revenue in report date 09/2023:
[EDGAR :: INFO]   Field: RevenueFromContractWithCustomerExcludingAssessedTax, Value: 0, Priority: 1
[EDGAR :: INFO]   Field: RevenuesNetOfInterestExpense, Value: 537209000, Priority: 2
[EDGAR :: INFO] Selected RevenueFromContractWithCustomerExcludingAssessedTax with value 0 for Revenue
[EDGAR :: INFO] Multiple matches found for Interest Expense in report date 09/2023:
[EDGAR :: INFO]   Field: InterestExpense, Value: 219307000, Priority: 0
[EDGAR :: INFO]   Field: InterestExpenseDebt, Value: 1274000, Priority: 1
[EDGAR :: INFO] Selected InterestExpense with value 219307000 for Interest Expense
[EDGAR :: DEBUG] Processing report date: 12/2023
[EDGAR :: INFO] Multiple matches found for Revenue in report date 12/2023:
[EDGAR :: INFO]   Field: RevenueFromContractWithCustomerExcludingAssessedTax, Value: 0, Priority: 1
[EDGAR :: INFO]   Field: RevenuesNetOfInterestExpense, Value: 2122789000, Priority: 2
[EDGAR :: INFO] Selected RevenueFromContractWithCustomerExcludingAssessedTax with value 0 for Revenue
[EDGAR :: INFO] Multiple matches found for Interest Expense in report date 12/2023:
[EDGAR :: INFO]   Field: InterestExpense, Value: 789327000, Priority: 0
[EDGAR :: INFO]   Field: InterestExpenseDebt, Value: 5100000, Priority: 1
[EDGAR :: INFO] Selected InterestExpense with value 789327000 for Interest Expense
[EDGAR :: DEBUG] Processing report date: 03/2024
[EDGAR :: INFO] Multiple matches found for Revenue in report date 03/2024:
[EDGAR :: INFO]   Field: RevenueFromContractWithCustomerExcludingAssessedTax, Value: 0, Priority: 1
[EDGAR :: INFO]   Field: RevenuesNetOfInterestExpense, Value: 644995000, Priority: 2
[EDGAR :: INFO] Selected RevenueFromContractWithCustomerExcludingAssessedTax with value 0 for Revenue
[EDGAR :: INFO] Multiple matches found for Interest Expense in report date 03/2024:
[EDGAR :: INFO]   Field: InterestExpense, Value: 263193000, Priority: 0
[EDGAR :: INFO]   Field: InterestExpenseDebt, Value: 1200000, Priority: 1
[EDGAR :: INFO] Selected InterestExpense with value 263193000 for Interest Expense
[EDGAR :: DEBUG] Processing report date: 06/2024
[EDGAR :: INFO] Multiple matches found for Revenue in report date 06/2024:
[EDGAR :: INFO]   Field: RevenueFromContractWithCustomerExcludingAssessedTax, Value: 13618000, Priority: 1
[EDGAR :: INFO]   Field: RevenuesNetOfInterestExpense, Value: 598618000, Priority: 2
[EDGAR :: INFO] Selected RevenueFromContractWithCustomerExcludingAssessedTax with value 13618000 for Revenue
[EDGAR :: DEBUG] Processing report date: 09/2024
[EDGAR :: INFO] Multiple matches found for Revenue in report date 09/2024:
[EDGAR :: INFO]   Field: RevenueFromContractWithCustomerExcludingAssessedTax, Value: 13283000, Priority: 1
[EDGAR :: INFO]   Field: RevenuesNetOfInterestExpense, Value: 697121000, Priority: 2
[EDGAR :: INFO] Selected RevenueFromContractWithCustomerExcludingAssessedTax with value 13283000 for Revenue
[EDGAR :: DEBUG] Processing report date: 12/2024
[EDGAR :: INFO] Multiple matches found for Revenue in report date 12/2024:
[EDGAR :: INFO]   Field: RevenueFromContractWithCustomerExcludingAssessedTax, Value: 52129000, Priority: 1
[EDGAR :: INFO]   Field: RevenuesNetOfInterestExpense, Value: 2674859000, Priority: 2
[EDGAR :: INFO] Selected RevenueFromContractWithCustomerExcludingAssessedTax with value 52129000 for Revenue
[EDGAR :: INFO] Multiple matches found for Interest Expense in report date 12/2024:
[EDGAR :: INFO]   Field: InterestExpenseDebt, Value: 2700000, Priority: 1
[EDGAR :: INFO]   Field: InterestExpenseDebtExcludingAmortization, Value: 8700000, Priority: 2
[EDGAR :: INFO] Selected InterestExpenseDebt with value 2700000 for Interest Expense
[EDGAR :: INFO] Populating schema with 25 financial metrics
[EDGAR :: DEBUG] Processing report date: 09/2020
[EDGAR :: DEBUG] Processing report date: 12/2020
[EDGAR :: DEBUG] Processing report date: 03/2021
[EDGAR :: DEBUG] Processing report date: 06/2021
[EDGAR :: INFO] Multiple matches found for Revenue in report date 06/2021:
[EDGAR :: INFO]   Field: RevenueFromContractWithCustomerExcludingAssessedTax, Value: 3140000, Priority: 1
[EDGAR :: INFO]   Field: RevenuesNetOfInterestExpense, Value: 231274000, Priority: 2
[EDGAR :: INFO] Selected RevenueFromContractWithCustomerExcludingAssessedTax with value 3140000 for Revenue
[EDGAR :: DEBUG] Processing report date: 09/2021
[EDGAR :: INFO] Multiple matches found for Revenue in report date 09/2021:
[EDGAR :: INFO]   Field: RevenueFromContractWithCustomerExcludingAssessedTax, Value: 4378000, Priority: 1
[EDGAR :: INFO]   Field: RevenuesNetOfInterestExpense, Value: 272006000, Priority: 2
[EDGAR :: INFO] Selected RevenueFromContractWithCustomerExcludingAssessedTax with value 4378000 for Revenue
[EDGAR :: DEBUG] Processing report date: 12/2021
[EDGAR :: INFO] Multiple matches found for Revenue in report date 12/2021:
[EDGAR :: INFO]   Field: Revenues, Value: 127490000, Priority: 0
[EDGAR :: INFO]   Field: RevenueFromContractWithCustomerExcludingAssessedTax, Value: 0, Priority: 1
[EDGAR :: INFO]   Field: RevenuesNetOfInterestExpense, Value: 984872000, Priority: 2
[EDGAR :: INFO] Selected Revenues with value 127490000 for Revenue
[EDGAR :: INFO] Multiple matches found for Interest Expense in report date 12/2021:
[EDGAR :: INFO]   Field: InterestExpense, Value: 102776000, Priority: 0
[EDGAR :: INFO]   Field: InterestExpenseDebt, Value: 1200000, Priority: 1
[EDGAR :: INFO] Selected InterestExpense with value 102776000 for Interest Expense
[EDGAR :: DEBUG] Processing report date: 03/2022
[EDGAR :: INFO] Multiple matches found for Revenue in report date 03/2022:
[EDGAR :: INFO]   Field: RevenueFromContractWithCustomerExcludingAssessedTax, Value: 7768000, Priority: 1
[EDGAR :: INFO]   Field: RevenuesNetOfInterestExpense, Value: 330344000, Priority: 2
[EDGAR :: INFO] Selected RevenueFromContractWithCustomerExcludingAssessedTax with value 7768000 for Revenue
[EDGAR :: DEBUG] Processing report date: 06/2022
[EDGAR :: INFO] Multiple matches found for Revenue in report date 06/2022:
[EDGAR :: INFO]   Field: RevenueFromContractWithCustomerExcludingAssessedTax, Value: 8805000, Priority: 1
[EDGAR :: INFO]   Field: RevenuesNetOfInterestExpense, Value: 362527000, Priority: 2
[EDGAR :: INFO] Selected RevenueFromContractWithCustomerExcludingAssessedTax with value 8805000 for Revenue
[EDGAR :: DEBUG] Processing report date: 09/2022
[EDGAR :: INFO] Multiple matches found for Revenue in report date 09/2022:
[EDGAR :: INFO]   Field: RevenueFromContractWithCustomerExcludingAssessedTax, Value: 10210000, Priority: 1
[EDGAR :: INFO]   Field: RevenuesNetOfInterestExpense, Value: 423985000, Priority: 2
[EDGAR :: INFO] Selected RevenueFromContractWithCustomerExcludingAssessedTax with value 10210000 for Revenue
[EDGAR :: DEBUG] Processing report date: 12/2022
[EDGAR :: INFO] Multiple matches found for Revenue in report date 12/2022:
[EDGAR :: INFO]   Field: RevenueFromContractWithCustomerExcludingAssessedTax, Value: 0, Priority: 1
[EDGAR :: INFO]   Field: RevenuesNetOfInterestExpense, Value: 1573535000, Priority: 2
[EDGAR :: INFO] Selected RevenueFromContractWithCustomerExcludingAssessedTax with value 0 for Revenue
[EDGAR :: INFO] Multiple matches found for Interest Expense in report date 12/2022:
[EDGAR :: INFO]   Field: InterestExpense, Value: 189275000, Priority: 0
[EDGAR :: INFO]   Field: InterestExpenseDebt, Value: 5100000, Priority: 1
[EDGAR :: INFO] Selected InterestExpense with value 189275000 for Interest Expense
[EDGAR :: DEBUG] Processing report date: 03/2023
[EDGAR :: INFO] Multiple matches found for Revenue in report date 03/2023:
[EDGAR :: INFO]   Field: RevenueFromContractWithCustomerExcludingAssessedTax, Value: 0, Priority: 1
[EDGAR :: INFO]   Field: RevenuesNetOfInterestExpense, Value: 472158000, Priority: 2
[EDGAR :: INFO] Selected RevenueFromContractWithCustomerExcludingAssessedTax with value 0 for Revenue
[EDGAR :: INFO] Multiple matches found for Interest Expense in report date 03/2023:
[EDGAR :: INFO]   Field: InterestExpense, Value: 135554000, Priority: 0
[EDGAR :: INFO]   Field: InterestExpenseDebt, Value: 1272000, Priority: 1
[EDGAR :: INFO] Selected InterestExpense with value 135554000 for Interest Expense
[EDGAR :: DEBUG] Processing report date: 06/2023
[EDGAR :: INFO] Multiple matches found for Revenue in report date 06/2023:
[EDGAR :: INFO]   Field: RevenueFromContractWithCustomerExcludingAssessedTax, Value: 0, Priority: 1
[EDGAR :: INFO]   Field: RevenuesNetOfInterestExpense, Value: 498018000, Priority: 2
[EDGAR :: INFO] Selected RevenueFromContractWithCustomerExcludingAssessedTax with value 0 for Revenue
[EDGAR :: INFO] Multiple matches found for Interest Expense in report date 06/2023:
[EDGAR :: INFO]   Field: InterestExpense, Value: 178870000, Priority: 0
[EDGAR :: INFO]   Field: InterestExpenseDebt, Value: 1273000, Priority: 1
[EDGAR :: INFO] Selected InterestExpense with value 178870000 for Interest Expense
[EDGAR :: DEBUG] Processing report date: 09/2023
[EDGAR :: INFO] Multiple matches found for Revenue in report date 09/2023:
[EDGAR :: INFO]   Field: RevenueFromContractWithCustomerExcludingAssessedTax, Value: 0, Priority: 1
[EDGAR :: INFO]   Field: RevenuesNetOfInterestExpense, Value: 537209000, Priority: 2
[EDGAR :: INFO] Selected RevenueFromContractWithCustomerExcludingAssessedTax with value 0 for Revenue
[EDGAR :: INFO] Multiple matches found for Interest Expense in report date 09/2023:
[EDGAR :: INFO]   Field: InterestExpense, Value: 219307000, Priority: 0
[EDGAR :: INFO]   Field: InterestExpenseDebt, Value: 1274000, Priority: 1
[EDGAR :: INFO] Selected InterestExpense with value 219307000 for Interest Expense
[EDGAR :: DEBUG] Processing report date: 12/2023
[EDGAR :: INFO] Multiple matches found for Revenue in report date 12/2023:
[EDGAR :: INFO]   Field: RevenueFromContractWithCustomerExcludingAssessedTax, Value: 0, Priority: 1
[EDGAR :: INFO]   Field: RevenuesNetOfInterestExpense, Value: 2122789000, Priority: 2
[EDGAR :: INFO] Selected RevenueFromContractWithCustomerExcludingAssessedTax with value 0 for Revenue
[EDGAR :: INFO] Multiple matches found for Interest Expense in report date 12/2023:
[EDGAR :: INFO]   Field: InterestExpense, Value: 789327000, Priority: 0
[EDGAR :: INFO]   Field: InterestExpenseDebt, Value: 5100000, Priority: 1
[EDGAR :: INFO] Selected InterestExpense with value 789327000 for Interest Expense
[EDGAR :: DEBUG] Processing report date: 03/2024
[EDGAR :: INFO] Multiple matches found for Revenue in report date 03/2024:
[EDGAR :: INFO]   Field: RevenueFromContractWithCustomerExcludingAssessedTax, Value: 0, Priority: 1
[EDGAR :: INFO]   Field: RevenuesNetOfInterestExpense, Value: 644995000, Priority: 2
[EDGAR :: INFO] Selected RevenueFromContractWithCustomerExcludingAssessedTax with value 0 for Revenue
[EDGAR :: INFO] Multiple matches found for Interest Expense in report date 03/2024:
[EDGAR :: INFO]   Field: InterestExpense, Value: 263193000, Priority: 0
[EDGAR :: INFO]   Field: InterestExpenseDebt, Value: 1200000, Priority: 1
[EDGAR :: INFO] Selected InterestExpense with value 263193000 for Interest Expense
[EDGAR :: DEBUG] Processing report date: 06/2024
[EDGAR :: INFO] Multiple matches found for Revenue in report date 06/2024:
[EDGAR :: INFO]   Field: RevenueFromContractWithCustomerExcludingAssessedTax, Value: 13618000, Priority: 1
[EDGAR :: INFO]   Field: RevenuesNetOfInterestExpense, Value: 598618000, Priority: 2
[EDGAR :: INFO] Selected RevenueFromContractWithCustomerExcludingAssessedTax with value 13618000 for Revenue
[EDGAR :: DEBUG] Processing report date: 09/2024
[EDGAR :: INFO] Multiple matches found for Revenue in report date 09/2024:
[EDGAR :: INFO]   Field: RevenueFromContractWithCustomerExcludingAssessedTax, Value: 13283000, Priority: 1
[EDGAR :: INFO]   Field: RevenuesNetOfInterestExpense, Value: 697121000, Priority: 2
[EDGAR :: INFO] Selected RevenueFromContractWithCustomerExcludingAssessedTax with value 13283000 for Revenue
[EDGAR :: DEBUG] Processing report date: 12/2024
[EDGAR :: INFO] Multiple matches found for Revenue in report date 12/2024:
[EDGAR :: INFO]   Field: RevenueFromContractWithCustomerExcludingAssessedTax, Value: 52129000, Priority: 1
[EDGAR :: INFO]   Field: RevenuesNetOfInterestExpense, Value: 2674859000, Priority: 2
[EDGAR :: INFO] Selected RevenueFromContractWithCustomerExcludingAssessedTax with value 52129000 for Revenue
[EDGAR :: INFO] Multiple matches found for Interest Expense in report date 12/2024:
[EDGAR :: INFO]   Field: InterestExpenseDebt, Value: 2700000, Priority: 1
[EDGAR :: INFO]   Field: InterestExpenseDebtExcludingAmortization, Value: 8700000, Priority: 2
[EDGAR :: INFO] Selected InterestExpenseDebt with value 2700000 for Interest Expense
[EDGAR :: INFO] Populating schema with 25 financial metrics
[EDGAR :: DEBUG] Processing report date: 09/2020
[EDGAR :: DEBUG] Processing report date: 12/2020
[EDGAR :: DEBUG] Processing report date: 03/2021
[EDGAR :: DEBUG] Processing report date: 06/2021
[EDGAR :: INFO] Multiple matches found for Revenue in report date 06/2021:
[EDGAR :: INFO]   Field: RevenueFromContractWithCustomerExcludingAssessedTax, Value: 3140000, Priority: 1
[EDGAR :: INFO]   Field: RevenuesNetOfInterestExpense, Value: 231274000, Priority: 2
[EDGAR :: INFO] Selected RevenueFromContractWithCustomerExcludingAssessedTax with value 3140000 for Revenue
[EDGAR :: DEBUG] Processing report date: 09/2021
[EDGAR :: INFO] Multiple matches found for Revenue in report date 09/2021:
[EDGAR :: INFO]   Field: RevenueFromContractWithCustomerExcludingAssessedTax, Value: 4378000, Priority: 1
[EDGAR :: INFO]   Field: RevenuesNetOfInterestExpense, Value: 272006000, Priority: 2
[EDGAR :: INFO] Selected RevenueFromContractWithCustomerExcludingAssessedTax with value 4378000 for Revenue
[EDGAR :: DEBUG] Processing report date: 12/2021
[EDGAR :: INFO] Multiple matches found for Revenue in report date 12/2021:
[EDGAR :: INFO]   Field: Revenues, Value: 127490000, Priority: 0
[EDGAR :: INFO]   Field: RevenueFromContractWithCustomerExcludingAssessedTax, Value: 0, Priority: 1
[EDGAR :: INFO]   Field: RevenuesNetOfInterestExpense, Value: 984872000, Priority: 2
[EDGAR :: INFO] Selected Revenues with value 127490000 for Revenue
[EDGAR :: INFO] Multiple matches found for Interest Expense in report date 12/2021:
[EDGAR :: INFO]   Field: InterestExpense, Value: 102776000, Priority: 0
[EDGAR :: INFO]   Field: InterestExpenseDebt, Value: 1200000, Priority: 1
[EDGAR :: INFO] Selected InterestExpense with value 102776000 for Interest Expense
[EDGAR :: DEBUG] Processing report date: 03/2022
[EDGAR :: INFO] Multiple matches found for Revenue in report date 03/2022:
[EDGAR :: INFO]   Field: RevenueFromContractWithCustomerExcludingAssessedTax, Value: 7768000, Priority: 1
[EDGAR :: INFO]   Field: RevenuesNetOfInterestExpense, Value: 330344000, Priority: 2
[EDGAR :: INFO] Selected RevenueFromContractWithCustomerExcludingAssessedTax with value 7768000 for Revenue
[EDGAR :: DEBUG] Processing report date: 06/2022
[EDGAR :: INFO] Multiple matches found for Revenue in report date 06/2022:
[EDGAR :: INFO]   Field: RevenueFromContractWithCustomerExcludingAssessedTax, Value: 8805000, Priority: 1
[EDGAR :: INFO]   Field: RevenuesNetOfInterestExpense, Value: 362527000, Priority: 2
[EDGAR :: INFO] Selected RevenueFromContractWithCustomerExcludingAssessedTax with value 8805000 for Revenue
[EDGAR :: DEBUG] Processing report date: 09/2022
[EDGAR :: INFO] Multiple matches found for Revenue in report date 09/2022:
[EDGAR :: INFO]   Field: RevenueFromContractWithCustomerExcludingAssessedTax, Value: 10210000, Priority: 1
[EDGAR :: INFO]   Field: RevenuesNetOfInterestExpense, Value: 423985000, Priority: 2
[EDGAR :: INFO] Selected RevenueFromContractWithCustomerExcludingAssessedTax with value 10210000 for Revenue
[EDGAR :: DEBUG] Processing report date: 12/2022
[EDGAR :: INFO] Multiple matches found for Revenue in report date 12/2022:
[EDGAR :: INFO]   Field: RevenueFromContractWithCustomerExcludingAssessedTax, Value: 0, Priority: 1
[EDGAR :: INFO]   Field: RevenuesNetOfInterestExpense, Value: 1573535000, Priority: 2
[EDGAR :: INFO] Selected RevenueFromContractWithCustomerExcludingAssessedTax with value 0 for Revenue
[EDGAR :: INFO] Multiple matches found for Interest Expense in report date 12/2022:
[EDGAR :: INFO]   Field: InterestExpense, Value: 189275000, Priority: 0
[EDGAR :: INFO]   Field: InterestExpenseDebt, Value: 5100000, Priority: 1
[EDGAR :: INFO] Selected InterestExpense with value 189275000 for Interest Expense
[EDGAR :: DEBUG] Processing report date: 03/2023
[EDGAR :: INFO] Multiple matches found for Revenue in report date 03/2023:
[EDGAR :: INFO]   Field: RevenueFromContractWithCustomerExcludingAssessedTax, Value: 0, Priority: 1
[EDGAR :: INFO]   Field: RevenuesNetOfInterestExpense, Value: 472158000, Priority: 2
[EDGAR :: INFO] Selected RevenueFromContractWithCustomerExcludingAssessedTax with value 0 for Revenue
[EDGAR :: INFO] Multiple matches found for Interest Expense in report date 03/2023:
[EDGAR :: INFO]   Field: InterestExpense, Value: 135554000, Priority: 0
[EDGAR :: INFO]   Field: InterestExpenseDebt, Value: 1272000, Priority: 1
[EDGAR :: INFO] Selected InterestExpense with value 135554000 for Interest Expense
[EDGAR :: DEBUG] Processing report date: 06/2023
[EDGAR :: INFO] Multiple matches found for Revenue in report date 06/2023:
[EDGAR :: INFO]   Field: RevenueFromContractWithCustomerExcludingAssessedTax, Value: 0, Priority: 1
[EDGAR :: INFO]   Field: RevenuesNetOfInterestExpense, Value: 498018000, Priority: 2
[EDGAR :: INFO] Selected RevenueFromContractWithCustomerExcludingAssessedTax with value 0 for Revenue
[EDGAR :: INFO] Multiple matches found for Interest Expense in report date 06/2023:
[EDGAR :: INFO]   Field: InterestExpense, Value: 178870000, Priority: 0
[EDGAR :: INFO]   Field: InterestExpenseDebt, Value: 1273000, Priority: 1
[EDGAR :: INFO] Selected InterestExpense with value 178870000 for Interest Expense
[EDGAR :: DEBUG] Processing report date: 09/2023
[EDGAR :: INFO] Multiple matches found for Revenue in report date 09/2023:
[EDGAR :: INFO]   Field: RevenueFromContractWithCustomerExcludingAssessedTax, Value: 0, Priority: 1
[EDGAR :: INFO]   Field: RevenuesNetOfInterestExpense, Value: 537209000, Priority: 2
[EDGAR :: INFO] Selected RevenueFromContractWithCustomerExcludingAssessedTax with value 0 for Revenue
[EDGAR :: INFO] Multiple matches found for Interest Expense in report date 09/2023:
[EDGAR :: INFO]   Field: InterestExpense, Value: 219307000, Priority: 0
[EDGAR :: INFO]   Field: InterestExpenseDebt, Value: 1274000, Priority: 1
[EDGAR :: INFO] Selected InterestExpense with value 219307000 for Interest Expense
[EDGAR :: DEBUG] Processing report date: 12/2023
[EDGAR :: INFO] Multiple matches found for Revenue in report date 12/2023:
[EDGAR :: INFO]   Field: RevenueFromContractWithCustomerExcludingAssessedTax, Value: 0, Priority: 1
[EDGAR :: INFO]   Field: RevenuesNetOfInterestExpense, Value: 2122789000, Priority: 2
[EDGAR :: INFO] Selected RevenueFromContractWithCustomerExcludingAssessedTax with value 0 for Revenue
[EDGAR :: INFO] Multiple matches found for Interest Expense in report date 12/2023:
[EDGAR :: INFO]   Field: InterestExpense, Value: 789327000, Priority: 0
[EDGAR :: INFO]   Field: InterestExpenseDebt, Value: 5100000, Priority: 1
[EDGAR :: INFO] Selected InterestExpense with value 789327000 for Interest Expense
[EDGAR :: DEBUG] Processing report date: 03/2024
[EDGAR :: INFO] Multiple matches found for Revenue in report date 03/2024:
[EDGAR :: INFO]   Field: RevenueFromContractWithCustomerExcludingAssessedTax, Value: 0, Priority: 1
[EDGAR :: INFO]   Field: RevenuesNetOfInterestExpense, Value: 644995000, Priority: 2
[EDGAR :: INFO] Selected RevenueFromContractWithCustomerExcludingAssessedTax with value 0 for Revenue
[EDGAR :: INFO] Multiple matches found for Interest Expense in report date 03/2024:
[EDGAR :: INFO]   Field: InterestExpense, Value: 263193000, Priority: 0
[EDGAR :: INFO]   Field: InterestExpenseDebt, Value: 1200000, Priority: 1
[EDGAR :: INFO] Selected InterestExpense with value 263193000 for Interest Expense
[EDGAR :: DEBUG] Processing report date: 06/2024
[EDGAR :: INFO] Multiple matches found for Revenue in report date 06/2024:
[EDGAR :: INFO]   Field: RevenueFromContractWithCustomerExcludingAssessedTax, Value: 13618000, Priority: 1
[EDGAR :: INFO]   Field: RevenuesNetOfInterestExpense, Value: 598618000, Priority: 2
[EDGAR :: INFO] Selected RevenueFromContractWithCustomerExcludingAssessedTax with value 13618000 for Revenue
[EDGAR :: DEBUG] Processing report date: 09/2024
[EDGAR :: INFO] Multiple matches found for Revenue in report date 09/2024:
[EDGAR :: INFO]   Field: RevenueFromContractWithCustomerExcludingAssessedTax, Value: 13283000, Priority: 1
[EDGAR :: INFO]   Field: RevenuesNetOfInterestExpense, Value: 697121000, Priority: 2
[EDGAR :: INFO] Selected RevenueFromContractWithCustomerExcludingAssessedTax with value 13283000 for Revenue
[EDGAR :: DEBUG] Processing report date: 12/2024
[EDGAR :: INFO] Multiple matches found for Revenue in report date 12/2024:
[EDGAR :: INFO]   Field: RevenueFromContractWithCustomerExcludingAssessedTax, Value: 52129000, Priority: 1
[EDGAR :: INFO]   Field: RevenuesNetOfInterestExpense, Value: 2674859000, Priority: 2
[EDGAR :: INFO] Selected RevenueFromContractWithCustomerExcludingAssessedTax with value 52129000 for Revenue
[EDGAR :: INFO] Multiple matches found for Interest Expense in report date 12/2024:
[EDGAR :: INFO]   Field: InterestExpenseDebt, Value: 2700000, Priority: 1
[EDGAR :: INFO]   Field: InterestExpenseDebtExcludingAmortization, Value: 8700000, Priority: 2
[EDGAR :: INFO] Selected InterestExpenseDebt with value 2700000 for Interest Expense
[EDGAR :: INFO] Populating schema with 25 financial metrics
[EDGAR :: DEBUG] Processing report date: 09/2020
[EDGAR :: DEBUG] Processing report date: 12/2020
[EDGAR :: DEBUG] Processing report date: 03/2021
[EDGAR :: DEBUG] Processing report date: 06/2021
[EDGAR :: INFO] Multiple matches found for Revenue in report date 06/2021:
[EDGAR :: INFO]   Field: RevenueFromContractWithCustomerExcludingAssessedTax, Value: 3140000, Priority: 1
[EDGAR :: INFO]   Field: RevenuesNetOfInterestExpense, Value: 231274000, Priority: 2
[EDGAR :: INFO] Selected RevenueFromContractWithCustomerExcludingAssessedTax with value 3140000 for Revenue
[EDGAR :: DEBUG] Processing report date: 09/2021
[EDGAR :: INFO] Multiple matches found for Revenue in report date 09/2021:
[EDGAR :: INFO]   Field: RevenueFromContractWithCustomerExcludingAssessedTax, Value: 4378000, Priority: 1
[EDGAR :: INFO]   Field: RevenuesNetOfInterestExpense, Value: 272006000, Priority: 2
[EDGAR :: INFO] Selected RevenueFromContractWithCustomerExcludingAssessedTax with value 4378000 for Revenue
[EDGAR :: DEBUG] Processing report date: 12/2021
[EDGAR :: INFO] Multiple matches found for Revenue in report date 12/2021:
[EDGAR :: INFO]   Field: Revenues, Value: 127490000, Priority: 0
[EDGAR :: INFO]   Field: RevenueFromContractWithCustomerExcludingAssessedTax, Value: 0, Priority: 1
[EDGAR :: INFO]   Field: RevenuesNetOfInterestExpense, Value: 984872000, Priority: 2
[EDGAR :: INFO] Selected Revenues with value 127490000 for Revenue
[EDGAR :: INFO] Multiple matches found for Interest Expense in report date 12/2021:
[EDGAR :: INFO]   Field: InterestExpense, Value: 102776000, Priority: 0
[EDGAR :: INFO]   Field: InterestExpenseDebt, Value: 1200000, Priority: 1
[EDGAR :: INFO] Selected InterestExpense with value 102776000 for Interest Expense
[EDGAR :: DEBUG] Processing report date: 03/2022
[EDGAR :: INFO] Multiple matches found for Revenue in report date 03/2022:
[EDGAR :: INFO]   Field: RevenueFromContractWithCustomerExcludingAssessedTax, Value: 7768000, Priority: 1
[EDGAR :: INFO]   Field: RevenuesNetOfInterestExpense, Value: 330344000, Priority: 2
[EDGAR :: INFO] Selected RevenueFromContractWithCustomerExcludingAssessedTax with value 7768000 for Revenue
[EDGAR :: DEBUG] Processing report date: 06/2022
[EDGAR :: INFO] Multiple matches found for Revenue in report date 06/2022:
[EDGAR :: INFO]   Field: RevenueFromContractWithCustomerExcludingAssessedTax, Value: 8805000, Priority: 1
[EDGAR :: INFO]   Field: RevenuesNetOfInterestExpense, Value: 362527000, Priority: 2
[EDGAR :: INFO] Selected RevenueFromContractWithCustomerExcludingAssessedTax with value 8805000 for Revenue
[EDGAR :: DEBUG] Processing report date: 09/2022
[EDGAR :: INFO] Multiple matches found for Revenue in report date 09/2022:
[EDGAR :: INFO]   Field: RevenueFromContractWithCustomerExcludingAssessedTax, Value: 10210000, Priority: 1
[EDGAR :: INFO]   Field: RevenuesNetOfInterestExpense, Value: 423985000, Priority: 2
[EDGAR :: INFO] Selected RevenueFromContractWithCustomerExcludingAssessedTax with value 10210000 for Revenue
[EDGAR :: DEBUG] Processing report date: 12/2022
[EDGAR :: INFO] Multiple matches found for Revenue in report date 12/2022:
[EDGAR :: INFO]   Field: RevenueFromContractWithCustomerExcludingAssessedTax, Value: 0, Priority: 1
[EDGAR :: INFO]   Field: RevenuesNetOfInterestExpense, Value: 1573535000, Priority: 2
[EDGAR :: INFO] Selected RevenueFromContractWithCustomerExcludingAssessedTax with value 0 for Revenue
[EDGAR :: INFO] Multiple matches found for Interest Expense in report date 12/2022:
[EDGAR :: INFO]   Field: InterestExpense, Value: 189275000, Priority: 0
[EDGAR :: INFO]   Field: InterestExpenseDebt, Value: 5100000, Priority: 1
[EDGAR :: INFO] Selected InterestExpense with value 189275000 for Interest Expense
[EDGAR :: DEBUG] Processing report date: 03/2023
[EDGAR :: INFO] Multiple matches found for Revenue in report date 03/2023:
[EDGAR :: INFO]   Field: RevenueFromContractWithCustomerExcludingAssessedTax, Value: 0, Priority: 1
[EDGAR :: INFO]   Field: RevenuesNetOfInterestExpense, Value: 472158000, Priority: 2
[EDGAR :: INFO] Selected RevenueFromContractWithCustomerExcludingAssessedTax with value 0 for Revenue
[EDGAR :: INFO] Multiple matches found for Interest Expense in report date 03/2023:
[EDGAR :: INFO]   Field: InterestExpense, Value: 135554000, Priority: 0
[EDGAR :: INFO]   Field: InterestExpenseDebt, Value: 1272000, Priority: 1
[EDGAR :: INFO] Selected InterestExpense with value 135554000 for Interest Expense
[EDGAR :: DEBUG] Processing report date: 06/2023
[EDGAR :: INFO] Multiple matches found for Revenue in report date 06/2023:
[EDGAR :: INFO]   Field: RevenueFromContractWithCustomerExcludingAssessedTax, Value: 0, Priority: 1
[EDGAR :: INFO]   Field: RevenuesNetOfInterestExpense, Value: 498018000, Priority: 2
[EDGAR :: INFO] Selected RevenueFromContractWithCustomerExcludingAssessedTax with value 0 for Revenue
[EDGAR :: INFO] Multiple matches found for Interest Expense in report date 06/2023:
[EDGAR :: INFO]   Field: InterestExpense, Value: 178870000, Priority: 0
[EDGAR :: INFO]   Field: InterestExpenseDebt, Value: 1273000, Priority: 1
[EDGAR :: INFO] Selected InterestExpense with value 178870000 for Interest Expense
[EDGAR :: DEBUG] Processing report date: 09/2023
[EDGAR :: INFO] Multiple matches found for Revenue in report date 09/2023:
[EDGAR :: INFO]   Field: RevenueFromContractWithCustomerExcludingAssessedTax, Value: 0, Priority: 1
[EDGAR :: INFO]   Field: RevenuesNetOfInterestExpense, Value: 537209000, Priority: 2
[EDGAR :: INFO] Selected RevenueFromContractWithCustomerExcludingAssessedTax with value 0 for Revenue
[EDGAR :: INFO] Multiple matches found for Interest Expense in report date 09/2023:
[EDGAR :: INFO]   Field: InterestExpense, Value: 219307000, Priority: 0
[EDGAR :: INFO]   Field: InterestExpenseDebt, Value: 1274000, Priority: 1
[EDGAR :: INFO] Selected InterestExpense with value 219307000 for Interest Expense
[EDGAR :: DEBUG] Processing report date: 12/2023
[EDGAR :: INFO] Multiple matches found for Revenue in report date 12/2023:
[EDGAR :: INFO]   Field: RevenueFromContractWithCustomerExcludingAssessedTax, Value: 0, Priority: 1
[EDGAR :: INFO]   Field: RevenuesNetOfInterestExpense, Value: 2122789000, Priority: 2
[EDGAR :: INFO] Selected RevenueFromContractWithCustomerExcludingAssessedTax with value 0 for Revenue
[EDGAR :: INFO] Multiple matches found for Interest Expense in report date 12/2023:
[EDGAR :: INFO]   Field: InterestExpense, Value: 789327000, Priority: 0
[EDGAR :: INFO]   Field: InterestExpenseDebt, Value: 5100000, Priority: 1
[EDGAR :: INFO] Selected InterestExpense with value 789327000 for Interest Expense
[EDGAR :: DEBUG] Processing report date: 03/2024
[EDGAR :: INFO] Multiple matches found for Revenue in report date 03/2024:
[EDGAR :: INFO]   Field: RevenueFromContractWithCustomerExcludingAssessedTax, Value: 0, Priority: 1
[EDGAR :: INFO]   Field: RevenuesNetOfInterestExpense, Value: 644995000, Priority: 2
[EDGAR :: INFO] Selected RevenueFromContractWithCustomerExcludingAssessedTax with value 0 for Revenue
[EDGAR :: INFO] Multiple matches found for Interest Expense in report date 03/2024:
[EDGAR :: INFO]   Field: InterestExpense, Value: 263193000, Priority: 0
[EDGAR :: INFO]   Field: InterestExpenseDebt, Value: 1200000, Priority: 1
[EDGAR :: INFO] Selected InterestExpense with value 263193000 for Interest Expense
[EDGAR :: DEBUG] Processing report date: 06/2024
[EDGAR :: INFO] Multiple matches found for Revenue in report date 06/2024:
[EDGAR :: INFO]   Field: RevenueFromContractWithCustomerExcludingAssessedTax, Value: 13618000, Priority: 1
[EDGAR :: INFO]   Field: RevenuesNetOfInterestExpense, Value: 598618000, Priority: 2
[EDGAR :: INFO] Selected RevenueFromContractWithCustomerExcludingAssessedTax with value 13618000 for Revenue
[EDGAR :: DEBUG] Processing report date: 09/2024
[EDGAR :: INFO] Multiple matches found for Revenue in report date 09/2024:
[EDGAR :: INFO]   Field: RevenueFromContractWithCustomerExcludingAssessedTax, Value: 13283000, Priority: 1
[EDGAR :: INFO]   Field: RevenuesNetOfInterestExpense, Value: 697121000, Priority: 2
[EDGAR :: INFO] Selected RevenueFromContractWithCustomerExcludingAssessedTax with value 13283000 for Revenue
[EDGAR :: DEBUG] Processing report date: 12/2024
[EDGAR :: INFO] Multiple matches found for Revenue in report date 12/2024:
[EDGAR :: INFO]   Field: RevenueFromContractWithCustomerExcludingAssessedTax, Value: 52129000, Priority: 1
[EDGAR :: INFO]   Field: RevenuesNetOfInterestExpense, Value: 2674859000, Priority: 2
[EDGAR :: INFO] Selected RevenueFromContractWithCustomerExcludingAssessedTax with value 52129000 for Revenue
[EDGAR :: INFO] Multiple matches found for Interest Expense in report date 12/2024:
[EDGAR :: INFO]   Field: InterestExpenseDebt, Value: 2700000, Priority: 1
[EDGAR :: INFO]   Field: InterestExpenseDebtExcludingAmortization, Value: 8700000, Priority: 2
[EDGAR :: INFO] Selected InterestExpenseDebt with value 2700000 for Interest Expense
[EDGAR :: INFO] Creating EdgarInstance for sofi with start date 2015-03-16
[EDGAR :: INFO] Found CIK: 0001818874
[EDGAR :: INFO] Fetching filings from: https://data.sec.gov/submissions/CIK0001818874.json
[EDGAR :: INFO] Fetched 18 10-K and 10-Q filings
[EDGAR :: INFO] Processing 10-Q filing for 09/2020
[EDGAR :: DEBUG] Requesting archive page: https://www.sec.gov/Archives/edgar/data/0001818874/000110465920128076
[EDGAR :: INFO] Processing 10-K filing for 12/2020
[EDGAR :: DEBUG] Requesting archive page: https://www.sec.gov/Archives/edgar/data/0001818874/000110465921037483
[EDGAR :: INFO] Processing 10-Q filing for 03/2021
[EDGAR :: DEBUG] Requesting archive page: https://www.sec.gov/Archives/edgar/data/0001818874/000110465921070841
[EDGAR :: INFO] Processing 10-Q filing for 06/2021
[EDGAR :: DEBUG] Requesting archive page: https://www.sec.gov/Archives/edgar/data/0001818874/000181887421000037
[EDGAR :: INFO] Processing 10-Q filing for 09/2021
[EDGAR :: DEBUG] Requesting archive page: https://www.sec.gov/Archives/edgar/data/0001818874/000181887421000081
[EDGAR :: INFO] Processing 10-K filing for 12/2021
[EDGAR :: DEBUG] Requesting archive page: https://www.sec.gov/Archives/edgar/data/0001818874/000181887422000031
[EDGAR :: INFO] Processing 10-Q filing for 03/2022
[EDGAR :: DEBUG] Requesting archive page: https://www.sec.gov/Archives/edgar/data/0001818874/000181887422000071
[EDGAR :: INFO] Processing 10-Q filing for 06/2022
[EDGAR :: DEBUG] Requesting archive page: https://www.sec.gov/Archives/edgar/data/0001818874/000181887422000185
[EDGAR :: INFO] Processing 10-Q filing for 09/2022
[EDGAR :: DEBUG] Requesting archive page: https://www.sec.gov/Archives/edgar/data/0001818874/000181887422000241
[EDGAR :: INFO] Processing 10-K filing for 12/2022
[EDGAR :: DEBUG] Requesting archive page: https://www.sec.gov/Archives/edgar/data/0001818874/000181887423000018
[EDGAR :: INFO] Processing 10-Q filing for 03/2023
[EDGAR :: DEBUG] Requesting archive page: https://www.sec.gov/Archives/edgar/data/0001818874/000181887423000095
[EDGAR :: INFO] Processing 10-Q filing for 06/2023
[EDGAR :: DEBUG] Requesting archive page: https://www.sec.gov/Archives/edgar/data/0001818874/000181887423000144
[EDGAR :: INFO] Processing 10-Q filing for 09/2023
[EDGAR :: DEBUG] Requesting archive page: https://www.sec.gov/Archives/edgar/data/0001818874/000181887423000173
[EDGAR :: INFO] Processing 10-K filing for 12/2023
[EDGAR :: DEBUG] Requesting archive page: https://www.sec.gov/Archives/edgar/data/0001818874/000181887424000026
[EDGAR :: INFO] Processing 10-Q filing for 03/2024
[EDGAR :: DEBUG] Requesting archive page: https://www.sec.gov/Archives/edgar/data/0001818874/000181887424000121
[EDGAR :: INFO] Processing 10-Q filing for 06/2024
[EDGAR :: DEBUG] Requesting archive page: https://www.sec.gov/Archives/edgar/data/0001818874/000181887424000175
[EDGAR :: INFO] Processing 10-Q filing for 09/2024
[EDGAR :: DEBUG] Requesting archive page: https://www.sec.gov/Archives/edgar/data/0001818874/000181887424000233
[EDGAR :: INFO] Processing 10-K filing for 12/2024
[EDGAR :: DEBUG] Requesting archive page: https://www.sec.gov/Archives/edgar/data/0001818874/000181887425000016
[EDGAR :: INFO] Populating schema with 25 financial metrics
[EDGAR :: DEBUG] Processing report date: 09/2020
[EDGAR :: DEBUG] Used function to determine Revenue value: None
[EDGAR :: DEBUG] Processing report date: 12/2020
[EDGAR :: DEBUG] Used function to determine Revenue value: None
[EDGAR :: DEBUG] Processing report date: 03/2021
[EDGAR :: DEBUG] Used function to determine Revenue value: None
[EDGAR :: DEBUG] Processing report date: 06/2021
[EDGAR :: DEBUG] Used function to determine Revenue value: 231274000
[EDGAR :: DEBUG] Processing report date: 09/2021
[EDGAR :: DEBUG] Used function to determine Revenue value: 272006000
[EDGAR :: DEBUG] Processing report date: 12/2021
[EDGAR :: DEBUG] Used function to determine Revenue value: 984872000
[EDGAR :: INFO] Multiple matches found for Interest Expense in report date 12/2021:
[EDGAR :: INFO]   Field: InterestExpense, Value: 102776000, Priority: 0
[EDGAR :: INFO]   Field: InterestExpenseDebt, Value: 1200000, Priority: 1
[EDGAR :: INFO] Selected InterestExpense with value 102776000 for Interest Expense
[EDGAR :: DEBUG] Processing report date: 03/2022
[EDGAR :: DEBUG] Used function to determine Revenue value: 330344000
[EDGAR :: DEBUG] Processing report date: 06/2022
[EDGAR :: DEBUG] Used function to determine Revenue value: 362527000
[EDGAR :: DEBUG] Processing report date: 09/2022
[EDGAR :: DEBUG] Used function to determine Revenue value: 423985000
[EDGAR :: DEBUG] Processing report date: 12/2022
[EDGAR :: DEBUG] Used function to determine Revenue value: 1573535000
[EDGAR :: INFO] Multiple matches found for Interest Expense in report date 12/2022:
[EDGAR :: INFO]   Field: InterestExpense, Value: 189275000, Priority: 0
[EDGAR :: INFO]   Field: InterestExpenseDebt, Value: 5100000, Priority: 1
[EDGAR :: INFO] Selected InterestExpense with value 189275000 for Interest Expense
[EDGAR :: DEBUG] Processing report date: 03/2023
[EDGAR :: DEBUG] Used function to determine Revenue value: 472158000
[EDGAR :: INFO] Multiple matches found for Interest Expense in report date 03/2023:
[EDGAR :: INFO]   Field: InterestExpense, Value: 135554000, Priority: 0
[EDGAR :: INFO]   Field: InterestExpenseDebt, Value: 1272000, Priority: 1
[EDGAR :: INFO] Selected InterestExpense with value 135554000 for Interest Expense
[EDGAR :: DEBUG] Processing report date: 06/2023
[EDGAR :: DEBUG] Used function to determine Revenue value: 498018000
[EDGAR :: INFO] Multiple matches found for Interest Expense in report date 06/2023:
[EDGAR :: INFO]   Field: InterestExpense, Value: 178870000, Priority: 0
[EDGAR :: INFO]   Field: InterestExpenseDebt, Value: 1273000, Priority: 1
[EDGAR :: INFO] Selected InterestExpense with value 178870000 for Interest Expense
[EDGAR :: DEBUG] Processing report date: 09/2023
[EDGAR :: DEBUG] Used function to determine Revenue value: 537209000
[EDGAR :: INFO] Multiple matches found for Interest Expense in report date 09/2023:
[EDGAR :: INFO]   Field: InterestExpense, Value: 219307000, Priority: 0
[EDGAR :: INFO]   Field: InterestExpenseDebt, Value: 1274000, Priority: 1
[EDGAR :: INFO] Selected InterestExpense with value 219307000 for Interest Expense
[EDGAR :: DEBUG] Processing report date: 12/2023
[EDGAR :: DEBUG] Used function to determine Revenue value: 2122789000
[EDGAR :: INFO] Multiple matches found for Interest Expense in report date 12/2023:
[EDGAR :: INFO]   Field: InterestExpense, Value: 789327000, Priority: 0
[EDGAR :: INFO]   Field: InterestExpenseDebt, Value: 5100000, Priority: 1
[EDGAR :: INFO] Selected InterestExpense with value 789327000 for Interest Expense
[EDGAR :: DEBUG] Processing report date: 03/2024
[EDGAR :: DEBUG] Used function to determine Revenue value: 644995000
[EDGAR :: INFO] Multiple matches found for Interest Expense in report date 03/2024:
[EDGAR :: INFO]   Field: InterestExpense, Value: 263193000, Priority: 0
[EDGAR :: INFO]   Field: InterestExpenseDebt, Value: 1200000, Priority: 1
[EDGAR :: INFO] Selected InterestExpense with value 263193000 for Interest Expense
[EDGAR :: DEBUG] Processing report date: 06/2024
[EDGAR :: DEBUG] Used function to determine Revenue value: 598618000
[EDGAR :: DEBUG] Processing report date: 09/2024
[EDGAR :: DEBUG] Used function to determine Revenue value: 697121000
[EDGAR :: DEBUG] Processing report date: 12/2024
[EDGAR :: DEBUG] Used function to determine Revenue value: 2674859000
[EDGAR :: INFO] Multiple matches found for Interest Expense in report date 12/2024:
[EDGAR :: INFO]   Field: InterestExpenseDebt, Value: 2700000, Priority: 1
[EDGAR :: INFO]   Field: InterestExpenseDebtExcludingAmortization, Value: 8700000, Priority: 2
[EDGAR :: INFO] Selected InterestExpenseDebt with value 2700000 for Interest Expense
[EDGAR :: INFO] Populating schema with 25 financial metrics
[EDGAR :: DEBUG] Processing report date: 09/2020
[EDGAR :: DEBUG] Used function to determine Revenue value: None
[EDGAR :: DEBUG] Processing report date: 12/2020
[EDGAR :: DEBUG] Used function to determine Revenue value: None
[EDGAR :: DEBUG] Processing report date: 03/2021
[EDGAR :: DEBUG] Used function to determine Revenue value: None
[EDGAR :: DEBUG] Processing report date: 06/2021
[EDGAR :: DEBUG] Used function to determine Revenue value: 231274000
[EDGAR :: DEBUG] Processing report date: 09/2021
[EDGAR :: DEBUG] Used function to determine Revenue value: 272006000
[EDGAR :: DEBUG] Processing report date: 12/2021
[EDGAR :: DEBUG] Used function to determine Revenue value: 984872000
[EDGAR :: INFO] Multiple matches found for Interest Expense in report date 12/2021:
[EDGAR :: INFO]   Field: InterestExpense, Value: 102776000, Priority: 0
[EDGAR :: INFO]   Field: InterestExpenseDebt, Value: 1200000, Priority: 1
[EDGAR :: INFO] Selected InterestExpense with value 102776000 for Interest Expense
[EDGAR :: DEBUG] Processing report date: 03/2022
[EDGAR :: DEBUG] Used function to determine Revenue value: 330344000
[EDGAR :: DEBUG] Processing report date: 06/2022
[EDGAR :: DEBUG] Used function to determine Revenue value: 362527000
[EDGAR :: DEBUG] Processing report date: 09/2022
[EDGAR :: DEBUG] Used function to determine Revenue value: 423985000
[EDGAR :: DEBUG] Processing report date: 12/2022
[EDGAR :: DEBUG] Used function to determine Revenue value: 1573535000
[EDGAR :: INFO] Multiple matches found for Interest Expense in report date 12/2022:
[EDGAR :: INFO]   Field: InterestExpense, Value: 189275000, Priority: 0
[EDGAR :: INFO]   Field: InterestExpenseDebt, Value: 5100000, Priority: 1
[EDGAR :: INFO] Selected InterestExpense with value 189275000 for Interest Expense
[EDGAR :: DEBUG] Processing report date: 03/2023
[EDGAR :: DEBUG] Used function to determine Revenue value: 472158000
[EDGAR :: INFO] Multiple matches found for Interest Expense in report date 03/2023:
[EDGAR :: INFO]   Field: InterestExpense, Value: 135554000, Priority: 0
[EDGAR :: INFO]   Field: InterestExpenseDebt, Value: 1272000, Priority: 1
[EDGAR :: INFO] Selected InterestExpense with value 135554000 for Interest Expense
[EDGAR :: DEBUG] Processing report date: 06/2023
[EDGAR :: DEBUG] Used function to determine Revenue value: 498018000
[EDGAR :: INFO] Multiple matches found for Interest Expense in report date 06/2023:
[EDGAR :: INFO]   Field: InterestExpense, Value: 178870000, Priority: 0
[EDGAR :: INFO]   Field: InterestExpenseDebt, Value: 1273000, Priority: 1
[EDGAR :: INFO] Selected InterestExpense with value 178870000 for Interest Expense
[EDGAR :: DEBUG] Processing report date: 09/2023
[EDGAR :: DEBUG] Used function to determine Revenue value: 537209000
[EDGAR :: INFO] Multiple matches found for Interest Expense in report date 09/2023:
[EDGAR :: INFO]   Field: InterestExpense, Value: 219307000, Priority: 0
[EDGAR :: INFO]   Field: InterestExpenseDebt, Value: 1274000, Priority: 1
[EDGAR :: INFO] Selected InterestExpense with value 219307000 for Interest Expense
[EDGAR :: DEBUG] Processing report date: 12/2023
[EDGAR :: DEBUG] Used function to determine Revenue value: 2122789000
[EDGAR :: INFO] Multiple matches found for Interest Expense in report date 12/2023:
[EDGAR :: INFO]   Field: InterestExpense, Value: 789327000, Priority: 0
[EDGAR :: INFO]   Field: InterestExpenseDebt, Value: 5100000, Priority: 1
[EDGAR :: INFO] Selected InterestExpense with value 789327000 for Interest Expense
[EDGAR :: DEBUG] Processing report date: 03/2024
[EDGAR :: DEBUG] Used function to determine Revenue value: 644995000
[EDGAR :: INFO] Multiple matches found for Interest Expense in report date 03/2024:
[EDGAR :: INFO]   Field: InterestExpense, Value: 263193000, Priority: 0
[EDGAR :: INFO]   Field: InterestExpenseDebt, Value: 1200000, Priority: 1
[EDGAR :: INFO] Selected InterestExpense with value 263193000 for Interest Expense
[EDGAR :: DEBUG] Processing report date: 06/2024
[EDGAR :: DEBUG] Used function to determine Revenue value: 598618000
[EDGAR :: DEBUG] Processing report date: 09/2024
[EDGAR :: DEBUG] Used function to determine Revenue value: 697121000
[EDGAR :: DEBUG] Processing report date: 12/2024
[EDGAR :: DEBUG] Used function to determine Revenue value: 2674859000
[EDGAR :: INFO] Multiple matches found for Interest Expense in report date 12/2024:
[EDGAR :: INFO]   Field: InterestExpenseDebt, Value: 2700000, Priority: 1
[EDGAR :: INFO]   Field: InterestExpenseDebtExcludingAmortization, Value: 8700000, Priority: 2
[EDGAR :: INFO] Selected InterestExpenseDebt with value 2700000 for Interest Expense
[EDGAR :: INFO] Creating EdgarScraper for sofi with start date 2015-03-16
[EDGAR :: INFO] Found CIK: 0001818874
[EDGAR :: INFO] Fetching filings from: https://data.sec.gov/submissions/CIK0001818874.json
[EDGAR :: INFO] Fetched 18 10-K and 10-Q filings
[EDGAR :: INFO] Processing 10-Q filing for 09/2020
[EDGAR :: DEBUG] Requesting archive page: https://www.sec.gov/Archives/edgar/data/0001818874/000110465920128076
[EDGAR :: INFO] Processing 10-K filing for 12/2020
[EDGAR :: DEBUG] Requesting archive page: https://www.sec.gov/Archives/edgar/data/0001818874/000110465921037483
[EDGAR :: INFO] Processing 10-Q filing for 03/2021
[EDGAR :: DEBUG] Requesting archive page: https://www.sec.gov/Archives/edgar/data/0001818874/000110465921070841
[EDGAR :: INFO] Processing 10-Q filing for 06/2021
[EDGAR :: DEBUG] Requesting archive page: https://www.sec.gov/Archives/edgar/data/0001818874/000181887421000037
[EDGAR :: INFO] Processing 10-Q filing for 09/2021
[EDGAR :: DEBUG] Requesting archive page: https://www.sec.gov/Archives/edgar/data/0001818874/000181887421000081
[EDGAR :: INFO] Processing 10-K filing for 12/2021
[EDGAR :: DEBUG] Requesting archive page: https://www.sec.gov/Archives/edgar/data/0001818874/000181887422000031
[EDGAR :: INFO] Processing 10-Q filing for 03/2022
[EDGAR :: DEBUG] Requesting archive page: https://www.sec.gov/Archives/edgar/data/0001818874/000181887422000071
[EDGAR :: INFO] Processing 10-Q filing for 06/2022
[EDGAR :: DEBUG] Requesting archive page: https://www.sec.gov/Archives/edgar/data/0001818874/000181887422000185
[EDGAR :: INFO] Processing 10-Q filing for 09/2022
[EDGAR :: DEBUG] Requesting archive page: https://www.sec.gov/Archives/edgar/data/0001818874/000181887422000241
[EDGAR :: INFO] Processing 10-K filing for 12/2022
[EDGAR :: DEBUG] Requesting archive page: https://www.sec.gov/Archives/edgar/data/0001818874/000181887423000018
[EDGAR :: INFO] Processing 10-Q filing for 03/2023
[EDGAR :: DEBUG] Requesting archive page: https://www.sec.gov/Archives/edgar/data/0001818874/000181887423000095
[EDGAR :: INFO] Processing 10-Q filing for 06/2023
[EDGAR :: DEBUG] Requesting archive page: https://www.sec.gov/Archives/edgar/data/0001818874/000181887423000144
[EDGAR :: INFO] Processing 10-Q filing for 09/2023
[EDGAR :: DEBUG] Requesting archive page: https://www.sec.gov/Archives/edgar/data/0001818874/000181887423000173
[EDGAR :: INFO] Processing 10-K filing for 12/2023
[EDGAR :: DEBUG] Requesting archive page: https://www.sec.gov/Archives/edgar/data/0001818874/000181887424000026
[EDGAR :: INFO] Processing 10-Q filing for 03/2024
[EDGAR :: DEBUG] Requesting archive page: https://www.sec.gov/Archives/edgar/data/0001818874/000181887424000121
[EDGAR :: INFO] Processing 10-Q filing for 06/2024
[EDGAR :: DEBUG] Requesting archive page: https://www.sec.gov/Archives/edgar/data/0001818874/000181887424000175
[EDGAR :: INFO] Processing 10-Q filing for 09/2024
[EDGAR :: DEBUG] Requesting archive page: https://www.sec.gov/Archives/edgar/data/0001818874/000181887424000233
[EDGAR :: INFO] Processing 10-K filing for 12/2024
[EDGAR :: DEBUG] Requesting archive page: https://www.sec.gov/Archives/edgar/data/0001818874/000181887425000016
[EDGAR :: DEBUG] Used function to determine Revenue value: None
[EDGAR :: DEBUG] Used function to determine Revenue value: None
[EDGAR :: DEBUG] Used function to determine Revenue value: None
[EDGAR :: DEBUG] Used function to determine Revenue value: 231274000
[EDGAR :: DEBUG] Used function to determine Revenue value: 272006000
[EDGAR :: DEBUG] Used function to determine Revenue value: -6415000
[EDGAR :: DEBUG] Used function to determine Revenue value: 330344000
[EDGAR :: DEBUG] Used function to determine Revenue value: -8852000
[EDGAR :: DEBUG] Used function to determine Revenue value: -11439000
[EDGAR :: DEBUG] Used function to determine Revenue value: -5075000
[EDGAR :: DEBUG] Used function to determine Revenue value: -23911000
[EDGAR :: DEBUG] Used function to determine Revenue value: -19098000
[EDGAR :: DEBUG] Used function to determine Revenue value: -19934000
[EDGAR :: DEBUG] Used function to determine Revenue value: -13426000
[EDGAR :: DEBUG] Used function to determine Revenue value: 69602000
[EDGAR :: DEBUG] Used function to determine Revenue value: -13657000
[EDGAR :: DEBUG] Used function to determine Revenue value: -39971000
[EDGAR :: DEBUG] Used function to determine Revenue value: 23549000
[EDGAR :: DEBUG] Used function to determine Revenue value: None
[EDGAR :: DEBUG] Used function to determine Revenue value: None
[EDGAR :: DEBUG] Used function to determine Revenue value: None
[EDGAR :: DEBUG] Used function to determine Revenue value: 231274000
[EDGAR :: DEBUG] Used function to determine Revenue value: 272006000
[EDGAR :: DEBUG] Used function to determine Revenue value: -6415000
[EDGAR :: DEBUG] Used function to determine Revenue value: 330344000
[EDGAR :: DEBUG] Used function to determine Revenue value: -8852000
[EDGAR :: DEBUG] Used function to determine Revenue value: -11439000
[EDGAR :: DEBUG] Used function to determine Revenue value: -5075000
[EDGAR :: DEBUG] Used function to determine Revenue value: -23911000
[EDGAR :: DEBUG] Used function to determine Revenue value: -19098000
[EDGAR :: DEBUG] Used function to determine Revenue value: -19934000
[EDGAR :: DEBUG] Used function to determine Revenue value: -13426000
[EDGAR :: DEBUG] Used function to determine Revenue value: 69602000
[EDGAR :: DEBUG] Used function to determine Revenue value: -13657000
[EDGAR :: DEBUG] Used function to determine Revenue value: -39971000
[EDGAR :: DEBUG] Used function to determine Revenue value: 23549000
[EDGAR :: DEBUG] Used function to determine Revenue value: None
[EDGAR :: DEBUG] Used function to determine Revenue value: None
[EDGAR :: DEBUG] Used function to determine Revenue value: None
[EDGAR :: DEBUG] Used function to determine Revenue value: 231274000
[EDGAR :: DEBUG] Used function to determine Revenue value: 272006000
[EDGAR :: DEBUG] Used function to determine Revenue value: -6415000
[EDGAR :: DEBUG] Used function to determine Revenue value: 330344000
[EDGAR :: DEBUG] Used function to determine Revenue value: -8852000
[EDGAR :: DEBUG] Used function to determine Revenue value: -11439000
[EDGAR :: DEBUG] Used function to determine Revenue value: -5075000
[EDGAR :: DEBUG] Used function to determine Revenue value: -23911000
[EDGAR :: DEBUG] Used function to determine Revenue value: -19098000
[EDGAR :: DEBUG] Used function to determine Revenue value: -19934000
[EDGAR :: DEBUG] Used function to determine Revenue value: -13426000
[EDGAR :: DEBUG] Used function to determine Revenue value: 69602000
[EDGAR :: DEBUG] Used function to determine Revenue value: -13657000
[EDGAR :: DEBUG] Used function to determine Revenue value: -39971000
[EDGAR :: DEBUG] Used function to determine Revenue value: 23549000
[EDGAR :: DEBUG] Used function to determine Revenue value: None
[EDGAR :: DEBUG] Used function to determine Revenue value: None
[EDGAR :: DEBUG] Used function to determine Revenue value: None
[EDGAR :: DEBUG] Used function to determine Revenue value: 231274000
[EDGAR :: DEBUG] Used function to determine Revenue value: 272006000
[EDGAR :: DEBUG] Used function to determine Revenue value: -6415000
[EDGAR :: DEBUG] Used function to determine Revenue value: 330344000
[EDGAR :: DEBUG] Used function to determine Revenue value: -8852000
[EDGAR :: DEBUG] Used function to determine Revenue value: -11439000
[EDGAR :: DEBUG] Used function to determine Revenue value: -5075000
[EDGAR :: DEBUG] Used function to determine Revenue value: -23911000
[EDGAR :: DEBUG] Used function to determine Revenue value: -19098000
[EDGAR :: DEBUG] Used function to determine Revenue value: -19934000
[EDGAR :: DEBUG] Used function to determine Revenue value: -13426000
[EDGAR :: DEBUG] Used function to determine Revenue value: 69602000
[EDGAR :: DEBUG] Used function to determine Revenue value: -13657000
[EDGAR :: DEBUG] Used function to determine Revenue value: -39971000
[EDGAR :: DEBUG] Used function to determine Revenue value: 23549000
[EDGAR :: DEBUG] Used function to determine Revenue value: None
[EDGAR :: DEBUG] Used function to determine Revenue value: None
[EDGAR :: DEBUG] Used function to determine Revenue value: None
[EDGAR :: DEBUG] Used function to determine Revenue value: 231274000
[EDGAR :: DEBUG] Used function to determine Revenue value: 272006000
[EDGAR :: DEBUG] Used function to determine Revenue value: -6415000
[EDGAR :: DEBUG] Used function to determine Revenue value: 330344000
[EDGAR :: DEBUG] Used function to determine Revenue value: -8852000
[EDGAR :: DEBUG] Used function to determine Revenue value: -11439000
[EDGAR :: DEBUG] Used function to determine Revenue value: -5075000
[EDGAR :: DEBUG] Used function to determine Revenue value: -23911000
[EDGAR :: DEBUG] Used function to determine Revenue value: -19098000
[EDGAR :: DEBUG] Used function to determine Revenue value: -19934000
[EDGAR :: DEBUG] Used function to determine Revenue value: -13426000
[EDGAR :: DEBUG] Used function to determine Revenue value: 69602000
[EDGAR :: DEBUG] Used function to determine Revenue value: -13657000
[EDGAR :: DEBUG] Used function to determine Revenue value: -39971000
[EDGAR :: DEBUG] Used function to determine Revenue value: 23549000
[EDGAR :: DEBUG] Used function to determine Revenue value: None
[EDGAR :: DEBUG] Used function to determine Revenue value: None
[EDGAR :: DEBUG] Used function to determine Revenue value: None
[EDGAR :: DEBUG] Used function to determine Revenue value: 231274000
[EDGAR :: DEBUG] Used function to determine Revenue value: 272006000
[EDGAR :: DEBUG] Used function to determine Revenue value: -6415000
[EDGAR :: DEBUG] Used function to determine Revenue value: 330344000
[EDGAR :: DEBUG] Used function to determine Revenue value: -8852000
[EDGAR :: DEBUG] Used function to determine Revenue value: -11439000
[EDGAR :: DEBUG] Used function to determine Revenue value: -5075000
[EDGAR :: DEBUG] Used function to determine Revenue value: -23911000
[EDGAR :: DEBUG] Used function to determine Revenue value: -19098000
[EDGAR :: DEBUG] Used function to determine Revenue value: -19934000
[EDGAR :: DEBUG] Used function to determine Revenue value: -13426000
[EDGAR :: DEBUG] Used function to determine Revenue value: 69602000
[EDGAR :: DEBUG] Used function to determine Revenue value: -13657000
[EDGAR :: DEBUG] Used function to determine Revenue value: -39971000
[EDGAR :: DEBUG] Used function to determine Revenue value: 23549000
[EDGAR :: INFO] Creating EdgarInstance for sofi with start date 2015-03-16
[EDGAR :: INFO] Creating EdgarInstance for sofi with start date 2015-03-16
[EDGAR :: INFO] Found CIK: 0001818874
[EDGAR :: INFO] Found CIK: 0001818874
[EDGAR :: INFO] Fetching filings from: https://data.sec.gov/submissions/CIK0001818874.json
[EDGAR :: INFO] Fetching filings from: https://data.sec.gov/submissions/CIK0001818874.json
[EDGAR :: INFO] Fetched 18 10-K and 10-Q filings
[EDGAR :: INFO] Fetched 18 10-K and 10-Q filings
[EDGAR :: INFO] Processing 10-Q filing for 09/2020
[EDGAR :: INFO] Processing 10-Q filing for 09/2020
[EDGAR :: DEBUG] Requesting archive page: https://www.sec.gov/Archives/edgar/data/0001818874/000110465920128076
[EDGAR :: DEBUG] Requesting archive page: https://www.sec.gov/Archives/edgar/data/0001818874/000110465920128076
[EDGAR :: INFO] Processing 10-K filing for 12/2020
[EDGAR :: INFO] Processing 10-K filing for 12/2020
[EDGAR :: DEBUG] Requesting archive page: https://www.sec.gov/Archives/edgar/data/0001818874/000110465921037483
[EDGAR :: DEBUG] Requesting archive page: https://www.sec.gov/Archives/edgar/data/0001818874/000110465921037483
[EDGAR :: INFO] Processing 10-Q filing for 03/2021
[EDGAR :: INFO] Processing 10-Q filing for 03/2021
[EDGAR :: DEBUG] Requesting archive page: https://www.sec.gov/Archives/edgar/data/0001818874/000110465921070841
[EDGAR :: DEBUG] Requesting archive page: https://www.sec.gov/Archives/edgar/data/0001818874/000110465921070841
[EDGAR :: INFO] Processing 10-Q filing for 06/2021
[EDGAR :: INFO] Processing 10-Q filing for 06/2021
[EDGAR :: DEBUG] Requesting archive page: https://www.sec.gov/Archives/edgar/data/0001818874/000181887421000037
[EDGAR :: DEBUG] Requesting archive page: https://www.sec.gov/Archives/edgar/data/0001818874/000181887421000037
[EDGAR :: INFO] Processing 10-Q filing for 09/2021
[EDGAR :: INFO] Processing 10-Q filing for 09/2021
[EDGAR :: DEBUG] Requesting archive page: https://www.sec.gov/Archives/edgar/data/0001818874/000181887421000081
[EDGAR :: DEBUG] Requesting archive page: https://www.sec.gov/Archives/edgar/data/0001818874/000181887421000081
[EDGAR :: INFO] Processing 10-K filing for 12/2021
[EDGAR :: INFO] Processing 10-K filing for 12/2021
[EDGAR :: DEBUG] Requesting archive page: https://www.sec.gov/Archives/edgar/data/0001818874/000181887422000031
[EDGAR :: DEBUG] Requesting archive page: https://www.sec.gov/Archives/edgar/data/0001818874/000181887422000031
[EDGAR :: INFO] Processing 10-Q filing for 03/2022
[EDGAR :: INFO] Processing 10-Q filing for 03/2022
[EDGAR :: DEBUG] Requesting archive page: https://www.sec.gov/Archives/edgar/data/0001818874/000181887422000071
[EDGAR :: DEBUG] Requesting archive page: https://www.sec.gov/Archives/edgar/data/0001818874/000181887422000071
[EDGAR :: INFO] Processing 10-Q filing for 06/2022
[EDGAR :: INFO] Processing 10-Q filing for 06/2022
[EDGAR :: DEBUG] Requesting archive page: https://www.sec.gov/Archives/edgar/data/0001818874/000181887422000185
[EDGAR :: DEBUG] Requesting archive page: https://www.sec.gov/Archives/edgar/data/0001818874/000181887422000185
[EDGAR :: INFO] Processing 10-Q filing for 09/2022
[EDGAR :: INFO] Processing 10-Q filing for 09/2022
[EDGAR :: DEBUG] Requesting archive page: https://www.sec.gov/Archives/edgar/data/0001818874/000181887422000241
[EDGAR :: DEBUG] Requesting archive page: https://www.sec.gov/Archives/edgar/data/0001818874/000181887422000241
[EDGAR :: INFO] Processing 10-K filing for 12/2022
[EDGAR :: INFO] Processing 10-K filing for 12/2022
[EDGAR :: DEBUG] Requesting archive page: https://www.sec.gov/Archives/edgar/data/0001818874/000181887423000018
[EDGAR :: DEBUG] Requesting archive page: https://www.sec.gov/Archives/edgar/data/0001818874/000181887423000018
[EDGAR :: INFO] Processing 10-Q filing for 03/2023
[EDGAR :: INFO] Processing 10-Q filing for 03/2023
[EDGAR :: DEBUG] Requesting archive page: https://www.sec.gov/Archives/edgar/data/0001818874/000181887423000095
[EDGAR :: DEBUG] Requesting archive page: https://www.sec.gov/Archives/edgar/data/0001818874/000181887423000095
[EDGAR :: INFO] Processing 10-Q filing for 06/2023
[EDGAR :: INFO] Processing 10-Q filing for 06/2023
[EDGAR :: DEBUG] Requesting archive page: https://www.sec.gov/Archives/edgar/data/0001818874/000181887423000144
[EDGAR :: DEBUG] Requesting archive page: https://www.sec.gov/Archives/edgar/data/0001818874/000181887423000144
[EDGAR :: INFO] Processing 10-Q filing for 09/2023
[EDGAR :: INFO] Processing 10-Q filing for 09/2023
[EDGAR :: DEBUG] Requesting archive page: https://www.sec.gov/Archives/edgar/data/0001818874/000181887423000173
[EDGAR :: DEBUG] Requesting archive page: https://www.sec.gov/Archives/edgar/data/0001818874/000181887423000173
[EDGAR :: INFO] Processing 10-K filing for 12/2023
[EDGAR :: INFO] Processing 10-K filing for 12/2023
[EDGAR :: DEBUG] Requesting archive page: https://www.sec.gov/Archives/edgar/data/0001818874/000181887424000026
[EDGAR :: DEBUG] Requesting archive page: https://www.sec.gov/Archives/edgar/data/0001818874/000181887424000026
[EDGAR :: INFO] Processing 10-Q filing for 03/2024
[EDGAR :: INFO] Processing 10-Q filing for 03/2024
[EDGAR :: DEBUG] Requesting archive page: https://www.sec.gov/Archives/edgar/data/0001818874/000181887424000121
[EDGAR :: DEBUG] Requesting archive page: https://www.sec.gov/Archives/edgar/data/0001818874/000181887424000121
[EDGAR :: INFO] Processing 10-Q filing for 06/2024
[EDGAR :: INFO] Processing 10-Q filing for 06/2024
[EDGAR :: DEBUG] Requesting archive page: https://www.sec.gov/Archives/edgar/data/0001818874/000181887424000175
[EDGAR :: DEBUG] Requesting archive page: https://www.sec.gov/Archives/edgar/data/0001818874/000181887424000175
[EDGAR :: INFO] Processing 10-Q filing for 09/2024
[EDGAR :: INFO] Processing 10-Q filing for 09/2024
[EDGAR :: DEBUG] Requesting archive page: https://www.sec.gov/Archives/edgar/data/0001818874/000181887424000233
[EDGAR :: DEBUG] Requesting archive page: https://www.sec.gov/Archives/edgar/data/0001818874/000181887424000233
[EDGAR :: INFO] Processing 10-K filing for 12/2024
[EDGAR :: INFO] Processing 10-K filing for 12/2024
[EDGAR :: DEBUG] Requesting archive page: https://www.sec.gov/Archives/edgar/data/0001818874/000181887425000016
[EDGAR :: DEBUG] Requesting archive page: https://www.sec.gov/Archives/edgar/data/0001818874/000181887425000016
[EDGAR :: INFO] Populating schema with 25 financial metrics
[EDGAR :: INFO] Populating schema with 25 financial metrics
[EDGAR :: DEBUG] Processing report date: 09/2020
[EDGAR :: DEBUG] Processing report date: 09/2020
[EDGAR :: DEBUG] Used function to determine Revenue value: None
[EDGAR :: DEBUG] Used function to determine Revenue value: None
[EDGAR :: DEBUG] Processing report date: 12/2020
[EDGAR :: DEBUG] Processing report date: 12/2020
[EDGAR :: DEBUG] Used function to determine Revenue value: None
[EDGAR :: DEBUG] Used function to determine Revenue value: None
[EDGAR :: DEBUG] Processing report date: 03/2021
[EDGAR :: DEBUG] Processing report date: 03/2021
[EDGAR :: DEBUG] Used function to determine Revenue value: None
[EDGAR :: DEBUG] Used function to determine Revenue value: None
[EDGAR :: DEBUG] Processing report date: 06/2021
[EDGAR :: DEBUG] Processing report date: 06/2021
[EDGAR :: DEBUG] Used function to determine Revenue value: 231274000
[EDGAR :: DEBUG] Used function to determine Revenue value: 231274000
[EDGAR :: DEBUG] Processing report date: 09/2021
[EDGAR :: DEBUG] Processing report date: 09/2021
[EDGAR :: DEBUG] Used function to determine Revenue value: 272006000
[EDGAR :: DEBUG] Used function to determine Revenue value: 272006000
[EDGAR :: DEBUG] Processing report date: 12/2021
[EDGAR :: DEBUG] Processing report date: 12/2021
[EDGAR :: DEBUG] Used function to determine Revenue value: 984872000
[EDGAR :: DEBUG] Used function to determine Revenue value: 984872000
[EDGAR :: INFO] Multiple matches found for Interest Expense in report date 12/2021:
[EDGAR :: INFO] Multiple matches found for Interest Expense in report date 12/2021:
[EDGAR :: INFO]   Field: InterestExpense, Value: 102776000, Priority: 0
[EDGAR :: INFO]   Field: InterestExpense, Value: 102776000, Priority: 0
[EDGAR :: INFO]   Field: InterestExpenseDebt, Value: 1200000, Priority: 1
[EDGAR :: INFO]   Field: InterestExpenseDebt, Value: 1200000, Priority: 1
[EDGAR :: INFO] Selected InterestExpense with value 102776000 for Interest Expense
[EDGAR :: INFO] Selected InterestExpense with value 102776000 for Interest Expense
[EDGAR :: DEBUG] Processing report date: 03/2022
[EDGAR :: DEBUG] Processing report date: 03/2022
[EDGAR :: DEBUG] Used function to determine Revenue value: 330344000
[EDGAR :: DEBUG] Used function to determine Revenue value: 330344000
[EDGAR :: DEBUG] Processing report date: 06/2022
[EDGAR :: DEBUG] Processing report date: 06/2022
[EDGAR :: DEBUG] Used function to determine Revenue value: 362527000
[EDGAR :: DEBUG] Used function to determine Revenue value: 362527000
[EDGAR :: DEBUG] Processing report date: 09/2022
[EDGAR :: DEBUG] Processing report date: 09/2022
[EDGAR :: DEBUG] Used function to determine Revenue value: 423985000
[EDGAR :: DEBUG] Used function to determine Revenue value: 423985000
[EDGAR :: DEBUG] Processing report date: 12/2022
[EDGAR :: DEBUG] Processing report date: 12/2022
[EDGAR :: DEBUG] Used function to determine Revenue value: 1573535000
[EDGAR :: DEBUG] Used function to determine Revenue value: 1573535000
[EDGAR :: INFO] Multiple matches found for Interest Expense in report date 12/2022:
[EDGAR :: INFO] Multiple matches found for Interest Expense in report date 12/2022:
[EDGAR :: INFO]   Field: InterestExpense, Value: 189275000, Priority: 0
[EDGAR :: INFO]   Field: InterestExpense, Value: 189275000, Priority: 0
[EDGAR :: INFO]   Field: InterestExpenseDebt, Value: 5100000, Priority: 1
[EDGAR :: INFO]   Field: InterestExpenseDebt, Value: 5100000, Priority: 1
[EDGAR :: INFO] Selected InterestExpense with value 189275000 for Interest Expense
[EDGAR :: INFO] Selected InterestExpense with value 189275000 for Interest Expense
[EDGAR :: DEBUG] Processing report date: 03/2023
[EDGAR :: DEBUG] Processing report date: 03/2023
[EDGAR :: DEBUG] Used function to determine Revenue value: 472158000
[EDGAR :: DEBUG] Used function to determine Revenue value: 472158000
[EDGAR :: INFO] Multiple matches found for Interest Expense in report date 03/2023:
[EDGAR :: INFO] Multiple matches found for Interest Expense in report date 03/2023:
[EDGAR :: INFO]   Field: InterestExpense, Value: 135554000, Priority: 0
[EDGAR :: INFO]   Field: InterestExpense, Value: 135554000, Priority: 0
[EDGAR :: INFO]   Field: InterestExpenseDebt, Value: 1272000, Priority: 1
[EDGAR :: INFO]   Field: InterestExpenseDebt, Value: 1272000, Priority: 1
[EDGAR :: INFO] Selected InterestExpense with value 135554000 for Interest Expense
[EDGAR :: INFO] Selected InterestExpense with value 135554000 for Interest Expense
[EDGAR :: DEBUG] Processing report date: 06/2023
[EDGAR :: DEBUG] Processing report date: 06/2023
[EDGAR :: DEBUG] Used function to determine Revenue value: 498018000
[EDGAR :: DEBUG] Used function to determine Revenue value: 498018000
[EDGAR :: INFO] Multiple matches found for Interest Expense in report date 06/2023:
[EDGAR :: INFO] Multiple matches found for Interest Expense in report date 06/2023:
[EDGAR :: INFO]   Field: InterestExpense, Value: 178870000, Priority: 0
[EDGAR :: INFO]   Field: InterestExpense, Value: 178870000, Priority: 0
[EDGAR :: INFO]   Field: InterestExpenseDebt, Value: 1273000, Priority: 1
[EDGAR :: INFO]   Field: InterestExpenseDebt, Value: 1273000, Priority: 1
[EDGAR :: INFO] Selected InterestExpense with value 178870000 for Interest Expense
[EDGAR :: INFO] Selected InterestExpense with value 178870000 for Interest Expense
[EDGAR :: DEBUG] Processing report date: 09/2023
[EDGAR :: DEBUG] Processing report date: 09/2023
[EDGAR :: DEBUG] Used function to determine Revenue value: 537209000
[EDGAR :: DEBUG] Used function to determine Revenue value: 537209000
[EDGAR :: INFO] Multiple matches found for Interest Expense in report date 09/2023:
[EDGAR :: INFO] Multiple matches found for Interest Expense in report date 09/2023:
[EDGAR :: INFO]   Field: InterestExpense, Value: 219307000, Priority: 0
[EDGAR :: INFO]   Field: InterestExpense, Value: 219307000, Priority: 0
[EDGAR :: INFO]   Field: InterestExpenseDebt, Value: 1274000, Priority: 1
[EDGAR :: INFO]   Field: InterestExpenseDebt, Value: 1274000, Priority: 1
[EDGAR :: INFO] Selected InterestExpense with value 219307000 for Interest Expense
[EDGAR :: INFO] Selected InterestExpense with value 219307000 for Interest Expense
[EDGAR :: DEBUG] Processing report date: 12/2023
[EDGAR :: DEBUG] Processing report date: 12/2023
[EDGAR :: DEBUG] Used function to determine Revenue value: 2122789000
[EDGAR :: DEBUG] Used function to determine Revenue value: 2122789000
[EDGAR :: INFO] Multiple matches found for Interest Expense in report date 12/2023:
[EDGAR :: INFO] Multiple matches found for Interest Expense in report date 12/2023:
[EDGAR :: INFO]   Field: InterestExpense, Value: 789327000, Priority: 0
[EDGAR :: INFO]   Field: InterestExpense, Value: 789327000, Priority: 0
[EDGAR :: INFO]   Field: InterestExpenseDebt, Value: 5100000, Priority: 1
[EDGAR :: INFO]   Field: InterestExpenseDebt, Value: 5100000, Priority: 1
[EDGAR :: INFO] Selected InterestExpense with value 789327000 for Interest Expense
[EDGAR :: INFO] Selected InterestExpense with value 789327000 for Interest Expense
[EDGAR :: DEBUG] Processing report date: 03/2024
[EDGAR :: DEBUG] Processing report date: 03/2024
[EDGAR :: DEBUG] Used function to determine Revenue value: 644995000
[EDGAR :: DEBUG] Used function to determine Revenue value: 644995000
[EDGAR :: INFO] Multiple matches found for Interest Expense in report date 03/2024:
[EDGAR :: INFO] Multiple matches found for Interest Expense in report date 03/2024:
[EDGAR :: INFO]   Field: InterestExpense, Value: 263193000, Priority: 0
[EDGAR :: INFO]   Field: InterestExpense, Value: 263193000, Priority: 0
[EDGAR :: INFO]   Field: InterestExpenseDebt, Value: 1200000, Priority: 1
[EDGAR :: INFO]   Field: InterestExpenseDebt, Value: 1200000, Priority: 1
[EDGAR :: INFO] Selected InterestExpense with value 263193000 for Interest Expense
[EDGAR :: INFO] Selected InterestExpense with value 263193000 for Interest Expense
[EDGAR :: DEBUG] Processing report date: 06/2024
[EDGAR :: DEBUG] Processing report date: 06/2024
[EDGAR :: DEBUG] Used function to determine Revenue value: 598618000
[EDGAR :: DEBUG] Used function to determine Revenue value: 598618000
[EDGAR :: DEBUG] Processing report date: 09/2024
[EDGAR :: DEBUG] Processing report date: 09/2024
[EDGAR :: DEBUG] Used function to determine Revenue value: 697121000
[EDGAR :: DEBUG] Used function to determine Revenue value: 697121000
[EDGAR :: DEBUG] Processing report date: 12/2024
[EDGAR :: DEBUG] Processing report date: 12/2024
[EDGAR :: DEBUG] Used function to determine Revenue value: 2674859000
[EDGAR :: DEBUG] Used function to determine Revenue value: 2674859000
[EDGAR :: INFO] Multiple matches found for Interest Expense in report date 12/2024:
[EDGAR :: INFO] Multiple matches found for Interest Expense in report date 12/2024:
[EDGAR :: INFO]   Field: InterestExpenseDebt, Value: 2700000, Priority: 1
[EDGAR :: INFO]   Field: InterestExpenseDebt, Value: 2700000, Priority: 1
[EDGAR :: INFO]   Field: InterestExpenseDebtExcludingAmortization, Value: 8700000, Priority: 2
[EDGAR :: INFO]   Field: InterestExpenseDebtExcludingAmortization, Value: 8700000, Priority: 2
[EDGAR :: INFO] Selected InterestExpenseDebt with value 2700000 for Interest Expense
[EDGAR :: INFO] Selected InterestExpenseDebt with value 2700000 for Interest Expense
[EDGAR :: INFO] Creating EdgarInstance for msft with start date 2015-03-16
[EDGAR :: INFO] Creating EdgarInstance for msft with start date 2015-03-16
[EDGAR :: INFO] Found CIK: 0000789019
[EDGAR :: INFO] Found CIK: 0000789019
[EDGAR :: INFO] Fetching filings from: https://data.sec.gov/submissions/CIK0000789019.json
[EDGAR :: INFO] Fetching filings from: https://data.sec.gov/submissions/CIK0000789019.json
[EDGAR :: DEBUG] Fetching additional filings from: https://data.sec.gov/submissions/CIK0000789019-submissions-001.json
[EDGAR :: DEBUG] Fetching additional filings from: https://data.sec.gov/submissions/CIK0000789019-submissions-001.json
[EDGAR :: INFO] Fetched 40 10-K and 10-Q filings
[EDGAR :: INFO] Fetched 40 10-K and 10-Q filings
[EDGAR :: INFO] Processing 10-Q filing for 03/2015
[EDGAR :: INFO] Processing 10-Q filing for 03/2015
[EDGAR :: DEBUG] Requesting archive page: https://www.sec.gov/Archives/edgar/data/0000789019/000119312515144151
[EDGAR :: DEBUG] Requesting archive page: https://www.sec.gov/Archives/edgar/data/0000789019/000119312515144151
[EDGAR :: INFO] Processing 10-K filing for 06/2015
[EDGAR :: INFO] Processing 10-K filing for 06/2015
[EDGAR :: DEBUG] Requesting archive page: https://www.sec.gov/Archives/edgar/data/0000789019/000119312515272806
[EDGAR :: DEBUG] Requesting archive page: https://www.sec.gov/Archives/edgar/data/0000789019/000119312515272806
[EDGAR :: INFO] Processing 10-Q filing for 09/2015
[EDGAR :: INFO] Processing 10-Q filing for 09/2015
[EDGAR :: DEBUG] Requesting archive page: https://www.sec.gov/Archives/edgar/data/0000789019/000119312515350718
[EDGAR :: DEBUG] Requesting archive page: https://www.sec.gov/Archives/edgar/data/0000789019/000119312515350718
[EDGAR :: INFO] Processing 10-Q filing for 12/2015
[EDGAR :: INFO] Processing 10-Q filing for 12/2015
[EDGAR :: DEBUG] Requesting archive page: https://www.sec.gov/Archives/edgar/data/0000789019/000119312516441821
[EDGAR :: DEBUG] Requesting archive page: https://www.sec.gov/Archives/edgar/data/0000789019/000119312516441821
[EDGAR :: INFO] Processing 10-Q filing for 03/2016
[EDGAR :: INFO] Processing 10-Q filing for 03/2016
[EDGAR :: DEBUG] Requesting archive page: https://www.sec.gov/Archives/edgar/data/0000789019/000119312516550254
[EDGAR :: DEBUG] Requesting archive page: https://www.sec.gov/Archives/edgar/data/0000789019/000119312516550254
[EDGAR :: INFO] Processing 10-K filing for 06/2016
[EDGAR :: INFO] Processing 10-K filing for 06/2016
[EDGAR :: DEBUG] Requesting archive page: https://www.sec.gov/Archives/edgar/data/0000789019/000119312516662209
[EDGAR :: DEBUG] Requesting archive page: https://www.sec.gov/Archives/edgar/data/0000789019/000119312516662209
[EDGAR :: INFO] Processing 10-Q filing for 09/2016
[EDGAR :: INFO] Processing 10-Q filing for 09/2016
[EDGAR :: DEBUG] Requesting archive page: https://www.sec.gov/Archives/edgar/data/0000789019/000119312516742796
[EDGAR :: DEBUG] Requesting archive page: https://www.sec.gov/Archives/edgar/data/0000789019/000119312516742796
[EDGAR :: INFO] Processing 10-Q filing for 12/2016
[EDGAR :: INFO] Processing 10-Q filing for 12/2016
[EDGAR :: DEBUG] Requesting archive page: https://www.sec.gov/Archives/edgar/data/0000789019/000156459017000654
[EDGAR :: DEBUG] Requesting archive page: https://www.sec.gov/Archives/edgar/data/0000789019/000156459017000654
[EDGAR :: INFO] Processing 10-Q filing for 03/2017
[EDGAR :: INFO] Processing 10-Q filing for 03/2017
[EDGAR :: DEBUG] Requesting archive page: https://www.sec.gov/Archives/edgar/data/0000789019/000156459017007547
[EDGAR :: DEBUG] Requesting archive page: https://www.sec.gov/Archives/edgar/data/0000789019/000156459017007547
[EDGAR :: INFO] Processing 10-K filing for 06/2017
[EDGAR :: INFO] Processing 10-K filing for 06/2017
[EDGAR :: DEBUG] Requesting archive page: https://www.sec.gov/Archives/edgar/data/0000789019/000156459017014900
[EDGAR :: DEBUG] Requesting archive page: https://www.sec.gov/Archives/edgar/data/0000789019/000156459017014900
[EDGAR :: INFO] Processing 10-Q filing for 09/2017
[EDGAR :: INFO] Processing 10-Q filing for 09/2017
[EDGAR :: DEBUG] Requesting archive page: https://www.sec.gov/Archives/edgar/data/0000789019/000156459017020171
[EDGAR :: DEBUG] Requesting archive page: https://www.sec.gov/Archives/edgar/data/0000789019/000156459017020171
[EDGAR :: INFO] Processing 10-Q filing for 12/2017
[EDGAR :: INFO] Processing 10-Q filing for 12/2017
[EDGAR :: DEBUG] Requesting archive page: https://www.sec.gov/Archives/edgar/data/0000789019/000156459018001129
[EDGAR :: DEBUG] Requesting archive page: https://www.sec.gov/Archives/edgar/data/0000789019/000156459018001129
[EDGAR :: INFO] Processing 10-Q filing for 03/2018
[EDGAR :: INFO] Processing 10-Q filing for 03/2018
[EDGAR :: DEBUG] Requesting archive page: https://www.sec.gov/Archives/edgar/data/0000789019/000156459018009307
[EDGAR :: DEBUG] Requesting archive page: https://www.sec.gov/Archives/edgar/data/0000789019/000156459018009307
[EDGAR :: INFO] Processing 10-K filing for 06/2018
[EDGAR :: INFO] Processing 10-K filing for 06/2018
[EDGAR :: DEBUG] Requesting archive page: https://www.sec.gov/Archives/edgar/data/0000789019/000156459018019062
[EDGAR :: DEBUG] Requesting archive page: https://www.sec.gov/Archives/edgar/data/0000789019/000156459018019062
[EDGAR :: INFO] Processing 10-Q filing for 09/2018
[EDGAR :: INFO] Processing 10-Q filing for 09/2018
[EDGAR :: DEBUG] Requesting archive page: https://www.sec.gov/Archives/edgar/data/0000789019/000156459018024893
[EDGAR :: DEBUG] Requesting archive page: https://www.sec.gov/Archives/edgar/data/0000789019/000156459018024893
[EDGAR :: INFO] Processing 10-Q filing for 12/2018
[EDGAR :: INFO] Processing 10-Q filing for 12/2018
[EDGAR :: DEBUG] Requesting archive page: https://www.sec.gov/Archives/edgar/data/0000789019/000156459019001392
[EDGAR :: DEBUG] Requesting archive page: https://www.sec.gov/Archives/edgar/data/0000789019/000156459019001392
[EDGAR :: INFO] Processing 10-Q filing for 03/2019
[EDGAR :: INFO] Processing 10-Q filing for 03/2019
[EDGAR :: DEBUG] Requesting archive page: https://www.sec.gov/Archives/edgar/data/0000789019/000156459019012709
[EDGAR :: DEBUG] Requesting archive page: https://www.sec.gov/Archives/edgar/data/0000789019/000156459019012709
[EDGAR :: INFO] Processing 10-K filing for 06/2019
[EDGAR :: INFO] Processing 10-K filing for 06/2019
[EDGAR :: DEBUG] Requesting archive page: https://www.sec.gov/Archives/edgar/data/0000789019/000156459019027952
[EDGAR :: DEBUG] Requesting archive page: https://www.sec.gov/Archives/edgar/data/0000789019/000156459019027952
[EDGAR :: INFO] Processing 10-Q filing for 09/2019
[EDGAR :: INFO] Processing 10-Q filing for 09/2019
[EDGAR :: DEBUG] Requesting archive page: https://www.sec.gov/Archives/edgar/data/0000789019/000156459019037549
[EDGAR :: DEBUG] Requesting archive page: https://www.sec.gov/Archives/edgar/data/0000789019/000156459019037549
[EDGAR :: INFO] Processing 10-Q filing for 12/2019
[EDGAR :: INFO] Processing 10-Q filing for 12/2019
[EDGAR :: DEBUG] Requesting archive page: https://www.sec.gov/Archives/edgar/data/0000789019/000156459020002450
[EDGAR :: DEBUG] Requesting archive page: https://www.sec.gov/Archives/edgar/data/0000789019/000156459020002450
[EDGAR :: INFO] Processing 10-Q filing for 03/2020
[EDGAR :: INFO] Processing 10-Q filing for 03/2020
[EDGAR :: DEBUG] Requesting archive page: https://www.sec.gov/Archives/edgar/data/0000789019/000156459020019706
[EDGAR :: DEBUG] Requesting archive page: https://www.sec.gov/Archives/edgar/data/0000789019/000156459020019706
[EDGAR :: INFO] Processing 10-K filing for 06/2020
[EDGAR :: INFO] Processing 10-K filing for 06/2020
[EDGAR :: DEBUG] Requesting archive page: https://www.sec.gov/Archives/edgar/data/0000789019/000156459020034944
[EDGAR :: DEBUG] Requesting archive page: https://www.sec.gov/Archives/edgar/data/0000789019/000156459020034944
[EDGAR :: INFO] Processing 10-Q filing for 09/2020
[EDGAR :: INFO] Processing 10-Q filing for 09/2020
[EDGAR :: DEBUG] Requesting archive page: https://www.sec.gov/Archives/edgar/data/0000789019/000156459020047996
[EDGAR :: DEBUG] Requesting archive page: https://www.sec.gov/Archives/edgar/data/0000789019/000156459020047996
[EDGAR :: INFO] Processing 10-Q filing for 12/2020
[EDGAR :: INFO] Processing 10-Q filing for 12/2020
[EDGAR :: DEBUG] Requesting archive page: https://www.sec.gov/Archives/edgar/data/0000789019/000156459021002316
[EDGAR :: DEBUG] Requesting archive page: https://www.sec.gov/Archives/edgar/data/0000789019/000156459021002316
[EDGAR :: INFO] Processing 10-Q filing for 03/2021
[EDGAR :: INFO] Processing 10-Q filing for 03/2021
[EDGAR :: DEBUG] Requesting archive page: https://www.sec.gov/Archives/edgar/data/0000789019/000156459021020891
[EDGAR :: DEBUG] Requesting archive page: https://www.sec.gov/Archives/edgar/data/0000789019/000156459021020891
[EDGAR :: INFO] Processing 10-K filing for 06/2021
[EDGAR :: INFO] Processing 10-K filing for 06/2021
[EDGAR :: DEBUG] Requesting archive page: https://www.sec.gov/Archives/edgar/data/0000789019/000156459021039151
[EDGAR :: DEBUG] Requesting archive page: https://www.sec.gov/Archives/edgar/data/0000789019/000156459021039151
[EDGAR :: INFO] Processing 10-Q filing for 09/2021
[EDGAR :: INFO] Processing 10-Q filing for 09/2021
[EDGAR :: DEBUG] Requesting archive page: https://www.sec.gov/Archives/edgar/data/0000789019/000156459021051992
[EDGAR :: DEBUG] Requesting archive page: https://www.sec.gov/Archives/edgar/data/0000789019/000156459021051992
[EDGAR :: INFO] Processing 10-Q filing for 12/2021
[EDGAR :: INFO] Processing 10-Q filing for 12/2021
[EDGAR :: DEBUG] Requesting archive page: https://www.sec.gov/Archives/edgar/data/0000789019/000156459022002324
[EDGAR :: DEBUG] Requesting archive page: https://www.sec.gov/Archives/edgar/data/0000789019/000156459022002324
[EDGAR :: INFO] Processing 10-Q filing for 03/2022
[EDGAR :: INFO] Processing 10-Q filing for 03/2022
[EDGAR :: DEBUG] Requesting archive page: https://www.sec.gov/Archives/edgar/data/0000789019/000156459022015675
[EDGAR :: DEBUG] Requesting archive page: https://www.sec.gov/Archives/edgar/data/0000789019/000156459022015675
[EDGAR :: INFO] Processing 10-K filing for 06/2022
[EDGAR :: INFO] Processing 10-K filing for 06/2022
[EDGAR :: DEBUG] Requesting archive page: https://www.sec.gov/Archives/edgar/data/0000789019/000156459022026876
[EDGAR :: DEBUG] Requesting archive page: https://www.sec.gov/Archives/edgar/data/0000789019/000156459022026876
[EDGAR :: INFO] Processing 10-Q filing for 09/2022
[EDGAR :: INFO] Processing 10-Q filing for 09/2022
[EDGAR :: DEBUG] Requesting archive page: https://www.sec.gov/Archives/edgar/data/0000789019/000156459022035087
[EDGAR :: DEBUG] Requesting archive page: https://www.sec.gov/Archives/edgar/data/0000789019/000156459022035087
[EDGAR :: INFO] Processing 10-Q filing for 12/2022
[EDGAR :: INFO] Processing 10-Q filing for 12/2022
[EDGAR :: DEBUG] Requesting archive page: https://www.sec.gov/Archives/edgar/data/0000789019/000156459023000733
[EDGAR :: DEBUG] Requesting archive page: https://www.sec.gov/Archives/edgar/data/0000789019/000156459023000733
[EDGAR :: INFO] Processing 10-Q filing for 03/2023
[EDGAR :: INFO] Processing 10-Q filing for 03/2023
[EDGAR :: DEBUG] Requesting archive page: https://www.sec.gov/Archives/edgar/data/0000789019/000095017023014423
[EDGAR :: DEBUG] Requesting archive page: https://www.sec.gov/Archives/edgar/data/0000789019/000095017023014423
[EDGAR :: INFO] Processing 10-K filing for 06/2023
[EDGAR :: INFO] Processing 10-K filing for 06/2023
[EDGAR :: DEBUG] Requesting archive page: https://www.sec.gov/Archives/edgar/data/0000789019/000095017023035122
[EDGAR :: DEBUG] Requesting archive page: https://www.sec.gov/Archives/edgar/data/0000789019/000095017023035122
[EDGAR :: INFO] Processing 10-Q filing for 09/2023
[EDGAR :: INFO] Processing 10-Q filing for 09/2023
[EDGAR :: DEBUG] Requesting archive page: https://www.sec.gov/Archives/edgar/data/0000789019/000095017023054855
[EDGAR :: DEBUG] Requesting archive page: https://www.sec.gov/Archives/edgar/data/0000789019/000095017023054855
[EDGAR :: INFO] Processing 10-Q filing for 12/2023
[EDGAR :: INFO] Processing 10-Q filing for 12/2023
[EDGAR :: DEBUG] Requesting archive page: https://www.sec.gov/Archives/edgar/data/0000789019/000095017024008814
[EDGAR :: DEBUG] Requesting archive page: https://www.sec.gov/Archives/edgar/data/0000789019/000095017024008814
[EDGAR :: INFO] Processing 10-Q filing for 03/2024
[EDGAR :: INFO] Processing 10-Q filing for 03/2024
[EDGAR :: DEBUG] Requesting archive page: https://www.sec.gov/Archives/edgar/data/0000789019/000095017024048288
[EDGAR :: DEBUG] Requesting archive page: https://www.sec.gov/Archives/edgar/data/0000789019/000095017024048288
[EDGAR :: INFO] Processing 10-K filing for 06/2024
[EDGAR :: INFO] Processing 10-K filing for 06/2024
[EDGAR :: DEBUG] Requesting archive page: https://www.sec.gov/Archives/edgar/data/0000789019/000095017024087843
[EDGAR :: DEBUG] Requesting archive page: https://www.sec.gov/Archives/edgar/data/0000789019/000095017024087843
[EDGAR :: INFO] Processing 10-Q filing for 09/2024
[EDGAR :: INFO] Processing 10-Q filing for 09/2024
[EDGAR :: DEBUG] Requesting archive page: https://www.sec.gov/Archives/edgar/data/0000789019/000095017024118967
[EDGAR :: DEBUG] Requesting archive page: https://www.sec.gov/Archives/edgar/data/0000789019/000095017024118967
[EDGAR :: INFO] Processing 10-Q filing for 12/2024
[EDGAR :: INFO] Processing 10-Q filing for 12/2024
[EDGAR :: DEBUG] Requesting archive page: https://www.sec.gov/Archives/edgar/data/0000789019/000095017025010491
[EDGAR :: DEBUG] Requesting archive page: https://www.sec.gov/Archives/edgar/data/0000789019/000095017025010491
[EDGAR :: INFO] Populating schema with 25 financial metrics
[EDGAR :: INFO] Populating schema with 25 financial metrics
[EDGAR :: DEBUG] Processing report date: 03/2015
[EDGAR :: DEBUG] Processing report date: 03/2015
[EDGAR :: DEBUG] Used function to determine Revenue value: 21729000000
[EDGAR :: DEBUG] Used function to determine Revenue value: 21729000000
[EDGAR :: INFO] Multiple matches found for Gross Profit in report date 03/2015:
[EDGAR :: INFO] Multiple matches found for Gross Profit in report date 03/2015:
[EDGAR :: INFO]   Field: GrossProfit, Value: 14568000000, Priority: 0
[EDGAR :: INFO]   Field: GrossProfit, Value: 14568000000, Priority: 0
[EDGAR :: INFO]   Field: CostOfRevenue, Value: 7161000000, Priority: 1
[EDGAR :: INFO]   Field: CostOfRevenue, Value: 7161000000, Priority: 1
[EDGAR :: INFO] Selected GrossProfit with value 14568000000 for Gross Profit
[EDGAR :: INFO] Selected GrossProfit with value 14568000000 for Gross Profit
[EDGAR :: DEBUG] Processing report date: 06/2015
[EDGAR :: DEBUG] Processing report date: 06/2015
[EDGAR :: DEBUG] Used function to determine Revenue value: 93580000000
[EDGAR :: DEBUG] Used function to determine Revenue value: 93580000000
[EDGAR :: INFO] Multiple matches found for Gross Profit in report date 06/2015:
[EDGAR :: INFO] Multiple matches found for Gross Profit in report date 06/2015:
[EDGAR :: INFO]   Field: GrossProfit, Value: 60542000000, Priority: 0
[EDGAR :: INFO]   Field: GrossProfit, Value: 60542000000, Priority: 0
[EDGAR :: INFO]   Field: CostOfRevenue, Value: 33038000000, Priority: 1
[EDGAR :: INFO]   Field: CostOfRevenue, Value: 33038000000, Priority: 1
[EDGAR :: INFO] Selected GrossProfit with value 60542000000 for Gross Profit
[EDGAR :: INFO] Selected GrossProfit with value 60542000000 for Gross Profit
[EDGAR :: DEBUG] Processing report date: 09/2015
[EDGAR :: DEBUG] Processing report date: 09/2015
[EDGAR :: DEBUG] Used function to determine Revenue value: 20379000000
[EDGAR :: DEBUG] Used function to determine Revenue value: 20379000000
[EDGAR :: INFO] Multiple matches found for Gross Profit in report date 09/2015:
[EDGAR :: INFO] Multiple matches found for Gross Profit in report date 09/2015:
[EDGAR :: INFO]   Field: GrossProfit, Value: 13172000000, Priority: 0
[EDGAR :: INFO]   Field: GrossProfit, Value: 13172000000, Priority: 0
[EDGAR :: INFO]   Field: CostOfRevenue, Value: 7207000000, Priority: 1
[EDGAR :: INFO]   Field: CostOfRevenue, Value: 7207000000, Priority: 1
[EDGAR :: INFO] Selected GrossProfit with value 13172000000 for Gross Profit
[EDGAR :: INFO] Selected GrossProfit with value 13172000000 for Gross Profit
[EDGAR :: DEBUG] Processing report date: 12/2015
[EDGAR :: DEBUG] Processing report date: 12/2015
[EDGAR :: DEBUG] Used function to determine Revenue value: 23796000000
[EDGAR :: DEBUG] Used function to determine Revenue value: 23796000000
[EDGAR :: INFO] Multiple matches found for Gross Profit in report date 12/2015:
[EDGAR :: INFO] Multiple matches found for Gross Profit in report date 12/2015:
[EDGAR :: INFO]   Field: GrossProfit, Value: 13924000000, Priority: 0
[EDGAR :: INFO]   Field: GrossProfit, Value: 13924000000, Priority: 0
[EDGAR :: INFO]   Field: CostOfRevenue, Value: 9872000000, Priority: 1
[EDGAR :: INFO]   Field: CostOfRevenue, Value: 9872000000, Priority: 1
[EDGAR :: INFO] Selected GrossProfit with value 13924000000 for Gross Profit
[EDGAR :: INFO] Selected GrossProfit with value 13924000000 for Gross Profit
[EDGAR :: DEBUG] Processing report date: 03/2016
[EDGAR :: DEBUG] Processing report date: 03/2016
[EDGAR :: DEBUG] Used function to determine Revenue value: 20531000000
[EDGAR :: DEBUG] Used function to determine Revenue value: 20531000000
[EDGAR :: INFO] Multiple matches found for Gross Profit in report date 03/2016:
[EDGAR :: INFO] Multiple matches found for Gross Profit in report date 03/2016:
[EDGAR :: INFO]   Field: GrossProfit, Value: 12809000000, Priority: 0
[EDGAR :: INFO]   Field: GrossProfit, Value: 12809000000, Priority: 0
[EDGAR :: INFO]   Field: CostOfRevenue, Value: 7722000000, Priority: 1
[EDGAR :: INFO]   Field: CostOfRevenue, Value: 7722000000, Priority: 1
[EDGAR :: INFO] Selected GrossProfit with value 12809000000 for Gross Profit
[EDGAR :: INFO] Selected GrossProfit with value 12809000000 for Gross Profit
[EDGAR :: DEBUG] Processing report date: 06/2016
[EDGAR :: DEBUG] Processing report date: 06/2016
[EDGAR :: DEBUG] Used function to determine Revenue value: 85320000000
[EDGAR :: DEBUG] Used function to determine Revenue value: 85320000000
[EDGAR :: INFO] Multiple matches found for Gross Profit in report date 06/2016:
[EDGAR :: INFO] Multiple matches found for Gross Profit in report date 06/2016:
[EDGAR :: INFO]   Field: GrossProfit, Value: 52540000000, Priority: 0
[EDGAR :: INFO]   Field: GrossProfit, Value: 52540000000, Priority: 0
[EDGAR :: INFO]   Field: CostOfRevenue, Value: 32780000000, Priority: 1
[EDGAR :: INFO]   Field: CostOfRevenue, Value: 32780000000, Priority: 1
[EDGAR :: INFO] Selected GrossProfit with value 52540000000 for Gross Profit
[EDGAR :: INFO] Selected GrossProfit with value 52540000000 for Gross Profit
[EDGAR :: DEBUG] Processing report date: 09/2016
[EDGAR :: DEBUG] Processing report date: 09/2016
[EDGAR :: DEBUG] Used function to determine Revenue value: 20453000000
[EDGAR :: DEBUG] Used function to determine Revenue value: 20453000000
[EDGAR :: INFO] Multiple matches found for Gross Profit in report date 09/2016:
[EDGAR :: INFO] Multiple matches found for Gross Profit in report date 09/2016:
[EDGAR :: INFO]   Field: GrossProfit, Value: 12609000000, Priority: 0
[EDGAR :: INFO]   Field: GrossProfit, Value: 12609000000, Priority: 0
[EDGAR :: INFO]   Field: CostOfRevenue, Value: 7844000000, Priority: 1
[EDGAR :: INFO]   Field: CostOfRevenue, Value: 7844000000, Priority: 1
[EDGAR :: INFO] Selected GrossProfit with value 12609000000 for Gross Profit
[EDGAR :: INFO] Selected GrossProfit with value 12609000000 for Gross Profit
[EDGAR :: DEBUG] Processing report date: 12/2016
[EDGAR :: DEBUG] Processing report date: 12/2016
[EDGAR :: DEBUG] Used function to determine Revenue value: 24090000000
[EDGAR :: DEBUG] Used function to determine Revenue value: 24090000000
[EDGAR :: INFO] Multiple matches found for Gross Profit in report date 12/2016:
[EDGAR :: INFO] Multiple matches found for Gross Profit in report date 12/2016:
[EDGAR :: INFO]   Field: GrossProfit, Value: 14189000000, Priority: 0
[EDGAR :: INFO]   Field: GrossProfit, Value: 14189000000, Priority: 0
[EDGAR :: INFO]   Field: CostOfRevenue, Value: 9901000000, Priority: 1
[EDGAR :: INFO]   Field: CostOfRevenue, Value: 9901000000, Priority: 1
[EDGAR :: INFO] Selected GrossProfit with value 14189000000 for Gross Profit
[EDGAR :: INFO] Selected GrossProfit with value 14189000000 for Gross Profit
[EDGAR :: DEBUG] Processing report date: 03/2017
[EDGAR :: DEBUG] Processing report date: 03/2017
[EDGAR :: DEBUG] Used function to determine Revenue value: 22090000000
[EDGAR :: DEBUG] Used function to determine Revenue value: 22090000000
[EDGAR :: INFO] Multiple matches found for Gross Profit in report date 03/2017:
[EDGAR :: INFO] Multiple matches found for Gross Profit in report date 03/2017:
[EDGAR :: INFO]   Field: GrossProfit, Value: 14030000000, Priority: 0
[EDGAR :: INFO]   Field: GrossProfit, Value: 14030000000, Priority: 0
[EDGAR :: INFO]   Field: CostOfRevenue, Value: 8060000000, Priority: 1
[EDGAR :: INFO]   Field: CostOfRevenue, Value: 8060000000, Priority: 1
[EDGAR :: INFO] Selected GrossProfit with value 14030000000 for Gross Profit
[EDGAR :: INFO] Selected GrossProfit with value 14030000000 for Gross Profit
[EDGAR :: DEBUG] Processing report date: 06/2017
[EDGAR :: DEBUG] Processing report date: 06/2017
[EDGAR :: DEBUG] Used function to determine Revenue value: 89950000000
[EDGAR :: DEBUG] Used function to determine Revenue value: 89950000000
[EDGAR :: INFO] Multiple matches found for Gross Profit in report date 06/2017:
[EDGAR :: INFO] Multiple matches found for Gross Profit in report date 06/2017:
[EDGAR :: INFO]   Field: GrossProfit, Value: 55689000000, Priority: 0
[EDGAR :: INFO]   Field: GrossProfit, Value: 55689000000, Priority: 0
[EDGAR :: INFO]   Field: CostOfRevenue, Value: 34261000000, Priority: 1
[EDGAR :: INFO]   Field: CostOfRevenue, Value: 34261000000, Priority: 1
[EDGAR :: INFO] Selected GrossProfit with value 55689000000 for Gross Profit
[EDGAR :: INFO] Selected GrossProfit with value 55689000000 for Gross Profit
[EDGAR :: DEBUG] Processing report date: 09/2017
[EDGAR :: DEBUG] Processing report date: 09/2017
[EDGAR :: DEBUG] Used function to determine Revenue value: 24538000000
[EDGAR :: DEBUG] Used function to determine Revenue value: 24538000000
[EDGAR :: INFO] Multiple matches found for Gross Profit in report date 09/2017:
[EDGAR :: INFO] Multiple matches found for Gross Profit in report date 09/2017:
[EDGAR :: INFO]   Field: GrossProfit, Value: 16260000000, Priority: 0
[EDGAR :: INFO]   Field: GrossProfit, Value: 16260000000, Priority: 0
[EDGAR :: INFO]   Field: CostOfRevenue, Value: 8278000000, Priority: 1
[EDGAR :: INFO]   Field: CostOfRevenue, Value: 8278000000, Priority: 1
[EDGAR :: INFO] Selected GrossProfit with value 16260000000 for Gross Profit
[EDGAR :: INFO] Selected GrossProfit with value 16260000000 for Gross Profit
[EDGAR :: DEBUG] Processing report date: 12/2017
[EDGAR :: DEBUG] Processing report date: 12/2017
[EDGAR :: DEBUG] Used function to determine Revenue value: 28918000000
[EDGAR :: DEBUG] Used function to determine Revenue value: 28918000000
[EDGAR :: INFO] Multiple matches found for Gross Profit in report date 12/2017:
[EDGAR :: INFO] Multiple matches found for Gross Profit in report date 12/2017:
[EDGAR :: INFO]   Field: GrossProfit, Value: 17854000000, Priority: 0
[EDGAR :: INFO]   Field: GrossProfit, Value: 17854000000, Priority: 0
[EDGAR :: INFO]   Field: CostOfRevenue, Value: 11064000000, Priority: 1
[EDGAR :: INFO]   Field: CostOfRevenue, Value: 11064000000, Priority: 1
[EDGAR :: INFO] Selected GrossProfit with value 17854000000 for Gross Profit
[EDGAR :: INFO] Selected GrossProfit with value 17854000000 for Gross Profit
[EDGAR :: DEBUG] Processing report date: 03/2018
[EDGAR :: DEBUG] Processing report date: 03/2018
[EDGAR :: DEBUG] Used function to determine Revenue value: 26819000000
[EDGAR :: DEBUG] Used function to determine Revenue value: 26819000000
[EDGAR :: INFO] Multiple matches found for Gross Profit in report date 03/2018:
[EDGAR :: INFO] Multiple matches found for Gross Profit in report date 03/2018:
[EDGAR :: INFO]   Field: GrossProfit, Value: 17550000000, Priority: 0
[EDGAR :: INFO]   Field: GrossProfit, Value: 17550000000, Priority: 0
[EDGAR :: INFO]   Field: CostOfRevenue, Value: 9269000000, Priority: 1
[EDGAR :: INFO]   Field: CostOfRevenue, Value: 9269000000, Priority: 1
[EDGAR :: INFO] Selected GrossProfit with value 17550000000 for Gross Profit
[EDGAR :: INFO] Selected GrossProfit with value 17550000000 for Gross Profit
[EDGAR :: DEBUG] Processing report date: 06/2018
[EDGAR :: DEBUG] Processing report date: 06/2018
[EDGAR :: DEBUG] Used function to determine Revenue value: 64497000000
[EDGAR :: DEBUG] Used function to determine Revenue value: 64497000000
[EDGAR :: INFO] Multiple matches found for Gross Profit in report date 06/2018:
[EDGAR :: INFO] Multiple matches found for Gross Profit in report date 06/2018:
[EDGAR :: INFO]   Field: GrossProfit, Value: 72007000000, Priority: 0
[EDGAR :: INFO]   Field: GrossProfit, Value: 72007000000, Priority: 0
[EDGAR :: INFO]   Field: CostOfGoodsAndServicesSold, Value: 15420000000, Priority: 2
[EDGAR :: INFO]   Field: CostOfGoodsAndServicesSold, Value: 15420000000, Priority: 2
[EDGAR :: INFO] Selected GrossProfit with value 72007000000 for Gross Profit
[EDGAR :: INFO] Selected GrossProfit with value 72007000000 for Gross Profit
[EDGAR :: DEBUG] Processing report date: 09/2018
[EDGAR :: DEBUG] Processing report date: 09/2018
[EDGAR :: DEBUG] Used function to determine Revenue value: 17299000000
[EDGAR :: DEBUG] Used function to determine Revenue value: 17299000000
[EDGAR :: INFO] Multiple matches found for Gross Profit in report date 09/2018:
[EDGAR :: INFO] Multiple matches found for Gross Profit in report date 09/2018:
[EDGAR :: INFO]   Field: GrossProfit, Value: 19179000000, Priority: 0
[EDGAR :: INFO]   Field: GrossProfit, Value: 19179000000, Priority: 0
[EDGAR :: INFO]   Field: CostOfGoodsAndServicesSold, Value: 3649000000, Priority: 2
[EDGAR :: INFO]   Field: CostOfGoodsAndServicesSold, Value: 3649000000, Priority: 2
[EDGAR :: INFO] Selected GrossProfit with value 19179000000 for Gross Profit
[EDGAR :: INFO] Selected GrossProfit with value 19179000000 for Gross Profit
[EDGAR :: DEBUG] Processing report date: 12/2018
[EDGAR :: DEBUG] Processing report date: 12/2018
[EDGAR :: DEBUG] Used function to determine Revenue value: 16219000000
[EDGAR :: DEBUG] Used function to determine Revenue value: 16219000000
[EDGAR :: INFO] Multiple matches found for Gross Profit in report date 12/2018:
[EDGAR :: INFO] Multiple matches found for Gross Profit in report date 12/2018:
[EDGAR :: INFO]   Field: GrossProfit, Value: 20048000000, Priority: 0
[EDGAR :: INFO]   Field: GrossProfit, Value: 20048000000, Priority: 0
[EDGAR :: INFO]   Field: CostOfGoodsAndServicesSold, Value: 5885000000, Priority: 2
[EDGAR :: INFO]   Field: CostOfGoodsAndServicesSold, Value: 5885000000, Priority: 2
[EDGAR :: INFO] Selected GrossProfit with value 20048000000 for Gross Profit
[EDGAR :: INFO] Selected GrossProfit with value 20048000000 for Gross Profit
[EDGAR :: DEBUG] Processing report date: 03/2019
[EDGAR :: DEBUG] Processing report date: 03/2019
[EDGAR :: DEBUG] Used function to determine Revenue value: 15448000000
[EDGAR :: DEBUG] Used function to determine Revenue value: 15448000000
[EDGAR :: INFO] Multiple matches found for Gross Profit in report date 03/2019:
[EDGAR :: INFO] Multiple matches found for Gross Profit in report date 03/2019:
[EDGAR :: INFO]   Field: GrossProfit, Value: 20401000000, Priority: 0
[EDGAR :: INFO]   Field: GrossProfit, Value: 20401000000, Priority: 0
[EDGAR :: INFO]   Field: CostOfGoodsAndServicesSold, Value: 3441000000, Priority: 2
[EDGAR :: INFO]   Field: CostOfGoodsAndServicesSold, Value: 3441000000, Priority: 2
[EDGAR :: INFO] Selected GrossProfit with value 20401000000 for Gross Profit
[EDGAR :: INFO] Selected GrossProfit with value 20401000000 for Gross Profit
[EDGAR :: DEBUG] Processing report date: 06/2019
[EDGAR :: DEBUG] Processing report date: 06/2019
[EDGAR :: DEBUG] Used function to determine Revenue value: 66069000000
[EDGAR :: DEBUG] Used function to determine Revenue value: 66069000000
[EDGAR :: INFO] Multiple matches found for Gross Profit in report date 06/2019:
[EDGAR :: INFO] Multiple matches found for Gross Profit in report date 06/2019:
[EDGAR :: INFO]   Field: GrossProfit, Value: 82933000000, Priority: 0
[EDGAR :: INFO]   Field: GrossProfit, Value: 82933000000, Priority: 0
[EDGAR :: INFO]   Field: CostOfGoodsAndServicesSold, Value: 16273000000, Priority: 2
[EDGAR :: INFO]   Field: CostOfGoodsAndServicesSold, Value: 16273000000, Priority: 2
[EDGAR :: INFO] Selected GrossProfit with value 82933000000 for Gross Profit
[EDGAR :: INFO] Selected GrossProfit with value 82933000000 for Gross Profit
[EDGAR :: DEBUG] Processing report date: 09/2019
[EDGAR :: DEBUG] Processing report date: 09/2019
[EDGAR :: DEBUG] Used function to determine Revenue value: 15768000000
[EDGAR :: DEBUG] Used function to determine Revenue value: 15768000000
[EDGAR :: INFO] Multiple matches found for Gross Profit in report date 09/2019:
[EDGAR :: INFO] Multiple matches found for Gross Profit in report date 09/2019:
[EDGAR :: INFO]   Field: GrossProfit, Value: 22649000000, Priority: 0
[EDGAR :: INFO]   Field: GrossProfit, Value: 22649000000, Priority: 0
[EDGAR :: INFO]   Field: CostOfGoodsAndServicesSold, Value: 3305000000, Priority: 2
[EDGAR :: INFO]   Field: CostOfGoodsAndServicesSold, Value: 3305000000, Priority: 2
[EDGAR :: INFO] Selected GrossProfit with value 22649000000 for Gross Profit
[EDGAR :: INFO] Selected GrossProfit with value 22649000000 for Gross Profit
[EDGAR :: DEBUG] Processing report date: 12/2019
[EDGAR :: DEBUG] Processing report date: 12/2019
[EDGAR :: DEBUG] Used function to determine Revenue value: 18255000000
[EDGAR :: DEBUG] Used function to determine Revenue value: 18255000000
[EDGAR :: INFO] Multiple matches found for Gross Profit in report date 12/2019:
[EDGAR :: INFO] Multiple matches found for Gross Profit in report date 12/2019:
[EDGAR :: INFO]   Field: GrossProfit, Value: 24548000000, Priority: 0
[EDGAR :: INFO]   Field: GrossProfit, Value: 24548000000, Priority: 0
[EDGAR :: INFO]   Field: CostOfGoodsAndServicesSold, Value: 4966000000, Priority: 2
[EDGAR :: INFO]   Field: CostOfGoodsAndServicesSold, Value: 4966000000, Priority: 2
[EDGAR :: INFO] Selected GrossProfit with value 24548000000 for Gross Profit
[EDGAR :: INFO] Selected GrossProfit with value 24548000000 for Gross Profit
[EDGAR :: DEBUG] Processing report date: 03/2020
[EDGAR :: DEBUG] Processing report date: 03/2020
[EDGAR :: DEBUG] Used function to determine Revenue value: 15871000000
[EDGAR :: DEBUG] Used function to determine Revenue value: 15871000000
[EDGAR :: INFO] Multiple matches found for Gross Profit in report date 03/2020:
[EDGAR :: INFO] Multiple matches found for Gross Profit in report date 03/2020:
[EDGAR :: INFO]   Field: GrossProfit, Value: 24046000000, Priority: 0
[EDGAR :: INFO]   Field: GrossProfit, Value: 24046000000, Priority: 0
[EDGAR :: INFO]   Field: CostOfGoodsAndServicesSold, Value: 3376000000, Priority: 2
[EDGAR :: INFO]   Field: CostOfGoodsAndServicesSold, Value: 3376000000, Priority: 2
[EDGAR :: INFO] Selected GrossProfit with value 24046000000 for Gross Profit
[EDGAR :: INFO] Selected GrossProfit with value 24046000000 for Gross Profit
[EDGAR :: DEBUG] Processing report date: 06/2020
[EDGAR :: DEBUG] Processing report date: 06/2020
[EDGAR :: DEBUG] Used function to determine Revenue value: 68041000000
[EDGAR :: DEBUG] Used function to determine Revenue value: 68041000000
[EDGAR :: INFO] Multiple matches found for Gross Profit in report date 06/2020:
[EDGAR :: INFO] Multiple matches found for Gross Profit in report date 06/2020:
[EDGAR :: INFO]   Field: GrossProfit, Value: 96937000000, Priority: 0
[EDGAR :: INFO]   Field: GrossProfit, Value: 96937000000, Priority: 0
[EDGAR :: INFO]   Field: CostOfGoodsAndServicesSold, Value: 16017000000, Priority: 2
[EDGAR :: INFO]   Field: CostOfGoodsAndServicesSold, Value: 16017000000, Priority: 2
[EDGAR :: INFO] Selected GrossProfit with value 96937000000 for Gross Profit
[EDGAR :: INFO] Selected GrossProfit with value 96937000000 for Gross Profit
[EDGAR :: DEBUG] Processing report date: 09/2020
[EDGAR :: DEBUG] Processing report date: 09/2020
[EDGAR :: DEBUG] Used function to determine Revenue value: 15803000000
[EDGAR :: DEBUG] Used function to determine Revenue value: 15803000000
[EDGAR :: INFO] Multiple matches found for Gross Profit in report date 09/2020:
[EDGAR :: INFO] Multiple matches found for Gross Profit in report date 09/2020:
[EDGAR :: INFO]   Field: GrossProfit, Value: 26152000000, Priority: 0
[EDGAR :: INFO]   Field: GrossProfit, Value: 26152000000, Priority: 0
[EDGAR :: INFO]   Field: CostOfGoodsAndServicesSold, Value: 3597000000, Priority: 2
[EDGAR :: INFO]   Field: CostOfGoodsAndServicesSold, Value: 3597000000, Priority: 2
[EDGAR :: INFO] Selected GrossProfit with value 26152000000 for Gross Profit
[EDGAR :: INFO] Selected GrossProfit with value 26152000000 for Gross Profit
[EDGAR :: DEBUG] Processing report date: 12/2020
[EDGAR :: DEBUG] Processing report date: 12/2020
[EDGAR :: DEBUG] Used function to determine Revenue value: 19460000000
[EDGAR :: DEBUG] Used function to determine Revenue value: 19460000000
[EDGAR :: INFO] Multiple matches found for Gross Profit in report date 12/2020:
[EDGAR :: INFO] Multiple matches found for Gross Profit in report date 12/2020:
[EDGAR :: INFO]   Field: GrossProfit, Value: 28882000000, Priority: 0
[EDGAR :: INFO]   Field: GrossProfit, Value: 28882000000, Priority: 0
[EDGAR :: INFO]   Field: CostOfGoodsAndServicesSold, Value: 6058000000, Priority: 2
[EDGAR :: INFO]   Field: CostOfGoodsAndServicesSold, Value: 6058000000, Priority: 2
[EDGAR :: INFO] Selected GrossProfit with value 28882000000 for Gross Profit
[EDGAR :: INFO] Selected GrossProfit with value 28882000000 for Gross Profit
[EDGAR :: DEBUG] Processing report date: 03/2021
[EDGAR :: DEBUG] Processing report date: 03/2021
[EDGAR :: DEBUG] Used function to determine Revenue value: 16873000000
[EDGAR :: DEBUG] Used function to determine Revenue value: 16873000000
[EDGAR :: INFO] Multiple matches found for Gross Profit in report date 03/2021:
[EDGAR :: INFO] Multiple matches found for Gross Profit in report date 03/2021:
[EDGAR :: INFO]   Field: GrossProfit, Value: 28661000000, Priority: 0
[EDGAR :: INFO]   Field: GrossProfit, Value: 28661000000, Priority: 0
[EDGAR :: INFO]   Field: CostOfGoodsAndServicesSold, Value: 4277000000, Priority: 2
[EDGAR :: INFO]   Field: CostOfGoodsAndServicesSold, Value: 4277000000, Priority: 2
[EDGAR :: INFO] Selected GrossProfit with value 28661000000 for Gross Profit
[EDGAR :: INFO] Selected GrossProfit with value 28661000000 for Gross Profit
[EDGAR :: DEBUG] Processing report date: 06/2021
[EDGAR :: DEBUG] Processing report date: 06/2021
[EDGAR :: DEBUG] Used function to determine Revenue value: 71074000000
[EDGAR :: DEBUG] Used function to determine Revenue value: 71074000000
[EDGAR :: INFO] Multiple matches found for Gross Profit in report date 06/2021:
[EDGAR :: INFO] Multiple matches found for Gross Profit in report date 06/2021:
[EDGAR :: INFO]   Field: GrossProfit, Value: 115856000000, Priority: 0
[EDGAR :: INFO]   Field: GrossProfit, Value: 115856000000, Priority: 0
[EDGAR :: INFO]   Field: CostOfGoodsAndServicesSold, Value: 18219000000, Priority: 2
[EDGAR :: INFO]   Field: CostOfGoodsAndServicesSold, Value: 18219000000, Priority: 2
[EDGAR :: INFO] Selected GrossProfit with value 115856000000 for Gross Profit
[EDGAR :: INFO] Selected GrossProfit with value 115856000000 for Gross Profit
[EDGAR :: DEBUG] Processing report date: 09/2021
[EDGAR :: DEBUG] Processing report date: 09/2021
[EDGAR :: DEBUG] Used function to determine Revenue value: 16631000000
[EDGAR :: DEBUG] Used function to determine Revenue value: 16631000000
[EDGAR :: INFO] Multiple matches found for Gross Profit in report date 09/2021:
[EDGAR :: INFO] Multiple matches found for Gross Profit in report date 09/2021:
[EDGAR :: INFO]   Field: GrossProfit, Value: 31671000000, Priority: 0
[EDGAR :: INFO]   Field: GrossProfit, Value: 31671000000, Priority: 0
[EDGAR :: INFO]   Field: CostOfGoodsAndServicesSold, Value: 3792000000, Priority: 2
[EDGAR :: INFO]   Field: CostOfGoodsAndServicesSold, Value: 3792000000, Priority: 2
[EDGAR :: INFO] Selected GrossProfit with value 31671000000 for Gross Profit
[EDGAR :: INFO] Selected GrossProfit with value 31671000000 for Gross Profit
[EDGAR :: DEBUG] Processing report date: 12/2021
[EDGAR :: DEBUG] Processing report date: 12/2021
[EDGAR :: DEBUG] Used function to determine Revenue value: 20779000000
[EDGAR :: DEBUG] Used function to determine Revenue value: 20779000000
[EDGAR :: INFO] Multiple matches found for Gross Profit in report date 12/2021:
[EDGAR :: INFO] Multiple matches found for Gross Profit in report date 12/2021:
[EDGAR :: INFO]   Field: GrossProfit, Value: 34768000000, Priority: 0
[EDGAR :: INFO]   Field: GrossProfit, Value: 34768000000, Priority: 0
[EDGAR :: INFO]   Field: CostOfGoodsAndServicesSold, Value: 6331000000, Priority: 2
[EDGAR :: INFO]   Field: CostOfGoodsAndServicesSold, Value: 6331000000, Priority: 2
[EDGAR :: INFO] Selected GrossProfit with value 34768000000 for Gross Profit
[EDGAR :: INFO] Selected GrossProfit with value 34768000000 for Gross Profit
[EDGAR :: DEBUG] Processing report date: 03/2022
[EDGAR :: DEBUG] Processing report date: 03/2022
[EDGAR :: DEBUG] Used function to determine Revenue value: 17366000000
[EDGAR :: DEBUG] Used function to determine Revenue value: 17366000000
[EDGAR :: INFO] Multiple matches found for Gross Profit in report date 03/2022:
[EDGAR :: INFO] Multiple matches found for Gross Profit in report date 03/2022:
[EDGAR :: INFO]   Field: GrossProfit, Value: 33745000000, Priority: 0
[EDGAR :: INFO]   Field: GrossProfit, Value: 33745000000, Priority: 0
[EDGAR :: INFO]   Field: CostOfGoodsAndServicesSold, Value: 4584000000, Priority: 2
[EDGAR :: INFO]   Field: CostOfGoodsAndServicesSold, Value: 4584000000, Priority: 2
[EDGAR :: INFO] Selected GrossProfit with value 33745000000 for Gross Profit
[EDGAR :: INFO] Selected GrossProfit with value 33745000000 for Gross Profit
[EDGAR :: DEBUG] Processing report date: 06/2022
[EDGAR :: DEBUG] Processing report date: 06/2022
[EDGAR :: DEBUG] Used function to determine Revenue value: 72732000000
[EDGAR :: DEBUG] Used function to determine Revenue value: 72732000000
[EDGAR :: INFO] Multiple matches found for Gross Profit in report date 06/2022:
[EDGAR :: INFO] Multiple matches found for Gross Profit in report date 06/2022:
[EDGAR :: INFO]   Field: GrossProfit, Value: 135620000000, Priority: 0
[EDGAR :: INFO]   Field: GrossProfit, Value: 135620000000, Priority: 0
[EDGAR :: INFO]   Field: CostOfGoodsAndServicesSold, Value: 19064000000, Priority: 2
[EDGAR :: INFO]   Field: CostOfGoodsAndServicesSold, Value: 19064000000, Priority: 2
[EDGAR :: INFO] Selected GrossProfit with value 135620000000 for Gross Profit
[EDGAR :: INFO] Selected GrossProfit with value 135620000000 for Gross Profit
[EDGAR :: DEBUG] Processing report date: 09/2022
[EDGAR :: DEBUG] Processing report date: 09/2022
[EDGAR :: DEBUG] Used function to determine Revenue value: 15741000000
[EDGAR :: DEBUG] Used function to determine Revenue value: 15741000000
[EDGAR :: INFO] Multiple matches found for Gross Profit in report date 09/2022:
[EDGAR :: INFO] Multiple matches found for Gross Profit in report date 09/2022:
[EDGAR :: INFO]   Field: GrossProfit, Value: 34670000000, Priority: 0
[EDGAR :: INFO]   Field: GrossProfit, Value: 34670000000, Priority: 0
[EDGAR :: INFO]   Field: CostOfGoodsAndServicesSold, Value: 4302000000, Priority: 2
[EDGAR :: INFO]   Field: CostOfGoodsAndServicesSold, Value: 4302000000, Priority: 2
[EDGAR :: INFO] Selected GrossProfit with value 34670000000 for Gross Profit
[EDGAR :: INFO] Selected GrossProfit with value 34670000000 for Gross Profit
[EDGAR :: DEBUG] Processing report date: 12/2022
[EDGAR :: DEBUG] Processing report date: 12/2022
[EDGAR :: DEBUG] Used function to determine Revenue value: 16517000000
[EDGAR :: DEBUG] Used function to determine Revenue value: 16517000000
[EDGAR :: INFO] Multiple matches found for Gross Profit in report date 12/2022:
[EDGAR :: INFO] Multiple matches found for Gross Profit in report date 12/2022:
[EDGAR :: INFO]   Field: GrossProfit, Value: 35259000000, Priority: 0
[EDGAR :: INFO]   Field: GrossProfit, Value: 35259000000, Priority: 0
[EDGAR :: INFO]   Field: CostOfGoodsAndServicesSold, Value: 5690000000, Priority: 2
[EDGAR :: INFO]   Field: CostOfGoodsAndServicesSold, Value: 5690000000, Priority: 2
[EDGAR :: INFO] Selected GrossProfit with value 35259000000 for Gross Profit
[EDGAR :: INFO] Selected GrossProfit with value 35259000000 for Gross Profit
[EDGAR :: DEBUG] Processing report date: 03/2023
[EDGAR :: DEBUG] Processing report date: 03/2023
[EDGAR :: DEBUG] Used function to determine Revenue value: 15588000000
[EDGAR :: DEBUG] Used function to determine Revenue value: 15588000000
[EDGAR :: INFO] Multiple matches found for Gross Profit in report date 03/2023:
[EDGAR :: INFO] Multiple matches found for Gross Profit in report date 03/2023:
[EDGAR :: INFO]   Field: GrossProfit, Value: 36729000000, Priority: 0
[EDGAR :: INFO]   Field: GrossProfit, Value: 36729000000, Priority: 0
[EDGAR :: INFO]   Field: CostOfGoodsAndServicesSold, Value: 3941000000, Priority: 2
[EDGAR :: INFO]   Field: CostOfGoodsAndServicesSold, Value: 3941000000, Priority: 2
[EDGAR :: INFO] Selected GrossProfit with value 36729000000 for Gross Profit
[EDGAR :: INFO] Selected GrossProfit with value 36729000000 for Gross Profit
[EDGAR :: DEBUG] Processing report date: 06/2023
[EDGAR :: DEBUG] Processing report date: 06/2023
[EDGAR :: DEBUG] Used function to determine Revenue value: 64699000000
[EDGAR :: DEBUG] Used function to determine Revenue value: 64699000000
[EDGAR :: INFO] Multiple matches found for Gross Profit in report date 06/2023:
[EDGAR :: INFO] Multiple matches found for Gross Profit in report date 06/2023:
[EDGAR :: INFO]   Field: GrossProfit, Value: 146052000000, Priority: 0
[EDGAR :: INFO]   Field: GrossProfit, Value: 146052000000, Priority: 0
[EDGAR :: INFO]   Field: CostOfGoodsAndServicesSold, Value: 17804000000, Priority: 2
[EDGAR :: INFO]   Field: CostOfGoodsAndServicesSold, Value: 17804000000, Priority: 2
[EDGAR :: INFO] Selected GrossProfit with value 146052000000 for Gross Profit
[EDGAR :: INFO] Selected GrossProfit with value 146052000000 for Gross Profit
[EDGAR :: DEBUG] Processing report date: 09/2023
[EDGAR :: DEBUG] Processing report date: 09/2023
[EDGAR :: DEBUG] Used function to determine Revenue value: 15535000000
[EDGAR :: DEBUG] Used function to determine Revenue value: 15535000000
[EDGAR :: INFO] Multiple matches found for Gross Profit in report date 09/2023:
[EDGAR :: INFO] Multiple matches found for Gross Profit in report date 09/2023:
[EDGAR :: INFO]   Field: GrossProfit, Value: 40215000000, Priority: 0
[EDGAR :: INFO]   Field: GrossProfit, Value: 40215000000, Priority: 0
[EDGAR :: INFO]   Field: CostOfGoodsAndServicesSold, Value: 3531000000, Priority: 2
[EDGAR :: INFO]   Field: CostOfGoodsAndServicesSold, Value: 3531000000, Priority: 2
[EDGAR :: INFO] Selected GrossProfit with value 40215000000 for Gross Profit
[EDGAR :: INFO] Selected GrossProfit with value 40215000000 for Gross Profit
[EDGAR :: DEBUG] Processing report date: 12/2023
[EDGAR :: DEBUG] Processing report date: 12/2023
[EDGAR :: DEBUG] Used function to determine Revenue value: 18941000000
[EDGAR :: DEBUG] Used function to determine Revenue value: 18941000000
[EDGAR :: INFO] Multiple matches found for Gross Profit in report date 12/2023:
[EDGAR :: INFO] Multiple matches found for Gross Profit in report date 12/2023:
[EDGAR :: INFO]   Field: GrossProfit, Value: 42397000000, Priority: 0
[EDGAR :: INFO]   Field: GrossProfit, Value: 42397000000, Priority: 0
[EDGAR :: INFO]   Field: CostOfGoodsAndServicesSold, Value: 5964000000, Priority: 2
[EDGAR :: INFO]   Field: CostOfGoodsAndServicesSold, Value: 5964000000, Priority: 2
[EDGAR :: INFO] Selected GrossProfit with value 42397000000 for Gross Profit
[EDGAR :: INFO] Selected GrossProfit with value 42397000000 for Gross Profit
[EDGAR :: DEBUG] Processing report date: 03/2024
[EDGAR :: DEBUG] Processing report date: 03/2024
[EDGAR :: DEBUG] Used function to determine Revenue value: 17080000000
[EDGAR :: DEBUG] Used function to determine Revenue value: 17080000000
[EDGAR :: INFO] Multiple matches found for Gross Profit in report date 03/2024:
[EDGAR :: INFO] Multiple matches found for Gross Profit in report date 03/2024:
[EDGAR :: INFO]   Field: GrossProfit, Value: 43353000000, Priority: 0
[EDGAR :: INFO]   Field: GrossProfit, Value: 43353000000, Priority: 0
[EDGAR :: INFO]   Field: CostOfGoodsAndServicesSold, Value: 4339000000, Priority: 2
[EDGAR :: INFO]   Field: CostOfGoodsAndServicesSold, Value: 4339000000, Priority: 2
[EDGAR :: INFO] Selected GrossProfit with value 43353000000 for Gross Profit
[EDGAR :: INFO] Selected GrossProfit with value 43353000000 for Gross Profit
[EDGAR :: DEBUG] Processing report date: 06/2024
[EDGAR :: DEBUG] Processing report date: 06/2024
[EDGAR :: DEBUG] Used function to determine Revenue value: 64773000000
[EDGAR :: DEBUG] Used function to determine Revenue value: 64773000000
[EDGAR :: INFO] Multiple matches found for Gross Profit in report date 06/2024:
[EDGAR :: INFO] Multiple matches found for Gross Profit in report date 06/2024:
[EDGAR :: INFO]   Field: GrossProfit, Value: 171008000000, Priority: 0
[EDGAR :: INFO]   Field: GrossProfit, Value: 171008000000, Priority: 0
[EDGAR :: INFO]   Field: CostOfGoodsAndServicesSold, Value: 15272000000, Priority: 2
[EDGAR :: INFO]   Field: CostOfGoodsAndServicesSold, Value: 15272000000, Priority: 2
[EDGAR :: INFO] Selected GrossProfit with value 171008000000 for Gross Profit
[EDGAR :: INFO] Selected GrossProfit with value 171008000000 for Gross Profit
[EDGAR :: DEBUG] Processing report date: 09/2024
[EDGAR :: DEBUG] Processing report date: 09/2024
[EDGAR :: DEBUG] Used function to determine Revenue value: 15272000000
[EDGAR :: DEBUG] Used function to determine Revenue value: 15272000000
[EDGAR :: INFO] Multiple matches found for Gross Profit in report date 09/2024:
[EDGAR :: INFO] Multiple matches found for Gross Profit in report date 09/2024:
[EDGAR :: INFO]   Field: GrossProfit, Value: 45486000000, Priority: 0
[EDGAR :: INFO]   Field: GrossProfit, Value: 45486000000, Priority: 0
[EDGAR :: INFO]   Field: CostOfGoodsAndServicesSold, Value: 3294000000, Priority: 2
[EDGAR :: INFO]   Field: CostOfGoodsAndServicesSold, Value: 3294000000, Priority: 2
[EDGAR :: INFO] Selected GrossProfit with value 45486000000 for Gross Profit
[EDGAR :: INFO] Selected GrossProfit with value 45486000000 for Gross Profit
[EDGAR :: DEBUG] Processing report date: 12/2024
[EDGAR :: DEBUG] Processing report date: 12/2024
[EDGAR :: DEBUG] Used function to determine Revenue value: 16219000000
[EDGAR :: DEBUG] Used function to determine Revenue value: 16219000000
[EDGAR :: INFO] Multiple matches found for Gross Profit in report date 12/2024:
[EDGAR :: INFO] Multiple matches found for Gross Profit in report date 12/2024:
[EDGAR :: INFO]   Field: GrossProfit, Value: 47833000000, Priority: 0
[EDGAR :: INFO]   Field: GrossProfit, Value: 47833000000, Priority: 0
[EDGAR :: INFO]   Field: CostOfGoodsAndServicesSold, Value: 3856000000, Priority: 2
[EDGAR :: INFO]   Field: CostOfGoodsAndServicesSold, Value: 3856000000, Priority: 2
[EDGAR :: INFO] Selected GrossProfit with value 47833000000 for Gross Profit
[EDGAR :: INFO] Selected GrossProfit with value 47833000000 for Gross Profit
[EDGAR :: INFO] Creating EdgarInstance for msft with start date 2015-03-16
[EDGAR :: INFO] Found CIK: 0000789019
[EDGAR :: INFO] Fetching filings from: https://data.sec.gov/submissions/CIK0000789019.json
[EDGAR :: DEBUG] Fetching additional filings from: https://data.sec.gov/submissions/CIK0000789019-submissions-001.json
[EDGAR :: INFO] Fetched 40 10-K and 10-Q filings
[EDGAR :: INFO] Processing 10-Q filing for 03/2015
[EDGAR :: DEBUG] Requesting archive page: https://www.sec.gov/Archives/edgar/data/0000789019/000119312515144151
[EDGAR :: INFO] Processing 10-K filing for 06/2015
[EDGAR :: DEBUG] Requesting archive page: https://www.sec.gov/Archives/edgar/data/0000789019/000119312515272806
[EDGAR :: INFO] Processing 10-Q filing for 09/2015
[EDGAR :: DEBUG] Requesting archive page: https://www.sec.gov/Archives/edgar/data/0000789019/000119312515350718
[EDGAR :: INFO] Processing 10-Q filing for 12/2015
[EDGAR :: DEBUG] Requesting archive page: https://www.sec.gov/Archives/edgar/data/0000789019/000119312516441821
[EDGAR :: INFO] Processing 10-Q filing for 03/2016
[EDGAR :: DEBUG] Requesting archive page: https://www.sec.gov/Archives/edgar/data/0000789019/000119312516550254
[EDGAR :: INFO] Processing 10-K filing for 06/2016
[EDGAR :: DEBUG] Requesting archive page: https://www.sec.gov/Archives/edgar/data/0000789019/000119312516662209
[EDGAR :: INFO] Processing 10-Q filing for 09/2016
[EDGAR :: DEBUG] Requesting archive page: https://www.sec.gov/Archives/edgar/data/0000789019/000119312516742796
[EDGAR :: INFO] Processing 10-Q filing for 12/2016
[EDGAR :: DEBUG] Requesting archive page: https://www.sec.gov/Archives/edgar/data/0000789019/000156459017000654
[EDGAR :: INFO] Processing 10-Q filing for 03/2017
[EDGAR :: DEBUG] Requesting archive page: https://www.sec.gov/Archives/edgar/data/0000789019/000156459017007547
[EDGAR :: INFO] Processing 10-K filing for 06/2017
[EDGAR :: DEBUG] Requesting archive page: https://www.sec.gov/Archives/edgar/data/0000789019/000156459017014900
[EDGAR :: INFO] Processing 10-Q filing for 09/2017
[EDGAR :: DEBUG] Requesting archive page: https://www.sec.gov/Archives/edgar/data/0000789019/000156459017020171
[EDGAR :: INFO] Processing 10-Q filing for 12/2017
[EDGAR :: DEBUG] Requesting archive page: https://www.sec.gov/Archives/edgar/data/0000789019/000156459018001129
[EDGAR :: INFO] Processing 10-Q filing for 03/2018
[EDGAR :: DEBUG] Requesting archive page: https://www.sec.gov/Archives/edgar/data/0000789019/000156459018009307
[EDGAR :: INFO] Processing 10-K filing for 06/2018
[EDGAR :: DEBUG] Requesting archive page: https://www.sec.gov/Archives/edgar/data/0000789019/000156459018019062
[EDGAR :: INFO] Processing 10-Q filing for 09/2018
[EDGAR :: DEBUG] Requesting archive page: https://www.sec.gov/Archives/edgar/data/0000789019/000156459018024893
[EDGAR :: INFO] Processing 10-Q filing for 12/2018
[EDGAR :: DEBUG] Requesting archive page: https://www.sec.gov/Archives/edgar/data/0000789019/000156459019001392
[EDGAR :: INFO] Processing 10-Q filing for 03/2019
[EDGAR :: DEBUG] Requesting archive page: https://www.sec.gov/Archives/edgar/data/0000789019/000156459019012709
[EDGAR :: INFO] Processing 10-K filing for 06/2019
[EDGAR :: DEBUG] Requesting archive page: https://www.sec.gov/Archives/edgar/data/0000789019/000156459019027952
[EDGAR :: INFO] Processing 10-Q filing for 09/2019
[EDGAR :: DEBUG] Requesting archive page: https://www.sec.gov/Archives/edgar/data/0000789019/000156459019037549
[EDGAR :: INFO] Processing 10-Q filing for 12/2019
[EDGAR :: DEBUG] Requesting archive page: https://www.sec.gov/Archives/edgar/data/0000789019/000156459020002450
[EDGAR :: INFO] Processing 10-Q filing for 03/2020
[EDGAR :: DEBUG] Requesting archive page: https://www.sec.gov/Archives/edgar/data/0000789019/000156459020019706
[EDGAR :: INFO] Processing 10-K filing for 06/2020
[EDGAR :: DEBUG] Requesting archive page: https://www.sec.gov/Archives/edgar/data/0000789019/000156459020034944
[EDGAR :: INFO] Processing 10-Q filing for 09/2020
[EDGAR :: DEBUG] Requesting archive page: https://www.sec.gov/Archives/edgar/data/0000789019/000156459020047996
[EDGAR :: INFO] Processing 10-Q filing for 12/2020
[EDGAR :: DEBUG] Requesting archive page: https://www.sec.gov/Archives/edgar/data/0000789019/000156459021002316
[EDGAR :: INFO] Processing 10-Q filing for 03/2021
[EDGAR :: DEBUG] Requesting archive page: https://www.sec.gov/Archives/edgar/data/0000789019/000156459021020891
[EDGAR :: INFO] Processing 10-K filing for 06/2021
[EDGAR :: DEBUG] Requesting archive page: https://www.sec.gov/Archives/edgar/data/0000789019/000156459021039151
[EDGAR :: INFO] Processing 10-Q filing for 09/2021
[EDGAR :: DEBUG] Requesting archive page: https://www.sec.gov/Archives/edgar/data/0000789019/000156459021051992
[EDGAR :: INFO] Processing 10-Q filing for 12/2021
[EDGAR :: DEBUG] Requesting archive page: https://www.sec.gov/Archives/edgar/data/0000789019/000156459022002324
[EDGAR :: INFO] Processing 10-Q filing for 03/2022
[EDGAR :: DEBUG] Requesting archive page: https://www.sec.gov/Archives/edgar/data/0000789019/000156459022015675
[EDGAR :: INFO] Processing 10-K filing for 06/2022
[EDGAR :: DEBUG] Requesting archive page: https://www.sec.gov/Archives/edgar/data/0000789019/000156459022026876
[EDGAR :: INFO] Processing 10-Q filing for 09/2022
[EDGAR :: DEBUG] Requesting archive page: https://www.sec.gov/Archives/edgar/data/0000789019/000156459022035087
[EDGAR :: INFO] Processing 10-Q filing for 12/2022
[EDGAR :: DEBUG] Requesting archive page: https://www.sec.gov/Archives/edgar/data/0000789019/000156459023000733
[EDGAR :: INFO] Processing 10-Q filing for 03/2023
[EDGAR :: DEBUG] Requesting archive page: https://www.sec.gov/Archives/edgar/data/0000789019/000095017023014423
[EDGAR :: INFO] Processing 10-K filing for 06/2023
[EDGAR :: DEBUG] Requesting archive page: https://www.sec.gov/Archives/edgar/data/0000789019/000095017023035122
[EDGAR :: INFO] Processing 10-Q filing for 09/2023
[EDGAR :: DEBUG] Requesting archive page: https://www.sec.gov/Archives/edgar/data/0000789019/000095017023054855
[EDGAR :: INFO] Processing 10-Q filing for 12/2023
[EDGAR :: DEBUG] Requesting archive page: https://www.sec.gov/Archives/edgar/data/0000789019/000095017024008814
[EDGAR :: INFO] Processing 10-Q filing for 03/2024
[EDGAR :: DEBUG] Requesting archive page: https://www.sec.gov/Archives/edgar/data/0000789019/000095017024048288
[EDGAR :: INFO] Processing 10-K filing for 06/2024
[EDGAR :: DEBUG] Requesting archive page: https://www.sec.gov/Archives/edgar/data/0000789019/000095017024087843
[EDGAR :: INFO] Processing 10-Q filing for 09/2024
[EDGAR :: DEBUG] Requesting archive page: https://www.sec.gov/Archives/edgar/data/0000789019/000095017024118967
[EDGAR :: INFO] Processing 10-Q filing for 12/2024
[EDGAR :: DEBUG] Requesting archive page: https://www.sec.gov/Archives/edgar/data/0000789019/000095017025010491
[EDGAR :: INFO] Creating EdgarInstance for sofi with start date 2015-03-17
[EDGAR :: INFO] Found CIK: 0001818874
[EDGAR :: INFO] Fetching filings from: https://data.sec.gov/submissions/CIK0001818874.json
[EDGAR :: INFO] Fetched 18 10-K and 10-Q filings
[EDGAR :: INFO] Processing 10-Q filing for 09/2020
[EDGAR :: DEBUG] Requesting archive page: https://www.sec.gov/Archives/edgar/data/0001818874/000110465920128076
[EDGAR :: INFO] Processing 10-K filing for 12/2020
[EDGAR :: DEBUG] Requesting archive page: https://www.sec.gov/Archives/edgar/data/0001818874/000110465921037483
[EDGAR :: INFO] Processing 10-Q filing for 03/2021
[EDGAR :: DEBUG] Requesting archive page: https://www.sec.gov/Archives/edgar/data/0001818874/000110465921070841
[EDGAR :: INFO] Processing 10-Q filing for 06/2021
[EDGAR :: DEBUG] Requesting archive page: https://www.sec.gov/Archives/edgar/data/0001818874/000181887421000037
[EDGAR :: INFO] Processing 10-Q filing for 09/2021
[EDGAR :: DEBUG] Requesting archive page: https://www.sec.gov/Archives/edgar/data/0001818874/000181887421000081
[EDGAR :: INFO] Processing 10-K filing for 12/2021
[EDGAR :: DEBUG] Requesting archive page: https://www.sec.gov/Archives/edgar/data/0001818874/000181887422000031
[EDGAR :: INFO] Processing 10-Q filing for 03/2022
[EDGAR :: DEBUG] Requesting archive page: https://www.sec.gov/Archives/edgar/data/0001818874/000181887422000071
[EDGAR :: INFO] Processing 10-Q filing for 06/2022
[EDGAR :: DEBUG] Requesting archive page: https://www.sec.gov/Archives/edgar/data/0001818874/000181887422000185
[EDGAR :: INFO] Processing 10-Q filing for 09/2022
[EDGAR :: DEBUG] Requesting archive page: https://www.sec.gov/Archives/edgar/data/0001818874/000181887422000241
[EDGAR :: INFO] Processing 10-K filing for 12/2022
[EDGAR :: DEBUG] Requesting archive page: https://www.sec.gov/Archives/edgar/data/0001818874/000181887423000018
[EDGAR :: INFO] Processing 10-Q filing for 03/2023
[EDGAR :: DEBUG] Requesting archive page: https://www.sec.gov/Archives/edgar/data/0001818874/000181887423000095
[EDGAR :: INFO] Processing 10-Q filing for 06/2023
[EDGAR :: DEBUG] Requesting archive page: https://www.sec.gov/Archives/edgar/data/0001818874/000181887423000144
[EDGAR :: INFO] Processing 10-Q filing for 09/2023
[EDGAR :: DEBUG] Requesting archive page: https://www.sec.gov/Archives/edgar/data/0001818874/000181887423000173
[EDGAR :: INFO] Processing 10-K filing for 12/2023
[EDGAR :: DEBUG] Requesting archive page: https://www.sec.gov/Archives/edgar/data/0001818874/000181887424000026
[EDGAR :: INFO] Processing 10-Q filing for 03/2024
[EDGAR :: DEBUG] Requesting archive page: https://www.sec.gov/Archives/edgar/data/0001818874/000181887424000121
[EDGAR :: INFO] Processing 10-Q filing for 06/2024
[EDGAR :: DEBUG] Requesting archive page: https://www.sec.gov/Archives/edgar/data/0001818874/000181887424000175
[EDGAR :: INFO] Processing 10-Q filing for 09/2024
[EDGAR :: DEBUG] Requesting archive page: https://www.sec.gov/Archives/edgar/data/0001818874/000181887424000233
[EDGAR :: INFO] Processing 10-K filing for 12/2024
[EDGAR :: DEBUG] Requesting archive page: https://www.sec.gov/Archives/edgar/data/0001818874/000181887425000016
[EDGAR :: INFO] Populating schema with 25 financial metrics
[EDGAR :: DEBUG] Processing report date: 09/2020
[EDGAR :: DEBUG] Used function to determine Revenue value: None
[EDGAR :: DEBUG] Processing report date: 12/2020
[EDGAR :: DEBUG] Used function to determine Revenue value: None
[EDGAR :: DEBUG] Processing report date: 03/2021
[EDGAR :: DEBUG] Used function to determine Revenue value: None
[EDGAR :: DEBUG] Processing report date: 06/2021
[EDGAR :: DEBUG] Used function to determine Revenue value: 231274000
[EDGAR :: DEBUG] Processing report date: 09/2021
[EDGAR :: DEBUG] Used function to determine Revenue value: 272006000
[EDGAR :: DEBUG] Processing report date: 12/2021
[EDGAR :: DEBUG] Used function to determine Revenue value: 984872000
[EDGAR :: INFO] Multiple matches found for Interest Expense in report date 12/2021:
[EDGAR :: INFO]   Field: InterestExpense, Value: 102776000, Priority: 0
[EDGAR :: INFO]   Field: InterestExpenseDebt, Value: 1200000, Priority: 1
[EDGAR :: INFO] Selected InterestExpense with value 102776000 for Interest Expense
[EDGAR :: DEBUG] Processing report date: 03/2022
[EDGAR :: DEBUG] Used function to determine Revenue value: 330344000
[EDGAR :: DEBUG] Processing report date: 06/2022
[EDGAR :: DEBUG] Used function to determine Revenue value: 362527000
[EDGAR :: DEBUG] Processing report date: 09/2022
[EDGAR :: DEBUG] Used function to determine Revenue value: 423985000
[EDGAR :: DEBUG] Processing report date: 12/2022
[EDGAR :: DEBUG] Used function to determine Revenue value: 1573535000
[EDGAR :: INFO] Multiple matches found for Interest Expense in report date 12/2022:
[EDGAR :: INFO]   Field: InterestExpense, Value: 189275000, Priority: 0
[EDGAR :: INFO]   Field: InterestExpenseDebt, Value: 5100000, Priority: 1
[EDGAR :: INFO] Selected InterestExpense with value 189275000 for Interest Expense
[EDGAR :: DEBUG] Processing report date: 03/2023
[EDGAR :: DEBUG] Used function to determine Revenue value: 472158000
[EDGAR :: INFO] Multiple matches found for Interest Expense in report date 03/2023:
[EDGAR :: INFO]   Field: InterestExpense, Value: 135554000, Priority: 0
[EDGAR :: INFO]   Field: InterestExpenseDebt, Value: 1272000, Priority: 1
[EDGAR :: INFO] Selected InterestExpense with value 135554000 for Interest Expense
[EDGAR :: DEBUG] Processing report date: 06/2023
[EDGAR :: DEBUG] Used function to determine Revenue value: 498018000
[EDGAR :: INFO] Multiple matches found for Interest Expense in report date 06/2023:
[EDGAR :: INFO]   Field: InterestExpense, Value: 178870000, Priority: 0
[EDGAR :: INFO]   Field: InterestExpenseDebt, Value: 1273000, Priority: 1
[EDGAR :: INFO] Selected InterestExpense with value 178870000 for Interest Expense
[EDGAR :: DEBUG] Processing report date: 09/2023
[EDGAR :: DEBUG] Used function to determine Revenue value: 537209000
[EDGAR :: INFO] Multiple matches found for Interest Expense in report date 09/2023:
[EDGAR :: INFO]   Field: InterestExpense, Value: 219307000, Priority: 0
[EDGAR :: INFO]   Field: InterestExpenseDebt, Value: 1274000, Priority: 1
[EDGAR :: INFO] Selected InterestExpense with value 219307000 for Interest Expense
[EDGAR :: DEBUG] Processing report date: 12/2023
[EDGAR :: DEBUG] Used function to determine Revenue value: 2122789000
[EDGAR :: INFO] Multiple matches found for Interest Expense in report date 12/2023:
[EDGAR :: INFO]   Field: InterestExpense, Value: 789327000, Priority: 0
[EDGAR :: INFO]   Field: InterestExpenseDebt, Value: 5100000, Priority: 1
[EDGAR :: INFO] Selected InterestExpense with value 789327000 for Interest Expense
[EDGAR :: DEBUG] Processing report date: 03/2024
[EDGAR :: DEBUG] Used function to determine Revenue value: 644995000
[EDGAR :: INFO] Multiple matches found for Interest Expense in report date 03/2024:
[EDGAR :: INFO]   Field: InterestExpense, Value: 263193000, Priority: 0
[EDGAR :: INFO]   Field: InterestExpenseDebt, Value: 1200000, Priority: 1
[EDGAR :: INFO] Selected InterestExpense with value 263193000 for Interest Expense
[EDGAR :: DEBUG] Processing report date: 06/2024
[EDGAR :: DEBUG] Used function to determine Revenue value: 598618000
[EDGAR :: DEBUG] Processing report date: 09/2024
[EDGAR :: DEBUG] Used function to determine Revenue value: 697121000
[EDGAR :: DEBUG] Processing report date: 12/2024
[EDGAR :: DEBUG] Used function to determine Revenue value: 2674859000
[EDGAR :: INFO] Multiple matches found for Interest Expense in report date 12/2024:
[EDGAR :: INFO]   Field: InterestExpenseDebt, Value: 2700000, Priority: 1
[EDGAR :: INFO]   Field: InterestExpenseDebtExcludingAmortization, Value: 8700000, Priority: 2
[EDGAR :: INFO] Selected InterestExpenseDebt with value 2700000 for Interest Expense
[EDGAR :: INFO] Creating EdgarInstance for msft with start date 2015-03-17
[EDGAR :: INFO] Found CIK: 0000789019
[EDGAR :: INFO] Fetching filings from: https://data.sec.gov/submissions/CIK0000789019.json
[EDGAR :: DEBUG] Fetching additional filings from: https://data.sec.gov/submissions/CIK0000789019-submissions-001.json
[EDGAR :: INFO] Fetched 40 10-K and 10-Q filings
[EDGAR :: INFO] Processing 10-Q filing for 03/2015
[EDGAR :: DEBUG] Requesting archive page: https://www.sec.gov/Archives/edgar/data/0000789019/000119312515144151
[EDGAR :: INFO] Processing 10-K filing for 06/2015
[EDGAR :: DEBUG] Requesting archive page: https://www.sec.gov/Archives/edgar/data/0000789019/000119312515272806
[EDGAR :: INFO] Processing 10-Q filing for 09/2015
[EDGAR :: DEBUG] Requesting archive page: https://www.sec.gov/Archives/edgar/data/0000789019/000119312515350718
[EDGAR :: INFO] Processing 10-Q filing for 12/2015
[EDGAR :: DEBUG] Requesting archive page: https://www.sec.gov/Archives/edgar/data/0000789019/000119312516441821
[EDGAR :: INFO] Processing 10-Q filing for 03/2016
[EDGAR :: DEBUG] Requesting archive page: https://www.sec.gov/Archives/edgar/data/0000789019/000119312516550254
[EDGAR :: INFO] Processing 10-K filing for 06/2016
[EDGAR :: DEBUG] Requesting archive page: https://www.sec.gov/Archives/edgar/data/0000789019/000119312516662209
[EDGAR :: INFO] Processing 10-Q filing for 09/2016
[EDGAR :: DEBUG] Requesting archive page: https://www.sec.gov/Archives/edgar/data/0000789019/000119312516742796
[EDGAR :: INFO] Processing 10-Q filing for 12/2016
[EDGAR :: DEBUG] Requesting archive page: https://www.sec.gov/Archives/edgar/data/0000789019/000156459017000654
[EDGAR :: INFO] Processing 10-Q filing for 03/2017
[EDGAR :: DEBUG] Requesting archive page: https://www.sec.gov/Archives/edgar/data/0000789019/000156459017007547
[EDGAR :: INFO] Processing 10-K filing for 06/2017
[EDGAR :: DEBUG] Requesting archive page: https://www.sec.gov/Archives/edgar/data/0000789019/000156459017014900
[EDGAR :: INFO] Processing 10-Q filing for 09/2017
[EDGAR :: DEBUG] Requesting archive page: https://www.sec.gov/Archives/edgar/data/0000789019/000156459017020171
[EDGAR :: INFO] Processing 10-Q filing for 12/2017
[EDGAR :: DEBUG] Requesting archive page: https://www.sec.gov/Archives/edgar/data/0000789019/000156459018001129
[EDGAR :: INFO] Processing 10-Q filing for 03/2018
[EDGAR :: DEBUG] Requesting archive page: https://www.sec.gov/Archives/edgar/data/0000789019/000156459018009307
[EDGAR :: INFO] Processing 10-K filing for 06/2018
[EDGAR :: DEBUG] Requesting archive page: https://www.sec.gov/Archives/edgar/data/0000789019/000156459018019062
[EDGAR :: INFO] Processing 10-Q filing for 09/2018
[EDGAR :: DEBUG] Requesting archive page: https://www.sec.gov/Archives/edgar/data/0000789019/000156459018024893
[EDGAR :: INFO] Processing 10-Q filing for 12/2018
[EDGAR :: DEBUG] Requesting archive page: https://www.sec.gov/Archives/edgar/data/0000789019/000156459019001392
[EDGAR :: INFO] Processing 10-Q filing for 03/2019
[EDGAR :: DEBUG] Requesting archive page: https://www.sec.gov/Archives/edgar/data/0000789019/000156459019012709
[EDGAR :: INFO] Processing 10-K filing for 06/2019
[EDGAR :: DEBUG] Requesting archive page: https://www.sec.gov/Archives/edgar/data/0000789019/000156459019027952
[EDGAR :: INFO] Processing 10-Q filing for 09/2019
[EDGAR :: DEBUG] Requesting archive page: https://www.sec.gov/Archives/edgar/data/0000789019/000156459019037549
[EDGAR :: INFO] Processing 10-Q filing for 12/2019
[EDGAR :: DEBUG] Requesting archive page: https://www.sec.gov/Archives/edgar/data/0000789019/000156459020002450
[EDGAR :: INFO] Processing 10-Q filing for 03/2020
[EDGAR :: DEBUG] Requesting archive page: https://www.sec.gov/Archives/edgar/data/0000789019/000156459020019706
[EDGAR :: INFO] Processing 10-K filing for 06/2020
[EDGAR :: DEBUG] Requesting archive page: https://www.sec.gov/Archives/edgar/data/0000789019/000156459020034944
[EDGAR :: INFO] Processing 10-Q filing for 09/2020
[EDGAR :: DEBUG] Requesting archive page: https://www.sec.gov/Archives/edgar/data/0000789019/000156459020047996
[EDGAR :: INFO] Processing 10-Q filing for 12/2020
[EDGAR :: DEBUG] Requesting archive page: https://www.sec.gov/Archives/edgar/data/0000789019/000156459021002316
[EDGAR :: INFO] Processing 10-Q filing for 03/2021
[EDGAR :: DEBUG] Requesting archive page: https://www.sec.gov/Archives/edgar/data/0000789019/000156459021020891
[EDGAR :: INFO] Processing 10-K filing for 06/2021
[EDGAR :: DEBUG] Requesting archive page: https://www.sec.gov/Archives/edgar/data/0000789019/000156459021039151
[EDGAR :: INFO] Processing 10-Q filing for 09/2021
[EDGAR :: DEBUG] Requesting archive page: https://www.sec.gov/Archives/edgar/data/0000789019/000156459021051992
[EDGAR :: INFO] Processing 10-Q filing for 12/2021
[EDGAR :: DEBUG] Requesting archive page: https://www.sec.gov/Archives/edgar/data/0000789019/000156459022002324
[EDGAR :: INFO] Processing 10-Q filing for 03/2022
[EDGAR :: DEBUG] Requesting archive page: https://www.sec.gov/Archives/edgar/data/0000789019/000156459022015675
[EDGAR :: INFO] Processing 10-K filing for 06/2022
[EDGAR :: DEBUG] Requesting archive page: https://www.sec.gov/Archives/edgar/data/0000789019/000156459022026876
[EDGAR :: INFO] Processing 10-Q filing for 09/2022
[EDGAR :: DEBUG] Requesting archive page: https://www.sec.gov/Archives/edgar/data/0000789019/000156459022035087
[EDGAR :: INFO] Processing 10-Q filing for 12/2022
[EDGAR :: DEBUG] Requesting archive page: https://www.sec.gov/Archives/edgar/data/0000789019/000156459023000733
[EDGAR :: INFO] Processing 10-Q filing for 03/2023
[EDGAR :: DEBUG] Requesting archive page: https://www.sec.gov/Archives/edgar/data/0000789019/000095017023014423
[EDGAR :: INFO] Processing 10-K filing for 06/2023
[EDGAR :: DEBUG] Requesting archive page: https://www.sec.gov/Archives/edgar/data/0000789019/000095017023035122
[EDGAR :: INFO] Processing 10-Q filing for 09/2023
[EDGAR :: DEBUG] Requesting archive page: https://www.sec.gov/Archives/edgar/data/0000789019/000095017023054855
[EDGAR :: INFO] Processing 10-Q filing for 12/2023
[EDGAR :: DEBUG] Requesting archive page: https://www.sec.gov/Archives/edgar/data/0000789019/000095017024008814
[EDGAR :: INFO] Processing 10-Q filing for 03/2024
[EDGAR :: DEBUG] Requesting archive page: https://www.sec.gov/Archives/edgar/data/0000789019/000095017024048288
[EDGAR :: INFO] Processing 10-K filing for 06/2024
[EDGAR :: DEBUG] Requesting archive page: https://www.sec.gov/Archives/edgar/data/0000789019/000095017024087843
[EDGAR :: INFO] Processing 10-Q filing for 09/2024
[EDGAR :: DEBUG] Requesting archive page: https://www.sec.gov/Archives/edgar/data/0000789019/000095017024118967
[EDGAR :: INFO] Processing 10-Q filing for 12/2024
[EDGAR :: DEBUG] Requesting archive page: https://www.sec.gov/Archives/edgar/data/0000789019/000095017025010491
[EDGAR :: INFO] Populating schema with 25 financial metrics
[EDGAR :: DEBUG] Processing report date: 03/2015
[EDGAR :: DEBUG] Used function to determine Revenue value: 21729000000
[EDGAR :: DEBUG] Processing report date: 06/2015
[EDGAR :: DEBUG] Used function to determine Revenue value: 93580000000
[EDGAR :: DEBUG] Processing report date: 09/2015
[EDGAR :: DEBUG] Used function to determine Revenue value: 20379000000
[EDGAR :: DEBUG] Processing report date: 12/2015
[EDGAR :: DEBUG] Used function to determine Revenue value: 23796000000
[EDGAR :: DEBUG] Processing report date: 03/2016
[EDGAR :: DEBUG] Used function to determine Revenue value: 20531000000
[EDGAR :: DEBUG] Processing report date: 06/2016
[EDGAR :: DEBUG] Used function to determine Revenue value: 85320000000
[EDGAR :: INFO] Multiple matches found for COGS in report date 06/2016:
[EDGAR :: INFO]   Field: CostOfRevenue, Value: 32780000000, Priority: 0
[EDGAR :: INFO]   Field: CostOfGoodsSold, Value: 17880000000, Priority: 2
[EDGAR :: INFO] Selected CostOfRevenue with value 32780000000 for COGS
[EDGAR :: DEBUG] Processing report date: 09/2016
[EDGAR :: DEBUG] Used function to determine Revenue value: 20453000000
[EDGAR :: INFO] Multiple matches found for COGS in report date 09/2016:
[EDGAR :: INFO]   Field: CostOfRevenue, Value: 7844000000, Priority: 0
[EDGAR :: INFO]   Field: CostOfGoodsSold, Value: 3581000000, Priority: 2
[EDGAR :: INFO] Selected CostOfRevenue with value 7844000000 for COGS
[EDGAR :: DEBUG] Processing report date: 12/2016
[EDGAR :: DEBUG] Used function to determine Revenue value: 24090000000
[EDGAR :: INFO] Multiple matches found for COGS in report date 12/2016:
[EDGAR :: INFO]   Field: CostOfRevenue, Value: 9901000000, Priority: 0
[EDGAR :: INFO]   Field: CostOfGoodsSold, Value: 5378000000, Priority: 2
[EDGAR :: INFO] Selected CostOfRevenue with value 9901000000 for COGS
[EDGAR :: DEBUG] Processing report date: 03/2017
[EDGAR :: DEBUG] Used function to determine Revenue value: 22090000000
[EDGAR :: INFO] Multiple matches found for COGS in report date 03/2017:
[EDGAR :: INFO]   Field: CostOfRevenue, Value: 8060000000, Priority: 0
[EDGAR :: INFO]   Field: CostOfGoodsSold, Value: 3075000000, Priority: 2
[EDGAR :: INFO] Selected CostOfRevenue with value 8060000000 for COGS
[EDGAR :: DEBUG] Processing report date: 06/2017
[EDGAR :: DEBUG] Used function to determine Revenue value: 89950000000
[EDGAR :: INFO] Multiple matches found for COGS in report date 06/2017:
[EDGAR :: INFO]   Field: CostOfRevenue, Value: 34261000000, Priority: 0
[EDGAR :: INFO]   Field: CostOfGoodsSold, Value: 15175000000, Priority: 2
[EDGAR :: INFO] Selected CostOfRevenue with value 34261000000 for COGS
[EDGAR :: DEBUG] Processing report date: 09/2017
[EDGAR :: DEBUG] Used function to determine Revenue value: 24538000000
[EDGAR :: INFO] Multiple matches found for COGS in report date 09/2017:
[EDGAR :: INFO]   Field: CostOfRevenue, Value: 8278000000, Priority: 0
[EDGAR :: INFO]   Field: CostOfGoodsSold, Value: 2980000000, Priority: 2
[EDGAR :: INFO] Selected CostOfRevenue with value 8278000000 for COGS
[EDGAR :: DEBUG] Processing report date: 12/2017
[EDGAR :: DEBUG] Used function to determine Revenue value: 28918000000
[EDGAR :: INFO] Multiple matches found for COGS in report date 12/2017:
[EDGAR :: INFO]   Field: CostOfRevenue, Value: 11064000000, Priority: 0
[EDGAR :: INFO]   Field: CostOfGoodsSold, Value: 5498000000, Priority: 2
[EDGAR :: INFO] Selected CostOfRevenue with value 11064000000 for COGS
[EDGAR :: DEBUG] Processing report date: 03/2018
[EDGAR :: DEBUG] Used function to determine Revenue value: 26819000000
[EDGAR :: INFO] Multiple matches found for COGS in report date 03/2018:
[EDGAR :: INFO]   Field: CostOfRevenue, Value: 9269000000, Priority: 0
[EDGAR :: INFO]   Field: CostOfGoodsSold, Value: 3425000000, Priority: 2
[EDGAR :: INFO] Selected CostOfRevenue with value 9269000000 for COGS
[EDGAR :: DEBUG] Processing report date: 06/2018
[EDGAR :: DEBUG] Used function to determine Revenue value: 64497000000
[EDGAR :: DEBUG] Processing report date: 09/2018
[EDGAR :: DEBUG] Used function to determine Revenue value: 17299000000
[EDGAR :: DEBUG] Processing report date: 12/2018
[EDGAR :: DEBUG] Used function to determine Revenue value: 16219000000
[EDGAR :: DEBUG] Processing report date: 03/2019
[EDGAR :: DEBUG] Used function to determine Revenue value: 15448000000
[EDGAR :: DEBUG] Processing report date: 06/2019
[EDGAR :: DEBUG] Used function to determine Revenue value: 66069000000
[EDGAR :: DEBUG] Processing report date: 09/2019
[EDGAR :: DEBUG] Used function to determine Revenue value: 15768000000
[EDGAR :: DEBUG] Processing report date: 12/2019
[EDGAR :: DEBUG] Used function to determine Revenue value: 18255000000
[EDGAR :: DEBUG] Processing report date: 03/2020
[EDGAR :: DEBUG] Used function to determine Revenue value: 15871000000
[EDGAR :: DEBUG] Processing report date: 06/2020
[EDGAR :: DEBUG] Used function to determine Revenue value: 68041000000
[EDGAR :: DEBUG] Processing report date: 09/2020
[EDGAR :: DEBUG] Used function to determine Revenue value: 15803000000
[EDGAR :: DEBUG] Processing report date: 12/2020
[EDGAR :: DEBUG] Used function to determine Revenue value: 19460000000
[EDGAR :: DEBUG] Processing report date: 03/2021
[EDGAR :: DEBUG] Used function to determine Revenue value: 16873000000
[EDGAR :: DEBUG] Processing report date: 06/2021
[EDGAR :: DEBUG] Used function to determine Revenue value: 71074000000
[EDGAR :: DEBUG] Processing report date: 09/2021
[EDGAR :: DEBUG] Used function to determine Revenue value: 16631000000
[EDGAR :: DEBUG] Processing report date: 12/2021
[EDGAR :: DEBUG] Used function to determine Revenue value: 20779000000
[EDGAR :: DEBUG] Processing report date: 03/2022
[EDGAR :: DEBUG] Used function to determine Revenue value: 17366000000
[EDGAR :: DEBUG] Processing report date: 06/2022
[EDGAR :: DEBUG] Used function to determine Revenue value: 72732000000
[EDGAR :: DEBUG] Processing report date: 09/2022
[EDGAR :: DEBUG] Used function to determine Revenue value: 15741000000
[EDGAR :: DEBUG] Processing report date: 12/2022
[EDGAR :: DEBUG] Used function to determine Revenue value: 16517000000
[EDGAR :: DEBUG] Processing report date: 03/2023
[EDGAR :: DEBUG] Used function to determine Revenue value: 15588000000
[EDGAR :: DEBUG] Processing report date: 06/2023
[EDGAR :: DEBUG] Used function to determine Revenue value: 64699000000
[EDGAR :: DEBUG] Processing report date: 09/2023
[EDGAR :: DEBUG] Used function to determine Revenue value: 15535000000
[EDGAR :: DEBUG] Processing report date: 12/2023
[EDGAR :: DEBUG] Used function to determine Revenue value: 18941000000
[EDGAR :: DEBUG] Processing report date: 03/2024
[EDGAR :: DEBUG] Used function to determine Revenue value: 17080000000
[EDGAR :: DEBUG] Processing report date: 06/2024
[EDGAR :: DEBUG] Used function to determine Revenue value: 64773000000
[EDGAR :: DEBUG] Processing report date: 09/2024
[EDGAR :: DEBUG] Used function to determine Revenue value: 15272000000
[EDGAR :: DEBUG] Processing report date: 12/2024
[EDGAR :: DEBUG] Used function to determine Revenue value: 16219000000
[EDGAR :: INFO] Creating EdgarInstance for msft with start date 2015-03-17
[EDGAR :: INFO] Found CIK: 0000789019
[EDGAR :: INFO] Fetching filings from: https://data.sec.gov/submissions/CIK0000789019.json
[EDGAR :: DEBUG] Fetching additional filings from: https://data.sec.gov/submissions/CIK0000789019-submissions-001.json
[EDGAR :: INFO] Fetched 40 10-K and 10-Q filings
[EDGAR :: INFO] Processing 10-Q filing for 03/2015
[EDGAR :: DEBUG] Requesting archive page: https://www.sec.gov/Archives/edgar/data/0000789019/000119312515144151
[EDGAR :: INFO] Processing 10-K filing for 06/2015
[EDGAR :: DEBUG] Requesting archive page: https://www.sec.gov/Archives/edgar/data/0000789019/000119312515272806
[EDGAR :: INFO] Processing 10-Q filing for 09/2015
[EDGAR :: DEBUG] Requesting archive page: https://www.sec.gov/Archives/edgar/data/0000789019/000119312515350718
[EDGAR :: INFO] Processing 10-Q filing for 12/2015
[EDGAR :: DEBUG] Requesting archive page: https://www.sec.gov/Archives/edgar/data/0000789019/000119312516441821
[EDGAR :: INFO] Processing 10-Q filing for 03/2016
[EDGAR :: DEBUG] Requesting archive page: https://www.sec.gov/Archives/edgar/data/0000789019/000119312516550254
[EDGAR :: INFO] Processing 10-K filing for 06/2016
[EDGAR :: DEBUG] Requesting archive page: https://www.sec.gov/Archives/edgar/data/0000789019/000119312516662209
[EDGAR :: INFO] Processing 10-Q filing for 09/2016
[EDGAR :: DEBUG] Requesting archive page: https://www.sec.gov/Archives/edgar/data/0000789019/000119312516742796
[EDGAR :: INFO] Processing 10-Q filing for 12/2016
[EDGAR :: DEBUG] Requesting archive page: https://www.sec.gov/Archives/edgar/data/0000789019/000156459017000654
[EDGAR :: INFO] Processing 10-Q filing for 03/2017
[EDGAR :: DEBUG] Requesting archive page: https://www.sec.gov/Archives/edgar/data/0000789019/000156459017007547
[EDGAR :: INFO] Processing 10-K filing for 06/2017
[EDGAR :: DEBUG] Requesting archive page: https://www.sec.gov/Archives/edgar/data/0000789019/000156459017014900
[EDGAR :: INFO] Processing 10-Q filing for 09/2017
[EDGAR :: DEBUG] Requesting archive page: https://www.sec.gov/Archives/edgar/data/0000789019/000156459017020171
[EDGAR :: INFO] Processing 10-Q filing for 12/2017
[EDGAR :: DEBUG] Requesting archive page: https://www.sec.gov/Archives/edgar/data/0000789019/000156459018001129
[EDGAR :: INFO] Processing 10-Q filing for 03/2018
[EDGAR :: DEBUG] Requesting archive page: https://www.sec.gov/Archives/edgar/data/0000789019/000156459018009307
[EDGAR :: INFO] Processing 10-K filing for 06/2018
[EDGAR :: DEBUG] Requesting archive page: https://www.sec.gov/Archives/edgar/data/0000789019/000156459018019062
[EDGAR :: INFO] Processing 10-Q filing for 09/2018
[EDGAR :: DEBUG] Requesting archive page: https://www.sec.gov/Archives/edgar/data/0000789019/000156459018024893
[EDGAR :: INFO] Processing 10-Q filing for 12/2018
[EDGAR :: DEBUG] Requesting archive page: https://www.sec.gov/Archives/edgar/data/0000789019/000156459019001392
[EDGAR :: INFO] Processing 10-Q filing for 03/2019
[EDGAR :: DEBUG] Requesting archive page: https://www.sec.gov/Archives/edgar/data/0000789019/000156459019012709
[EDGAR :: INFO] Processing 10-K filing for 06/2019
[EDGAR :: DEBUG] Requesting archive page: https://www.sec.gov/Archives/edgar/data/0000789019/000156459019027952
[EDGAR :: INFO] Processing 10-Q filing for 09/2019
[EDGAR :: DEBUG] Requesting archive page: https://www.sec.gov/Archives/edgar/data/0000789019/000156459019037549
[EDGAR :: INFO] Processing 10-Q filing for 12/2019
[EDGAR :: DEBUG] Requesting archive page: https://www.sec.gov/Archives/edgar/data/0000789019/000156459020002450
[EDGAR :: INFO] Processing 10-Q filing for 03/2020
[EDGAR :: DEBUG] Requesting archive page: https://www.sec.gov/Archives/edgar/data/0000789019/000156459020019706
[EDGAR :: INFO] Processing 10-K filing for 06/2020
[EDGAR :: DEBUG] Requesting archive page: https://www.sec.gov/Archives/edgar/data/0000789019/000156459020034944
[EDGAR :: INFO] Processing 10-Q filing for 09/2020
[EDGAR :: DEBUG] Requesting archive page: https://www.sec.gov/Archives/edgar/data/0000789019/000156459020047996
[EDGAR :: INFO] Processing 10-Q filing for 12/2020
[EDGAR :: DEBUG] Requesting archive page: https://www.sec.gov/Archives/edgar/data/0000789019/000156459021002316
[EDGAR :: INFO] Processing 10-Q filing for 03/2021
[EDGAR :: DEBUG] Requesting archive page: https://www.sec.gov/Archives/edgar/data/0000789019/000156459021020891
[EDGAR :: INFO] Processing 10-K filing for 06/2021
[EDGAR :: DEBUG] Requesting archive page: https://www.sec.gov/Archives/edgar/data/0000789019/000156459021039151
[EDGAR :: INFO] Processing 10-Q filing for 09/2021
[EDGAR :: DEBUG] Requesting archive page: https://www.sec.gov/Archives/edgar/data/0000789019/000156459021051992
[EDGAR :: INFO] Processing 10-Q filing for 12/2021
[EDGAR :: DEBUG] Requesting archive page: https://www.sec.gov/Archives/edgar/data/0000789019/000156459022002324
[EDGAR :: INFO] Processing 10-Q filing for 03/2022
[EDGAR :: DEBUG] Requesting archive page: https://www.sec.gov/Archives/edgar/data/0000789019/000156459022015675
[EDGAR :: INFO] Processing 10-K filing for 06/2022
[EDGAR :: DEBUG] Requesting archive page: https://www.sec.gov/Archives/edgar/data/0000789019/000156459022026876
[EDGAR :: INFO] Processing 10-Q filing for 09/2022
[EDGAR :: DEBUG] Requesting archive page: https://www.sec.gov/Archives/edgar/data/0000789019/000156459022035087
[EDGAR :: INFO] Processing 10-Q filing for 12/2022
[EDGAR :: DEBUG] Requesting archive page: https://www.sec.gov/Archives/edgar/data/0000789019/000156459023000733
[EDGAR :: INFO] Processing 10-Q filing for 03/2023
[EDGAR :: DEBUG] Requesting archive page: https://www.sec.gov/Archives/edgar/data/0000789019/000095017023014423
[EDGAR :: INFO] Processing 10-K filing for 06/2023
[EDGAR :: DEBUG] Requesting archive page: https://www.sec.gov/Archives/edgar/data/0000789019/000095017023035122
[EDGAR :: INFO] Processing 10-Q filing for 09/2023
[EDGAR :: DEBUG] Requesting archive page: https://www.sec.gov/Archives/edgar/data/0000789019/000095017023054855
[EDGAR :: INFO] Processing 10-Q filing for 12/2023
[EDGAR :: DEBUG] Requesting archive page: https://www.sec.gov/Archives/edgar/data/0000789019/000095017024008814
[EDGAR :: INFO] Processing 10-Q filing for 03/2024
[EDGAR :: DEBUG] Requesting archive page: https://www.sec.gov/Archives/edgar/data/0000789019/000095017024048288
[EDGAR :: INFO] Processing 10-K filing for 06/2024
[EDGAR :: DEBUG] Requesting archive page: https://www.sec.gov/Archives/edgar/data/0000789019/000095017024087843
[EDGAR :: INFO] Processing 10-Q filing for 09/2024
[EDGAR :: DEBUG] Requesting archive page: https://www.sec.gov/Archives/edgar/data/0000789019/000095017024118967
[EDGAR :: INFO] Processing 10-Q filing for 12/2024
[EDGAR :: DEBUG] Requesting archive page: https://www.sec.gov/Archives/edgar/data/0000789019/000095017025010491
[EDGAR :: INFO] Populating schema with 25 financial metrics
[EDGAR :: DEBUG] Processing report date: 03/2015
[EDGAR :: DEBUG] Used function to determine Revenue value: 21729000000
[EDGAR :: DEBUG] Processing report date: 06/2015
[EDGAR :: DEBUG] Used function to determine Revenue value: 93580000000
[EDGAR :: DEBUG] Processing report date: 09/2015
[EDGAR :: DEBUG] Used function to determine Revenue value: 20379000000
[EDGAR :: DEBUG] Processing report date: 12/2015
[EDGAR :: DEBUG] Used function to determine Revenue value: 23796000000
[EDGAR :: DEBUG] Processing report date: 03/2016
[EDGAR :: DEBUG] Used function to determine Revenue value: 20531000000
[EDGAR :: DEBUG] Processing report date: 06/2016
[EDGAR :: DEBUG] Used function to determine Revenue value: 85320000000
[EDGAR :: INFO] Multiple matches found for COGS in report date 06/2016:
[EDGAR :: INFO]   Field: CostOfRevenue, Value: 32780000000, Priority: 0
[EDGAR :: INFO]   Field: CostOfGoodsSold, Value: 17880000000, Priority: 2
[EDGAR :: INFO] Selected CostOfRevenue with value 32780000000 for COGS
[EDGAR :: DEBUG] Processing report date: 09/2016
[EDGAR :: DEBUG] Used function to determine Revenue value: 20453000000
[EDGAR :: INFO] Multiple matches found for COGS in report date 09/2016:
[EDGAR :: INFO]   Field: CostOfRevenue, Value: 7844000000, Priority: 0
[EDGAR :: INFO]   Field: CostOfGoodsSold, Value: 3581000000, Priority: 2
[EDGAR :: INFO] Selected CostOfRevenue with value 7844000000 for COGS
[EDGAR :: DEBUG] Processing report date: 12/2016
[EDGAR :: DEBUG] Used function to determine Revenue value: 24090000000
[EDGAR :: INFO] Multiple matches found for COGS in report date 12/2016:
[EDGAR :: INFO]   Field: CostOfRevenue, Value: 9901000000, Priority: 0
[EDGAR :: INFO]   Field: CostOfGoodsSold, Value: 5378000000, Priority: 2
[EDGAR :: INFO] Selected CostOfRevenue with value 9901000000 for COGS
[EDGAR :: DEBUG] Processing report date: 03/2017
[EDGAR :: DEBUG] Used function to determine Revenue value: 22090000000
[EDGAR :: INFO] Multiple matches found for COGS in report date 03/2017:
[EDGAR :: INFO]   Field: CostOfRevenue, Value: 8060000000, Priority: 0
[EDGAR :: INFO]   Field: CostOfGoodsSold, Value: 3075000000, Priority: 2
[EDGAR :: INFO] Selected CostOfRevenue with value 8060000000 for COGS
[EDGAR :: DEBUG] Processing report date: 06/2017
[EDGAR :: DEBUG] Used function to determine Revenue value: 89950000000
[EDGAR :: INFO] Multiple matches found for COGS in report date 06/2017:
[EDGAR :: INFO]   Field: CostOfRevenue, Value: 34261000000, Priority: 0
[EDGAR :: INFO]   Field: CostOfGoodsSold, Value: 15175000000, Priority: 2
[EDGAR :: INFO] Selected CostOfRevenue with value 34261000000 for COGS
[EDGAR :: DEBUG] Processing report date: 09/2017
[EDGAR :: DEBUG] Used function to determine Revenue value: 24538000000
[EDGAR :: INFO] Multiple matches found for COGS in report date 09/2017:
[EDGAR :: INFO]   Field: CostOfRevenue, Value: 8278000000, Priority: 0
[EDGAR :: INFO]   Field: CostOfGoodsSold, Value: 2980000000, Priority: 2
[EDGAR :: INFO] Selected CostOfRevenue with value 8278000000 for COGS
[EDGAR :: DEBUG] Processing report date: 12/2017
[EDGAR :: DEBUG] Used function to determine Revenue value: 28918000000
[EDGAR :: INFO] Multiple matches found for COGS in report date 12/2017:
[EDGAR :: INFO]   Field: CostOfRevenue, Value: 11064000000, Priority: 0
[EDGAR :: INFO]   Field: CostOfGoodsSold, Value: 5498000000, Priority: 2
[EDGAR :: INFO] Selected CostOfRevenue with value 11064000000 for COGS
[EDGAR :: DEBUG] Processing report date: 03/2018
[EDGAR :: DEBUG] Used function to determine Revenue value: 26819000000
[EDGAR :: INFO] Multiple matches found for COGS in report date 03/2018:
[EDGAR :: INFO]   Field: CostOfRevenue, Value: 9269000000, Priority: 0
[EDGAR :: INFO]   Field: CostOfGoodsSold, Value: 3425000000, Priority: 2
[EDGAR :: INFO] Selected CostOfRevenue with value 9269000000 for COGS
[EDGAR :: DEBUG] Processing report date: 06/2018
[EDGAR :: DEBUG] Used function to determine Revenue value: 64497000000
[EDGAR :: DEBUG] Processing report date: 09/2018
[EDGAR :: DEBUG] Used function to determine Revenue value: 17299000000
[EDGAR :: DEBUG] Processing report date: 12/2018
[EDGAR :: DEBUG] Used function to determine Revenue value: 16219000000
[EDGAR :: DEBUG] Processing report date: 03/2019
[EDGAR :: DEBUG] Used function to determine Revenue value: 15448000000
[EDGAR :: DEBUG] Processing report date: 06/2019
[EDGAR :: DEBUG] Used function to determine Revenue value: 66069000000
[EDGAR :: DEBUG] Processing report date: 09/2019
[EDGAR :: DEBUG] Used function to determine Revenue value: 15768000000
[EDGAR :: DEBUG] Processing report date: 12/2019
[EDGAR :: DEBUG] Used function to determine Revenue value: 18255000000
[EDGAR :: DEBUG] Processing report date: 03/2020
[EDGAR :: DEBUG] Used function to determine Revenue value: 15871000000
[EDGAR :: DEBUG] Processing report date: 06/2020
[EDGAR :: DEBUG] Used function to determine Revenue value: 68041000000
[EDGAR :: DEBUG] Processing report date: 09/2020
[EDGAR :: DEBUG] Used function to determine Revenue value: 15803000000
[EDGAR :: DEBUG] Processing report date: 12/2020
[EDGAR :: DEBUG] Used function to determine Revenue value: 19460000000
[EDGAR :: DEBUG] Processing report date: 03/2021
[EDGAR :: DEBUG] Used function to determine Revenue value: 16873000000
[EDGAR :: DEBUG] Processing report date: 06/2021
[EDGAR :: DEBUG] Used function to determine Revenue value: 71074000000
[EDGAR :: DEBUG] Processing report date: 09/2021
[EDGAR :: DEBUG] Used function to determine Revenue value: 16631000000
[EDGAR :: DEBUG] Processing report date: 12/2021
[EDGAR :: DEBUG] Used function to determine Revenue value: 20779000000
[EDGAR :: DEBUG] Processing report date: 03/2022
[EDGAR :: DEBUG] Used function to determine Revenue value: 17366000000
[EDGAR :: DEBUG] Processing report date: 06/2022
[EDGAR :: DEBUG] Used function to determine Revenue value: 72732000000
[EDGAR :: DEBUG] Processing report date: 09/2022
[EDGAR :: DEBUG] Used function to determine Revenue value: 15741000000
[EDGAR :: DEBUG] Processing report date: 12/2022
[EDGAR :: DEBUG] Used function to determine Revenue value: 16517000000
[EDGAR :: DEBUG] Processing report date: 03/2023
[EDGAR :: DEBUG] Used function to determine Revenue value: 15588000000
[EDGAR :: DEBUG] Processing report date: 06/2023
[EDGAR :: DEBUG] Used function to determine Revenue value: 64699000000
[EDGAR :: DEBUG] Processing report date: 09/2023
[EDGAR :: DEBUG] Used function to determine Revenue value: 15535000000
[EDGAR :: DEBUG] Processing report date: 12/2023
[EDGAR :: DEBUG] Used function to determine Revenue value: 18941000000
[EDGAR :: DEBUG] Processing report date: 03/2024
[EDGAR :: DEBUG] Used function to determine Revenue value: 17080000000
[EDGAR :: DEBUG] Processing report date: 06/2024
[EDGAR :: DEBUG] Used function to determine Revenue value: 64773000000
[EDGAR :: DEBUG] Processing report date: 09/2024
[EDGAR :: DEBUG] Used function to determine Revenue value: 15272000000
[EDGAR :: DEBUG] Processing report date: 12/2024
[EDGAR :: DEBUG] Used function to determine Revenue value: 16219000000
[EDGAR :: INFO] Creating EdgarInstance for msft with start date 2015-03-17
[EDGAR :: INFO] Found CIK: 0000789019
[EDGAR :: INFO] Fetching filings from: https://data.sec.gov/submissions/CIK0000789019.json
[EDGAR :: DEBUG] Fetching additional filings from: https://data.sec.gov/submissions/CIK0000789019-submissions-001.json
[EDGAR :: INFO] Fetched 40 10-K and 10-Q filings
[EDGAR :: INFO] Processing 10-Q filing for 03/2015
[EDGAR :: DEBUG] Requesting archive page: https://www.sec.gov/Archives/edgar/data/0000789019/000119312515144151
[EDGAR :: ERROR] Error processing filing 000119312515144151: object of type 'NoneType' has no len()
[EDGAR :: INFO] Processing 10-K filing for 06/2015
[EDGAR :: DEBUG] Requesting archive page: https://www.sec.gov/Archives/edgar/data/0000789019/000119312515272806
[EDGAR :: ERROR] Error processing filing 000119312515272806: object of type 'NoneType' has no len()
[EDGAR :: INFO] Processing 10-Q filing for 09/2015
[EDGAR :: DEBUG] Requesting archive page: https://www.sec.gov/Archives/edgar/data/0000789019/000119312515350718
[EDGAR :: ERROR] Error processing filing 000119312515350718: object of type 'NoneType' has no len()
[EDGAR :: INFO] Processing 10-Q filing for 12/2015
[EDGAR :: DEBUG] Requesting archive page: https://www.sec.gov/Archives/edgar/data/0000789019/000119312516441821
[EDGAR :: ERROR] Error processing filing 000119312516441821: object of type 'NoneType' has no len()
[EDGAR :: INFO] Processing 10-Q filing for 03/2016
[EDGAR :: DEBUG] Requesting archive page: https://www.sec.gov/Archives/edgar/data/0000789019/000119312516550254
[EDGAR :: ERROR] Error processing filing 000119312516550254: object of type 'NoneType' has no len()
[EDGAR :: INFO] Processing 10-K filing for 06/2016
[EDGAR :: DEBUG] Requesting archive page: https://www.sec.gov/Archives/edgar/data/0000789019/000119312516662209
[EDGAR :: ERROR] Error processing filing 000119312516662209: object of type 'NoneType' has no len()
[EDGAR :: INFO] Processing 10-Q filing for 09/2016
[EDGAR :: DEBUG] Requesting archive page: https://www.sec.gov/Archives/edgar/data/0000789019/000119312516742796
[EDGAR :: ERROR] Error processing filing 000119312516742796: object of type 'NoneType' has no len()
[EDGAR :: INFO] Processing 10-Q filing for 12/2016
[EDGAR :: DEBUG] Requesting archive page: https://www.sec.gov/Archives/edgar/data/0000789019/000156459017000654
[EDGAR :: ERROR] Error processing filing 000156459017000654: object of type 'NoneType' has no len()
[EDGAR :: INFO] Processing 10-Q filing for 03/2017
[EDGAR :: DEBUG] Requesting archive page: https://www.sec.gov/Archives/edgar/data/0000789019/000156459017007547
[EDGAR :: ERROR] Error processing filing 000156459017007547: object of type 'NoneType' has no len()
[EDGAR :: INFO] Processing 10-K filing for 06/2017
[EDGAR :: DEBUG] Requesting archive page: https://www.sec.gov/Archives/edgar/data/0000789019/000156459017014900
[EDGAR :: ERROR] Error processing filing 000156459017014900: object of type 'NoneType' has no len()
[EDGAR :: INFO] Processing 10-Q filing for 09/2017
[EDGAR :: DEBUG] Requesting archive page: https://www.sec.gov/Archives/edgar/data/0000789019/000156459017020171
[EDGAR :: ERROR] Error processing filing 000156459017020171: object of type 'NoneType' has no len()
[EDGAR :: INFO] Processing 10-Q filing for 12/2017
[EDGAR :: DEBUG] Requesting archive page: https://www.sec.gov/Archives/edgar/data/0000789019/000156459018001129
[EDGAR :: ERROR] Error processing filing 000156459018001129: object of type 'NoneType' has no len()
[EDGAR :: INFO] Processing 10-Q filing for 03/2018
[EDGAR :: DEBUG] Requesting archive page: https://www.sec.gov/Archives/edgar/data/0000789019/000156459018009307
[EDGAR :: ERROR] Error processing filing 000156459018009307: object of type 'NoneType' has no len()
[EDGAR :: INFO] Processing 10-K filing for 06/2018
[EDGAR :: DEBUG] Requesting archive page: https://www.sec.gov/Archives/edgar/data/0000789019/000156459018019062
[EDGAR :: ERROR] Error processing filing 000156459018019062: object of type 'NoneType' has no len()
[EDGAR :: INFO] Processing 10-Q filing for 09/2018
[EDGAR :: DEBUG] Requesting archive page: https://www.sec.gov/Archives/edgar/data/0000789019/000156459018024893
[EDGAR :: ERROR] Error processing filing 000156459018024893: object of type 'NoneType' has no len()
[EDGAR :: INFO] Processing 10-Q filing for 12/2018
[EDGAR :: DEBUG] Requesting archive page: https://www.sec.gov/Archives/edgar/data/0000789019/000156459019001392
[EDGAR :: ERROR] Error processing filing 000156459019001392: object of type 'NoneType' has no len()
[EDGAR :: INFO] Processing 10-Q filing for 03/2019
[EDGAR :: DEBUG] Requesting archive page: https://www.sec.gov/Archives/edgar/data/0000789019/000156459019012709
[EDGAR :: ERROR] Error processing filing 000156459019012709: object of type 'NoneType' has no len()
[EDGAR :: INFO] Processing 10-K filing for 06/2019
[EDGAR :: DEBUG] Requesting archive page: https://www.sec.gov/Archives/edgar/data/0000789019/000156459019027952
[EDGAR :: ERROR] Error processing filing 000156459019027952: object of type 'NoneType' has no len()
[EDGAR :: INFO] Processing 10-Q filing for 09/2019
[EDGAR :: DEBUG] Requesting archive page: https://www.sec.gov/Archives/edgar/data/0000789019/000156459019037549
[EDGAR :: ERROR] Error processing filing 000156459019037549: object of type 'NoneType' has no len()
[EDGAR :: INFO] Processing 10-Q filing for 12/2019
[EDGAR :: DEBUG] Requesting archive page: https://www.sec.gov/Archives/edgar/data/0000789019/000156459020002450
[EDGAR :: ERROR] Error processing filing 000156459020002450: object of type 'NoneType' has no len()
[EDGAR :: INFO] Processing 10-Q filing for 03/2020
[EDGAR :: DEBUG] Requesting archive page: https://www.sec.gov/Archives/edgar/data/0000789019/000156459020019706
[EDGAR :: ERROR] Error processing filing 000156459020019706: object of type 'NoneType' has no len()
[EDGAR :: INFO] Processing 10-K filing for 06/2020
[EDGAR :: DEBUG] Requesting archive page: https://www.sec.gov/Archives/edgar/data/0000789019/000156459020034944
[EDGAR :: ERROR] Error processing filing 000156459020034944: object of type 'NoneType' has no len()
[EDGAR :: INFO] Processing 10-Q filing for 09/2020
[EDGAR :: DEBUG] Requesting archive page: https://www.sec.gov/Archives/edgar/data/0000789019/000156459020047996
[EDGAR :: ERROR] Error processing filing 000156459020047996: object of type 'NoneType' has no len()
[EDGAR :: INFO] Processing 10-Q filing for 12/2020
[EDGAR :: DEBUG] Requesting archive page: https://www.sec.gov/Archives/edgar/data/0000789019/000156459021002316
[EDGAR :: ERROR] Error processing filing 000156459021002316: object of type 'NoneType' has no len()
[EDGAR :: INFO] Processing 10-Q filing for 03/2021
[EDGAR :: DEBUG] Requesting archive page: https://www.sec.gov/Archives/edgar/data/0000789019/000156459021020891
[EDGAR :: ERROR] Error processing filing 000156459021020891: object of type 'NoneType' has no len()
[EDGAR :: INFO] Processing 10-K filing for 06/2021
[EDGAR :: DEBUG] Requesting archive page: https://www.sec.gov/Archives/edgar/data/0000789019/000156459021039151
[EDGAR :: ERROR] Error processing filing 000156459021039151: object of type 'NoneType' has no len()
[EDGAR :: INFO] Processing 10-Q filing for 09/2021
[EDGAR :: DEBUG] Requesting archive page: https://www.sec.gov/Archives/edgar/data/0000789019/000156459021051992
[EDGAR :: ERROR] Error processing filing 000156459021051992: object of type 'NoneType' has no len()
[EDGAR :: INFO] Processing 10-Q filing for 12/2021
[EDGAR :: DEBUG] Requesting archive page: https://www.sec.gov/Archives/edgar/data/0000789019/000156459022002324
[EDGAR :: ERROR] Error processing filing 000156459022002324: object of type 'NoneType' has no len()
[EDGAR :: INFO] Processing 10-Q filing for 03/2022
[EDGAR :: DEBUG] Requesting archive page: https://www.sec.gov/Archives/edgar/data/0000789019/000156459022015675
[EDGAR :: ERROR] Error processing filing 000156459022015675: object of type 'NoneType' has no len()
[EDGAR :: INFO] Processing 10-K filing for 06/2022
[EDGAR :: DEBUG] Requesting archive page: https://www.sec.gov/Archives/edgar/data/0000789019/000156459022026876
[EDGAR :: ERROR] Error processing filing 000156459022026876: object of type 'NoneType' has no len()
[EDGAR :: INFO] Processing 10-Q filing for 09/2022
[EDGAR :: DEBUG] Requesting archive page: https://www.sec.gov/Archives/edgar/data/0000789019/000156459022035087
[EDGAR :: ERROR] Error processing filing 000156459022035087: object of type 'NoneType' has no len()
[EDGAR :: INFO] Processing 10-Q filing for 12/2022
[EDGAR :: DEBUG] Requesting archive page: https://www.sec.gov/Archives/edgar/data/0000789019/000156459023000733
[EDGAR :: ERROR] Error processing filing 000156459023000733: object of type 'NoneType' has no len()
[EDGAR :: INFO] Processing 10-Q filing for 03/2023
[EDGAR :: DEBUG] Requesting archive page: https://www.sec.gov/Archives/edgar/data/0000789019/000095017023014423
[EDGAR :: ERROR] Error processing filing 000095017023014423: object of type 'NoneType' has no len()
[EDGAR :: INFO] Processing 10-K filing for 06/2023
[EDGAR :: DEBUG] Requesting archive page: https://www.sec.gov/Archives/edgar/data/0000789019/000095017023035122
[EDGAR :: ERROR] Error processing filing 000095017023035122: object of type 'NoneType' has no len()
[EDGAR :: INFO] Processing 10-Q filing for 09/2023
[EDGAR :: DEBUG] Requesting archive page: https://www.sec.gov/Archives/edgar/data/0000789019/000095017023054855
[EDGAR :: ERROR] Error processing filing 000095017023054855: object of type 'NoneType' has no len()
[EDGAR :: INFO] Processing 10-Q filing for 12/2023
[EDGAR :: DEBUG] Requesting archive page: https://www.sec.gov/Archives/edgar/data/0000789019/000095017024008814
[EDGAR :: ERROR] Error processing filing 000095017024008814: object of type 'NoneType' has no len()
[EDGAR :: INFO] Processing 10-Q filing for 03/2024
[EDGAR :: DEBUG] Requesting archive page: https://www.sec.gov/Archives/edgar/data/0000789019/000095017024048288
[EDGAR :: ERROR] Error processing filing 000095017024048288: object of type 'NoneType' has no len()
[EDGAR :: INFO] Processing 10-K filing for 06/2024
[EDGAR :: DEBUG] Requesting archive page: https://www.sec.gov/Archives/edgar/data/0000789019/000095017024087843
[EDGAR :: ERROR] Error processing filing 000095017024087843: object of type 'NoneType' has no len()
[EDGAR :: INFO] Processing 10-Q filing for 09/2024
[EDGAR :: DEBUG] Requesting archive page: https://www.sec.gov/Archives/edgar/data/0000789019/000095017024118967
[EDGAR :: ERROR] Error processing filing 000095017024118967: object of type 'NoneType' has no len()
[EDGAR :: INFO] Processing 10-Q filing for 12/2024
[EDGAR :: DEBUG] Requesting archive page: https://www.sec.gov/Archives/edgar/data/0000789019/000095017025010491
[EDGAR :: ERROR] Error processing filing 000095017025010491: object of type 'NoneType' has no len()
[EDGAR :: INFO] Populating schema with 25 financial metrics
[EDGAR :: DEBUG] Processing report date: 03/2015
[EDGAR :: DEBUG] Used function to determine Revenue value: None
[EDGAR :: DEBUG] Processing report date: 06/2015
[EDGAR :: DEBUG] Used function to determine Revenue value: None
[EDGAR :: DEBUG] Processing report date: 09/2015
[EDGAR :: DEBUG] Used function to determine Revenue value: None
[EDGAR :: DEBUG] Processing report date: 12/2015
[EDGAR :: DEBUG] Used function to determine Revenue value: None
[EDGAR :: DEBUG] Processing report date: 03/2016
[EDGAR :: DEBUG] Used function to determine Revenue value: None
[EDGAR :: DEBUG] Processing report date: 06/2016
[EDGAR :: DEBUG] Used function to determine Revenue value: None
[EDGAR :: DEBUG] Processing report date: 09/2016
[EDGAR :: DEBUG] Used function to determine Revenue value: None
[EDGAR :: DEBUG] Processing report date: 12/2016
[EDGAR :: DEBUG] Used function to determine Revenue value: None
[EDGAR :: DEBUG] Processing report date: 03/2017
[EDGAR :: DEBUG] Used function to determine Revenue value: None
[EDGAR :: DEBUG] Processing report date: 06/2017
[EDGAR :: DEBUG] Used function to determine Revenue value: None
[EDGAR :: DEBUG] Processing report date: 09/2017
[EDGAR :: DEBUG] Used function to determine Revenue value: None
[EDGAR :: DEBUG] Processing report date: 12/2017
[EDGAR :: DEBUG] Used function to determine Revenue value: None
[EDGAR :: DEBUG] Processing report date: 03/2018
[EDGAR :: DEBUG] Used function to determine Revenue value: None
[EDGAR :: DEBUG] Processing report date: 06/2018
[EDGAR :: DEBUG] Used function to determine Revenue value: None
[EDGAR :: DEBUG] Processing report date: 09/2018
[EDGAR :: DEBUG] Used function to determine Revenue value: None
[EDGAR :: DEBUG] Processing report date: 12/2018
[EDGAR :: DEBUG] Used function to determine Revenue value: None
[EDGAR :: DEBUG] Processing report date: 03/2019
[EDGAR :: DEBUG] Used function to determine Revenue value: None
[EDGAR :: DEBUG] Processing report date: 06/2019
[EDGAR :: DEBUG] Used function to determine Revenue value: None
[EDGAR :: DEBUG] Processing report date: 09/2019
[EDGAR :: DEBUG] Used function to determine Revenue value: None
[EDGAR :: DEBUG] Processing report date: 12/2019
[EDGAR :: DEBUG] Used function to determine Revenue value: None
[EDGAR :: DEBUG] Processing report date: 03/2020
[EDGAR :: DEBUG] Used function to determine Revenue value: None
[EDGAR :: DEBUG] Processing report date: 06/2020
[EDGAR :: DEBUG] Used function to determine Revenue value: None
[EDGAR :: DEBUG] Processing report date: 09/2020
[EDGAR :: DEBUG] Used function to determine Revenue value: None
[EDGAR :: DEBUG] Processing report date: 12/2020
[EDGAR :: DEBUG] Used function to determine Revenue value: None
[EDGAR :: DEBUG] Processing report date: 03/2021
[EDGAR :: DEBUG] Used function to determine Revenue value: None
[EDGAR :: DEBUG] Processing report date: 06/2021
[EDGAR :: DEBUG] Used function to determine Revenue value: None
[EDGAR :: DEBUG] Processing report date: 09/2021
[EDGAR :: DEBUG] Used function to determine Revenue value: None
[EDGAR :: DEBUG] Processing report date: 12/2021
[EDGAR :: DEBUG] Used function to determine Revenue value: None
[EDGAR :: DEBUG] Processing report date: 03/2022
[EDGAR :: DEBUG] Used function to determine Revenue value: None
[EDGAR :: DEBUG] Processing report date: 06/2022
[EDGAR :: DEBUG] Used function to determine Revenue value: None
[EDGAR :: DEBUG] Processing report date: 09/2022
[EDGAR :: DEBUG] Used function to determine Revenue value: None
[EDGAR :: DEBUG] Processing report date: 12/2022
[EDGAR :: DEBUG] Used function to determine Revenue value: None
[EDGAR :: DEBUG] Processing report date: 03/2023
[EDGAR :: DEBUG] Used function to determine Revenue value: None
[EDGAR :: DEBUG] Processing report date: 06/2023
[EDGAR :: DEBUG] Used function to determine Revenue value: None
[EDGAR :: DEBUG] Processing report date: 09/2023
[EDGAR :: DEBUG] Used function to determine Revenue value: None
[EDGAR :: DEBUG] Processing report date: 12/2023
[EDGAR :: DEBUG] Used function to determine Revenue value: None
[EDGAR :: DEBUG] Processing report date: 03/2024
[EDGAR :: DEBUG] Used function to determine Revenue value: None
[EDGAR :: DEBUG] Processing report date: 06/2024
[EDGAR :: DEBUG] Used function to determine Revenue value: None
[EDGAR :: DEBUG] Processing report date: 09/2024
[EDGAR :: DEBUG] Used function to determine Revenue value: None
[EDGAR :: DEBUG] Processing report date: 12/2024
[EDGAR :: DEBUG] Used function to determine Revenue value: None
[EDGAR :: INFO] Creating EdgarInstance for msft with start date 2015-03-17
[EDGAR :: INFO] Found CIK: 0000789019
[EDGAR :: INFO] Fetching filings from: https://data.sec.gov/submissions/CIK0000789019.json
[EDGAR :: DEBUG] Fetching additional filings from: https://data.sec.gov/submissions/CIK0000789019-submissions-001.json
[EDGAR :: INFO] Fetched 40 10-K and 10-Q filings
[EDGAR :: INFO] Processing 10-Q filing for 03/2015
[EDGAR :: DEBUG] Requesting archive page: https://www.sec.gov/Archives/edgar/data/0000789019/000119312515144151
[EDGAR :: ERROR] Error processing filing 000119312515144151: object of type 'NoneType' has no len()
[EDGAR :: INFO] Processing 10-K filing for 06/2015
[EDGAR :: DEBUG] Requesting archive page: https://www.sec.gov/Archives/edgar/data/0000789019/000119312515272806
[EDGAR :: ERROR] Error processing filing 000119312515272806: object of type 'NoneType' has no len()
[EDGAR :: INFO] Processing 10-Q filing for 09/2015
[EDGAR :: DEBUG] Requesting archive page: https://www.sec.gov/Archives/edgar/data/0000789019/000119312515350718
[EDGAR :: ERROR] Error processing filing 000119312515350718: object of type 'NoneType' has no len()
[EDGAR :: INFO] Processing 10-Q filing for 12/2015
[EDGAR :: DEBUG] Requesting archive page: https://www.sec.gov/Archives/edgar/data/0000789019/000119312516441821
[EDGAR :: ERROR] Error processing filing 000119312516441821: object of type 'NoneType' has no len()
[EDGAR :: INFO] Processing 10-Q filing for 03/2016
[EDGAR :: DEBUG] Requesting archive page: https://www.sec.gov/Archives/edgar/data/0000789019/000119312516550254
[EDGAR :: ERROR] Error processing filing 000119312516550254: object of type 'NoneType' has no len()
[EDGAR :: INFO] Processing 10-K filing for 06/2016
[EDGAR :: DEBUG] Requesting archive page: https://www.sec.gov/Archives/edgar/data/0000789019/000119312516662209
[EDGAR :: ERROR] Error processing filing 000119312516662209: object of type 'NoneType' has no len()
[EDGAR :: INFO] Processing 10-Q filing for 09/2016
[EDGAR :: DEBUG] Requesting archive page: https://www.sec.gov/Archives/edgar/data/0000789019/000119312516742796
[EDGAR :: ERROR] Error processing filing 000119312516742796: object of type 'NoneType' has no len()
[EDGAR :: INFO] Processing 10-Q filing for 12/2016
[EDGAR :: DEBUG] Requesting archive page: https://www.sec.gov/Archives/edgar/data/0000789019/000156459017000654
[EDGAR :: ERROR] Error processing filing 000156459017000654: object of type 'NoneType' has no len()
[EDGAR :: INFO] Processing 10-Q filing for 03/2017
[EDGAR :: DEBUG] Requesting archive page: https://www.sec.gov/Archives/edgar/data/0000789019/000156459017007547
[EDGAR :: ERROR] Error processing filing 000156459017007547: object of type 'NoneType' has no len()
[EDGAR :: INFO] Processing 10-K filing for 06/2017
[EDGAR :: DEBUG] Requesting archive page: https://www.sec.gov/Archives/edgar/data/0000789019/000156459017014900
[EDGAR :: ERROR] Error processing filing 000156459017014900: object of type 'NoneType' has no len()
[EDGAR :: INFO] Processing 10-Q filing for 09/2017
[EDGAR :: DEBUG] Requesting archive page: https://www.sec.gov/Archives/edgar/data/0000789019/000156459017020171
[EDGAR :: ERROR] Error processing filing 000156459017020171: object of type 'NoneType' has no len()
[EDGAR :: INFO] Processing 10-Q filing for 12/2017
[EDGAR :: DEBUG] Requesting archive page: https://www.sec.gov/Archives/edgar/data/0000789019/000156459018001129
[EDGAR :: ERROR] Error processing filing 000156459018001129: object of type 'NoneType' has no len()
[EDGAR :: INFO] Processing 10-Q filing for 03/2018
[EDGAR :: DEBUG] Requesting archive page: https://www.sec.gov/Archives/edgar/data/0000789019/000156459018009307
[EDGAR :: ERROR] Error processing filing 000156459018009307: object of type 'NoneType' has no len()
[EDGAR :: INFO] Processing 10-K filing for 06/2018
[EDGAR :: DEBUG] Requesting archive page: https://www.sec.gov/Archives/edgar/data/0000789019/000156459018019062
[EDGAR :: ERROR] Error processing filing 000156459018019062: object of type 'NoneType' has no len()
[EDGAR :: INFO] Processing 10-Q filing for 09/2018
[EDGAR :: DEBUG] Requesting archive page: https://www.sec.gov/Archives/edgar/data/0000789019/000156459018024893
[EDGAR :: ERROR] Error processing filing 000156459018024893: object of type 'NoneType' has no len()
[EDGAR :: INFO] Processing 10-Q filing for 12/2018
[EDGAR :: DEBUG] Requesting archive page: https://www.sec.gov/Archives/edgar/data/0000789019/000156459019001392
[EDGAR :: ERROR] Error processing filing 000156459019001392: object of type 'NoneType' has no len()
[EDGAR :: INFO] Processing 10-Q filing for 03/2019
[EDGAR :: DEBUG] Requesting archive page: https://www.sec.gov/Archives/edgar/data/0000789019/000156459019012709
[EDGAR :: ERROR] Error processing filing 000156459019012709: object of type 'NoneType' has no len()
[EDGAR :: INFO] Processing 10-K filing for 06/2019
[EDGAR :: DEBUG] Requesting archive page: https://www.sec.gov/Archives/edgar/data/0000789019/000156459019027952
[EDGAR :: ERROR] Error processing filing 000156459019027952: object of type 'NoneType' has no len()
[EDGAR :: INFO] Processing 10-Q filing for 09/2019
[EDGAR :: DEBUG] Requesting archive page: https://www.sec.gov/Archives/edgar/data/0000789019/000156459019037549
[EDGAR :: ERROR] Error processing filing 000156459019037549: object of type 'NoneType' has no len()
[EDGAR :: INFO] Processing 10-Q filing for 12/2019
[EDGAR :: DEBUG] Requesting archive page: https://www.sec.gov/Archives/edgar/data/0000789019/000156459020002450
[EDGAR :: ERROR] Error processing filing 000156459020002450: object of type 'NoneType' has no len()
[EDGAR :: INFO] Processing 10-Q filing for 03/2020
[EDGAR :: DEBUG] Requesting archive page: https://www.sec.gov/Archives/edgar/data/0000789019/000156459020019706
[EDGAR :: ERROR] Error processing filing 000156459020019706: object of type 'NoneType' has no len()
[EDGAR :: INFO] Processing 10-K filing for 06/2020
[EDGAR :: DEBUG] Requesting archive page: https://www.sec.gov/Archives/edgar/data/0000789019/000156459020034944
[EDGAR :: ERROR] Error processing filing 000156459020034944: object of type 'NoneType' has no len()
[EDGAR :: INFO] Processing 10-Q filing for 09/2020
[EDGAR :: DEBUG] Requesting archive page: https://www.sec.gov/Archives/edgar/data/0000789019/000156459020047996
[EDGAR :: ERROR] Error processing filing 000156459020047996: object of type 'NoneType' has no len()
[EDGAR :: INFO] Processing 10-Q filing for 12/2020
[EDGAR :: DEBUG] Requesting archive page: https://www.sec.gov/Archives/edgar/data/0000789019/000156459021002316
[EDGAR :: ERROR] Error processing filing 000156459021002316: object of type 'NoneType' has no len()
[EDGAR :: INFO] Processing 10-Q filing for 03/2021
[EDGAR :: DEBUG] Requesting archive page: https://www.sec.gov/Archives/edgar/data/0000789019/000156459021020891
[EDGAR :: ERROR] Error processing filing 000156459021020891: object of type 'NoneType' has no len()
[EDGAR :: INFO] Processing 10-K filing for 06/2021
[EDGAR :: DEBUG] Requesting archive page: https://www.sec.gov/Archives/edgar/data/0000789019/000156459021039151
[EDGAR :: ERROR] Error processing filing 000156459021039151: object of type 'NoneType' has no len()
[EDGAR :: INFO] Processing 10-Q filing for 09/2021
[EDGAR :: DEBUG] Requesting archive page: https://www.sec.gov/Archives/edgar/data/0000789019/000156459021051992
[EDGAR :: ERROR] Error processing filing 000156459021051992: object of type 'NoneType' has no len()
[EDGAR :: INFO] Processing 10-Q filing for 12/2021
[EDGAR :: DEBUG] Requesting archive page: https://www.sec.gov/Archives/edgar/data/0000789019/000156459022002324
[EDGAR :: ERROR] Error processing filing 000156459022002324: object of type 'NoneType' has no len()
[EDGAR :: INFO] Processing 10-Q filing for 03/2022
[EDGAR :: DEBUG] Requesting archive page: https://www.sec.gov/Archives/edgar/data/0000789019/000156459022015675
[EDGAR :: ERROR] Error processing filing 000156459022015675: object of type 'NoneType' has no len()
[EDGAR :: INFO] Processing 10-K filing for 06/2022
[EDGAR :: DEBUG] Requesting archive page: https://www.sec.gov/Archives/edgar/data/0000789019/000156459022026876
[EDGAR :: ERROR] Error processing filing 000156459022026876: object of type 'NoneType' has no len()
[EDGAR :: INFO] Processing 10-Q filing for 09/2022
[EDGAR :: DEBUG] Requesting archive page: https://www.sec.gov/Archives/edgar/data/0000789019/000156459022035087
[EDGAR :: ERROR] Error processing filing 000156459022035087: object of type 'NoneType' has no len()
[EDGAR :: INFO] Processing 10-Q filing for 12/2022
[EDGAR :: DEBUG] Requesting archive page: https://www.sec.gov/Archives/edgar/data/0000789019/000156459023000733
[EDGAR :: ERROR] Error processing filing 000156459023000733: object of type 'NoneType' has no len()
[EDGAR :: INFO] Processing 10-Q filing for 03/2023
[EDGAR :: DEBUG] Requesting archive page: https://www.sec.gov/Archives/edgar/data/0000789019/000095017023014423
[EDGAR :: ERROR] Error processing filing 000095017023014423: object of type 'NoneType' has no len()
[EDGAR :: INFO] Processing 10-K filing for 06/2023
[EDGAR :: DEBUG] Requesting archive page: https://www.sec.gov/Archives/edgar/data/0000789019/000095017023035122
[EDGAR :: ERROR] Error processing filing 000095017023035122: object of type 'NoneType' has no len()
[EDGAR :: INFO] Processing 10-Q filing for 09/2023
[EDGAR :: DEBUG] Requesting archive page: https://www.sec.gov/Archives/edgar/data/0000789019/000095017023054855
[EDGAR :: ERROR] Error processing filing 000095017023054855: object of type 'NoneType' has no len()
[EDGAR :: INFO] Processing 10-Q filing for 12/2023
[EDGAR :: DEBUG] Requesting archive page: https://www.sec.gov/Archives/edgar/data/0000789019/000095017024008814
[EDGAR :: ERROR] Error processing filing 000095017024008814: object of type 'NoneType' has no len()
[EDGAR :: INFO] Processing 10-Q filing for 03/2024
[EDGAR :: DEBUG] Requesting archive page: https://www.sec.gov/Archives/edgar/data/0000789019/000095017024048288
[EDGAR :: ERROR] Error processing filing 000095017024048288: object of type 'NoneType' has no len()
[EDGAR :: INFO] Processing 10-K filing for 06/2024
[EDGAR :: DEBUG] Requesting archive page: https://www.sec.gov/Archives/edgar/data/0000789019/000095017024087843
[EDGAR :: ERROR] Error processing filing 000095017024087843: object of type 'NoneType' has no len()
[EDGAR :: INFO] Processing 10-Q filing for 09/2024
[EDGAR :: DEBUG] Requesting archive page: https://www.sec.gov/Archives/edgar/data/0000789019/000095017024118967
[EDGAR :: ERROR] Error processing filing 000095017024118967: object of type 'NoneType' has no len()
[EDGAR :: INFO] Processing 10-Q filing for 12/2024
[EDGAR :: DEBUG] Requesting archive page: https://www.sec.gov/Archives/edgar/data/0000789019/000095017025010491
[EDGAR :: ERROR] Error processing filing 000095017025010491: object of type 'NoneType' has no len()
[EDGAR :: INFO] Populating schema with 25 financial metrics
[EDGAR :: DEBUG] Processing report date: 03/2015
[EDGAR :: DEBUG] Used function to determine Revenue value: None
[EDGAR :: DEBUG] Processing report date: 06/2015
[EDGAR :: DEBUG] Used function to determine Revenue value: None
[EDGAR :: DEBUG] Processing report date: 09/2015
[EDGAR :: DEBUG] Used function to determine Revenue value: None
[EDGAR :: DEBUG] Processing report date: 12/2015
[EDGAR :: DEBUG] Used function to determine Revenue value: None
[EDGAR :: DEBUG] Processing report date: 03/2016
[EDGAR :: DEBUG] Used function to determine Revenue value: None
[EDGAR :: DEBUG] Processing report date: 06/2016
[EDGAR :: DEBUG] Used function to determine Revenue value: None
[EDGAR :: DEBUG] Processing report date: 09/2016
[EDGAR :: DEBUG] Used function to determine Revenue value: None
[EDGAR :: DEBUG] Processing report date: 12/2016
[EDGAR :: DEBUG] Used function to determine Revenue value: None
[EDGAR :: DEBUG] Processing report date: 03/2017
[EDGAR :: DEBUG] Used function to determine Revenue value: None
[EDGAR :: DEBUG] Processing report date: 06/2017
[EDGAR :: DEBUG] Used function to determine Revenue value: None
[EDGAR :: DEBUG] Processing report date: 09/2017
[EDGAR :: DEBUG] Used function to determine Revenue value: None
[EDGAR :: DEBUG] Processing report date: 12/2017
[EDGAR :: DEBUG] Used function to determine Revenue value: None
[EDGAR :: DEBUG] Processing report date: 03/2018
[EDGAR :: DEBUG] Used function to determine Revenue value: None
[EDGAR :: DEBUG] Processing report date: 06/2018
[EDGAR :: DEBUG] Used function to determine Revenue value: None
[EDGAR :: DEBUG] Processing report date: 09/2018
[EDGAR :: DEBUG] Used function to determine Revenue value: None
[EDGAR :: DEBUG] Processing report date: 12/2018
[EDGAR :: DEBUG] Used function to determine Revenue value: None
[EDGAR :: DEBUG] Processing report date: 03/2019
[EDGAR :: DEBUG] Used function to determine Revenue value: None
[EDGAR :: DEBUG] Processing report date: 06/2019
[EDGAR :: DEBUG] Used function to determine Revenue value: None
[EDGAR :: DEBUG] Processing report date: 09/2019
[EDGAR :: DEBUG] Used function to determine Revenue value: None
[EDGAR :: DEBUG] Processing report date: 12/2019
[EDGAR :: DEBUG] Used function to determine Revenue value: None
[EDGAR :: DEBUG] Processing report date: 03/2020
[EDGAR :: DEBUG] Used function to determine Revenue value: None
[EDGAR :: DEBUG] Processing report date: 06/2020
[EDGAR :: DEBUG] Used function to determine Revenue value: None
[EDGAR :: DEBUG] Processing report date: 09/2020
[EDGAR :: DEBUG] Used function to determine Revenue value: None
[EDGAR :: DEBUG] Processing report date: 12/2020
[EDGAR :: DEBUG] Used function to determine Revenue value: None
[EDGAR :: DEBUG] Processing report date: 03/2021
[EDGAR :: DEBUG] Used function to determine Revenue value: None
[EDGAR :: DEBUG] Processing report date: 06/2021
[EDGAR :: DEBUG] Used function to determine Revenue value: None
[EDGAR :: DEBUG] Processing report date: 09/2021
[EDGAR :: DEBUG] Used function to determine Revenue value: None
[EDGAR :: DEBUG] Processing report date: 12/2021
[EDGAR :: DEBUG] Used function to determine Revenue value: None
[EDGAR :: DEBUG] Processing report date: 03/2022
[EDGAR :: DEBUG] Used function to determine Revenue value: None
[EDGAR :: DEBUG] Processing report date: 06/2022
[EDGAR :: DEBUG] Used function to determine Revenue value: None
[EDGAR :: DEBUG] Processing report date: 09/2022
[EDGAR :: DEBUG] Used function to determine Revenue value: None
[EDGAR :: DEBUG] Processing report date: 12/2022
[EDGAR :: DEBUG] Used function to determine Revenue value: None
[EDGAR :: DEBUG] Processing report date: 03/2023
[EDGAR :: DEBUG] Used function to determine Revenue value: None
[EDGAR :: DEBUG] Processing report date: 06/2023
[EDGAR :: DEBUG] Used function to determine Revenue value: None
[EDGAR :: DEBUG] Processing report date: 09/2023
[EDGAR :: DEBUG] Used function to determine Revenue value: None
[EDGAR :: DEBUG] Processing report date: 12/2023
[EDGAR :: DEBUG] Used function to determine Revenue value: None
[EDGAR :: DEBUG] Processing report date: 03/2024
[EDGAR :: DEBUG] Used function to determine Revenue value: None
[EDGAR :: DEBUG] Processing report date: 06/2024
[EDGAR :: DEBUG] Used function to determine Revenue value: None
[EDGAR :: DEBUG] Processing report date: 09/2024
[EDGAR :: DEBUG] Used function to determine Revenue value: None
[EDGAR :: DEBUG] Processing report date: 12/2024
[EDGAR :: DEBUG] Used function to determine Revenue value: None
[EDGAR :: INFO] Creating EdgarInstance for msft with start date 2015-03-17
[EDGAR :: INFO] Found CIK: 0000789019
[EDGAR :: INFO] Fetching filings from: https://data.sec.gov/submissions/CIK0000789019.json
[EDGAR :: DEBUG] Fetching additional filings from: https://data.sec.gov/submissions/CIK0000789019-submissions-001.json
[EDGAR :: INFO] Fetched 40 10-K and 10-Q filings
[EDGAR :: INFO] Processing 10-Q filing for 03/2015
[EDGAR :: DEBUG] Requesting archive page: https://www.sec.gov/Archives/edgar/data/0000789019/000119312515144151
[EDGAR :: INFO] Processing 10-K filing for 06/2015
[EDGAR :: DEBUG] Requesting archive page: https://www.sec.gov/Archives/edgar/data/0000789019/000119312515272806
[EDGAR :: INFO] Processing 10-Q filing for 09/2015
[EDGAR :: DEBUG] Requesting archive page: https://www.sec.gov/Archives/edgar/data/0000789019/000119312515350718
[EDGAR :: INFO] Processing 10-Q filing for 12/2015
[EDGAR :: DEBUG] Requesting archive page: https://www.sec.gov/Archives/edgar/data/0000789019/000119312516441821
[EDGAR :: INFO] Processing 10-Q filing for 03/2016
[EDGAR :: DEBUG] Requesting archive page: https://www.sec.gov/Archives/edgar/data/0000789019/000119312516550254
[EDGAR :: INFO] Processing 10-K filing for 06/2016
[EDGAR :: DEBUG] Requesting archive page: https://www.sec.gov/Archives/edgar/data/0000789019/000119312516662209
[EDGAR :: INFO] Processing 10-Q filing for 09/2016
[EDGAR :: DEBUG] Requesting archive page: https://www.sec.gov/Archives/edgar/data/0000789019/000119312516742796
[EDGAR :: INFO] Processing 10-Q filing for 12/2016
[EDGAR :: DEBUG] Requesting archive page: https://www.sec.gov/Archives/edgar/data/0000789019/000156459017000654
[EDGAR :: INFO] Processing 10-Q filing for 03/2017
[EDGAR :: DEBUG] Requesting archive page: https://www.sec.gov/Archives/edgar/data/0000789019/000156459017007547
[EDGAR :: INFO] Processing 10-K filing for 06/2017
[EDGAR :: DEBUG] Requesting archive page: https://www.sec.gov/Archives/edgar/data/0000789019/000156459017014900
[EDGAR :: INFO] Processing 10-Q filing for 09/2017
[EDGAR :: DEBUG] Requesting archive page: https://www.sec.gov/Archives/edgar/data/0000789019/000156459017020171
[EDGAR :: INFO] Processing 10-Q filing for 12/2017
[EDGAR :: DEBUG] Requesting archive page: https://www.sec.gov/Archives/edgar/data/0000789019/000156459018001129
[EDGAR :: INFO] Processing 10-Q filing for 03/2018
[EDGAR :: DEBUG] Requesting archive page: https://www.sec.gov/Archives/edgar/data/0000789019/000156459018009307
[EDGAR :: INFO] Processing 10-K filing for 06/2018
[EDGAR :: DEBUG] Requesting archive page: https://www.sec.gov/Archives/edgar/data/0000789019/000156459018019062
[EDGAR :: INFO] Processing 10-Q filing for 09/2018
[EDGAR :: DEBUG] Requesting archive page: https://www.sec.gov/Archives/edgar/data/0000789019/000156459018024893
[EDGAR :: INFO] Processing 10-Q filing for 12/2018
[EDGAR :: DEBUG] Requesting archive page: https://www.sec.gov/Archives/edgar/data/0000789019/000156459019001392
[EDGAR :: INFO] Processing 10-Q filing for 03/2019
[EDGAR :: DEBUG] Requesting archive page: https://www.sec.gov/Archives/edgar/data/0000789019/000156459019012709
[EDGAR :: INFO] Processing 10-K filing for 06/2019
[EDGAR :: DEBUG] Requesting archive page: https://www.sec.gov/Archives/edgar/data/0000789019/000156459019027952
[EDGAR :: INFO] Processing 10-Q filing for 09/2019
[EDGAR :: DEBUG] Requesting archive page: https://www.sec.gov/Archives/edgar/data/0000789019/000156459019037549
[EDGAR :: INFO] Processing 10-Q filing for 12/2019
[EDGAR :: DEBUG] Requesting archive page: https://www.sec.gov/Archives/edgar/data/0000789019/000156459020002450
[EDGAR :: INFO] Processing 10-Q filing for 03/2020
[EDGAR :: DEBUG] Requesting archive page: https://www.sec.gov/Archives/edgar/data/0000789019/000156459020019706
[EDGAR :: INFO] Processing 10-K filing for 06/2020
[EDGAR :: DEBUG] Requesting archive page: https://www.sec.gov/Archives/edgar/data/0000789019/000156459020034944
[EDGAR :: INFO] Processing 10-Q filing for 09/2020
[EDGAR :: DEBUG] Requesting archive page: https://www.sec.gov/Archives/edgar/data/0000789019/000156459020047996
[EDGAR :: INFO] Processing 10-Q filing for 12/2020
[EDGAR :: DEBUG] Requesting archive page: https://www.sec.gov/Archives/edgar/data/0000789019/000156459021002316
[EDGAR :: INFO] Processing 10-Q filing for 03/2021
[EDGAR :: DEBUG] Requesting archive page: https://www.sec.gov/Archives/edgar/data/0000789019/000156459021020891
[EDGAR :: INFO] Processing 10-K filing for 06/2021
[EDGAR :: DEBUG] Requesting archive page: https://www.sec.gov/Archives/edgar/data/0000789019/000156459021039151
[EDGAR :: INFO] Processing 10-Q filing for 09/2021
[EDGAR :: DEBUG] Requesting archive page: https://www.sec.gov/Archives/edgar/data/0000789019/000156459021051992
[EDGAR :: INFO] Processing 10-Q filing for 12/2021
[EDGAR :: DEBUG] Requesting archive page: https://www.sec.gov/Archives/edgar/data/0000789019/000156459022002324
[EDGAR :: INFO] Processing 10-Q filing for 03/2022
[EDGAR :: DEBUG] Requesting archive page: https://www.sec.gov/Archives/edgar/data/0000789019/000156459022015675
[EDGAR :: INFO] Processing 10-K filing for 06/2022
[EDGAR :: DEBUG] Requesting archive page: https://www.sec.gov/Archives/edgar/data/0000789019/000156459022026876
[EDGAR :: INFO] Processing 10-Q filing for 09/2022
[EDGAR :: DEBUG] Requesting archive page: https://www.sec.gov/Archives/edgar/data/0000789019/000156459022035087
[EDGAR :: INFO] Processing 10-Q filing for 12/2022
[EDGAR :: DEBUG] Requesting archive page: https://www.sec.gov/Archives/edgar/data/0000789019/000156459023000733
[EDGAR :: INFO] Processing 10-Q filing for 03/2023
[EDGAR :: DEBUG] Requesting archive page: https://www.sec.gov/Archives/edgar/data/0000789019/000095017023014423
[EDGAR :: INFO] Processing 10-K filing for 06/2023
[EDGAR :: DEBUG] Requesting archive page: https://www.sec.gov/Archives/edgar/data/0000789019/000095017023035122
[EDGAR :: INFO] Processing 10-Q filing for 09/2023
[EDGAR :: DEBUG] Requesting archive page: https://www.sec.gov/Archives/edgar/data/0000789019/000095017023054855
[EDGAR :: INFO] Processing 10-Q filing for 12/2023
[EDGAR :: DEBUG] Requesting archive page: https://www.sec.gov/Archives/edgar/data/0000789019/000095017024008814
[EDGAR :: INFO] Processing 10-Q filing for 03/2024
[EDGAR :: DEBUG] Requesting archive page: https://www.sec.gov/Archives/edgar/data/0000789019/000095017024048288
[EDGAR :: INFO] Processing 10-K filing for 06/2024
[EDGAR :: DEBUG] Requesting archive page: https://www.sec.gov/Archives/edgar/data/0000789019/000095017024087843
[EDGAR :: INFO] Processing 10-Q filing for 09/2024
[EDGAR :: DEBUG] Requesting archive page: https://www.sec.gov/Archives/edgar/data/0000789019/000095017024118967
[EDGAR :: INFO] Processing 10-Q filing for 12/2024
[EDGAR :: DEBUG] Requesting archive page: https://www.sec.gov/Archives/edgar/data/0000789019/000095017025010491
[EDGAR :: INFO] Populating schema with 25 financial metrics
[EDGAR :: DEBUG] Processing report date: 03/2015
[EDGAR :: DEBUG] Used function to determine Revenue value: 21729000000
[EDGAR :: DEBUG] Processing report date: 06/2015
[EDGAR :: DEBUG] Used function to determine Revenue value: 93580000000
[EDGAR :: DEBUG] Processing report date: 09/2015
[EDGAR :: DEBUG] Used function to determine Revenue value: 20379000000
[EDGAR :: DEBUG] Processing report date: 12/2015
[EDGAR :: DEBUG] Used function to determine Revenue value: 23796000000
[EDGAR :: DEBUG] Processing report date: 03/2016
[EDGAR :: DEBUG] Used function to determine Revenue value: 20531000000
[EDGAR :: DEBUG] Processing report date: 06/2016
[EDGAR :: DEBUG] Used function to determine Revenue value: 85320000000
[EDGAR :: INFO] Multiple matches found for COGS in report date 06/2016:
[EDGAR :: INFO]   Field: CostOfRevenue, Value: 32780000000, Priority: 0
[EDGAR :: INFO]   Field: CostOfGoodsSold, Value: 17880000000, Priority: 2
[EDGAR :: INFO] Selected CostOfRevenue with value 32780000000 for COGS
[EDGAR :: DEBUG] Processing report date: 09/2016
[EDGAR :: DEBUG] Used function to determine Revenue value: 20453000000
[EDGAR :: INFO] Multiple matches found for COGS in report date 09/2016:
[EDGAR :: INFO]   Field: CostOfRevenue, Value: 7844000000, Priority: 0
[EDGAR :: INFO]   Field: CostOfGoodsSold, Value: 3581000000, Priority: 2
[EDGAR :: INFO] Selected CostOfRevenue with value 7844000000 for COGS
[EDGAR :: DEBUG] Processing report date: 12/2016
[EDGAR :: DEBUG] Used function to determine Revenue value: 24090000000
[EDGAR :: INFO] Multiple matches found for COGS in report date 12/2016:
[EDGAR :: INFO]   Field: CostOfRevenue, Value: 9901000000, Priority: 0
[EDGAR :: INFO]   Field: CostOfGoodsSold, Value: 5378000000, Priority: 2
[EDGAR :: INFO] Selected CostOfRevenue with value 9901000000 for COGS
[EDGAR :: DEBUG] Processing report date: 03/2017
[EDGAR :: DEBUG] Used function to determine Revenue value: 22090000000
[EDGAR :: INFO] Multiple matches found for COGS in report date 03/2017:
[EDGAR :: INFO]   Field: CostOfRevenue, Value: 8060000000, Priority: 0
[EDGAR :: INFO]   Field: CostOfGoodsSold, Value: 3075000000, Priority: 2
[EDGAR :: INFO] Selected CostOfRevenue with value 8060000000 for COGS
[EDGAR :: DEBUG] Processing report date: 06/2017
[EDGAR :: DEBUG] Used function to determine Revenue value: 89950000000
[EDGAR :: INFO] Multiple matches found for COGS in report date 06/2017:
[EDGAR :: INFO]   Field: CostOfRevenue, Value: 34261000000, Priority: 0
[EDGAR :: INFO]   Field: CostOfGoodsSold, Value: 15175000000, Priority: 2
[EDGAR :: INFO] Selected CostOfRevenue with value 34261000000 for COGS
[EDGAR :: DEBUG] Processing report date: 09/2017
[EDGAR :: DEBUG] Used function to determine Revenue value: 24538000000
[EDGAR :: INFO] Multiple matches found for COGS in report date 09/2017:
[EDGAR :: INFO]   Field: CostOfRevenue, Value: 8278000000, Priority: 0
[EDGAR :: INFO]   Field: CostOfGoodsSold, Value: 2980000000, Priority: 2
[EDGAR :: INFO] Selected CostOfRevenue with value 8278000000 for COGS
[EDGAR :: DEBUG] Processing report date: 12/2017
[EDGAR :: DEBUG] Used function to determine Revenue value: 28918000000
[EDGAR :: INFO] Multiple matches found for COGS in report date 12/2017:
[EDGAR :: INFO]   Field: CostOfRevenue, Value: 11064000000, Priority: 0
[EDGAR :: INFO]   Field: CostOfGoodsSold, Value: 5498000000, Priority: 2
[EDGAR :: INFO] Selected CostOfRevenue with value 11064000000 for COGS
[EDGAR :: DEBUG] Processing report date: 03/2018
[EDGAR :: DEBUG] Used function to determine Revenue value: 26819000000
[EDGAR :: INFO] Multiple matches found for COGS in report date 03/2018:
[EDGAR :: INFO]   Field: CostOfRevenue, Value: 9269000000, Priority: 0
[EDGAR :: INFO]   Field: CostOfGoodsSold, Value: 3425000000, Priority: 2
[EDGAR :: INFO] Selected CostOfRevenue with value 9269000000 for COGS
[EDGAR :: DEBUG] Processing report date: 06/2018
[EDGAR :: DEBUG] Used function to determine Revenue value: 110360000000
[EDGAR :: DEBUG] Processing report date: 09/2018
[EDGAR :: DEBUG] Used function to determine Revenue value: 29084000000
[EDGAR :: DEBUG] Processing report date: 12/2018
[EDGAR :: DEBUG] Used function to determine Revenue value: 32471000000
[EDGAR :: DEBUG] Processing report date: 03/2019
[EDGAR :: DEBUG] Used function to determine Revenue value: 30571000000
[EDGAR :: DEBUG] Processing report date: 06/2019
[EDGAR :: DEBUG] Used function to determine Revenue value: 125843000000
[EDGAR :: DEBUG] Processing report date: 09/2019
[EDGAR :: DEBUG] Used function to determine Revenue value: 33055000000
[EDGAR :: DEBUG] Processing report date: 12/2019
[EDGAR :: DEBUG] Used function to determine Revenue value: 36906000000
[EDGAR :: DEBUG] Processing report date: 03/2020
[EDGAR :: DEBUG] Used function to determine Revenue value: 35021000000
[EDGAR :: DEBUG] Processing report date: 06/2020
[EDGAR :: DEBUG] Used function to determine Revenue value: 143015000000
[EDGAR :: DEBUG] Processing report date: 09/2020
[EDGAR :: DEBUG] Used function to determine Revenue value: 37154000000
[EDGAR :: DEBUG] Processing report date: 12/2020
[EDGAR :: DEBUG] Used function to determine Revenue value: 43076000000
[EDGAR :: DEBUG] Processing report date: 03/2021
[EDGAR :: DEBUG] Used function to determine Revenue value: 41706000000
[EDGAR :: DEBUG] Processing report date: 06/2021
[EDGAR :: DEBUG] Used function to determine Revenue value: 168088000000
[EDGAR :: DEBUG] Processing report date: 09/2021
[EDGAR :: DEBUG] Used function to determine Revenue value: 45317000000
[EDGAR :: DEBUG] Processing report date: 12/2021
[EDGAR :: DEBUG] Used function to determine Revenue value: 51728000000
[EDGAR :: DEBUG] Processing report date: 03/2022
[EDGAR :: DEBUG] Used function to determine Revenue value: 49360000000
[EDGAR :: DEBUG] Processing report date: 06/2022
[EDGAR :: DEBUG] Used function to determine Revenue value: 198270000000
[EDGAR :: DEBUG] Processing report date: 09/2022
[EDGAR :: DEBUG] Used function to determine Revenue value: 50122000000
[EDGAR :: DEBUG] Processing report date: 12/2022
[EDGAR :: DEBUG] Used function to determine Revenue value: 52747000000
[EDGAR :: DEBUG] Processing report date: 03/2023
[EDGAR :: DEBUG] Used function to determine Revenue value: 52857000000
[EDGAR :: DEBUG] Processing report date: 06/2023
[EDGAR :: DEBUG] Used function to determine Revenue value: 211915000000
[EDGAR :: DEBUG] Processing report date: 09/2023
[EDGAR :: DEBUG] Used function to determine Revenue value: 56517000000
[EDGAR :: DEBUG] Processing report date: 12/2023
[EDGAR :: DEBUG] Used function to determine Revenue value: 62020000000
[EDGAR :: DEBUG] Processing report date: 03/2024
[EDGAR :: DEBUG] Used function to determine Revenue value: 61858000000
[EDGAR :: DEBUG] Processing report date: 06/2024
[EDGAR :: DEBUG] Used function to determine Revenue value: 245122000000
[EDGAR :: DEBUG] Processing report date: 09/2024
[EDGAR :: DEBUG] Used function to determine Revenue value: 65585000000
[EDGAR :: DEBUG] Processing report date: 12/2024
[EDGAR :: DEBUG] Used function to determine Revenue value: 69632000000
